PropertyID,Neighborhood,PropertyType,Bedrooms,Bathrooms,LivingAreaSqFt,LotSizeSqFt,YearBuilt,GarageSpaces,HasBasement,HasPool,Condition,RenovationYear,SchoolRating,CrimeRatePer1000,DistanceToDowntownKm,DaysOnMarket,SaleDate,SalePrice_CAD,AnnualPropertyTaxCAD
MTL-100779,NDG (Notre-Dame-de-Grâce),Triplex,3,,3286,6726.0,1924.0,1.0,0,0,Fair,2013.0,8.0,8.4,8.4,31,2023-01-22,557900,5630
MTL-100246,Griffintown,Semi-Detached,4,2.4,2600,5292.0,1988.0,0.0,1,0,Fair,,7.4,20.4,3.3,13,2021-10-15,947700,9660
MTL-100565,Rosemont-La Petite-Patrie,Condo,1,1.0,858,0.0,2001.0,0.0,1,0,Fair,,7.3,10.3,9.0,37,2023-03-31,369600,3100
MTL-101310,Outremont,Duplex,4,2.5,2735,9433.0,1967.0,3.0,1,0,Good,,9.1,6.9,3.2,24,2022-05-17,931100,9890
MTL-101778,Ville-Marie (Downtown),Condo,3,1.7,1470,0.0,,2.0,1,0,Fair,,5.3,29.1,0.4,57,2022-08-04,556600,4520
MTL-101073,Westmount,Townhouse,3,1.9,2375,7916.0,1990.0,2.0,0,0,Good,,8.8,,2.0,15,2023-04-22,1173300,12250
MTL-101037,Ahuntsic-Cartierville,Detached,5,4.3,3617,5507.0,1927.0,3.0,1,0,Fair,,6.2,11.1,12.6,54,2021-04-29,821200,8770
MTL-102164,Verdun,Triplex,5,3.3,3763,11452.0,1993.0,1.0,1,0,Good,,7.6,14.9,6.9,37,2022-09-25,773700,8340
MTL-101036,Ville-Marie (Downtown),Condo,2,1.2,863,0.0,1992.0,1.0,0,0,Fair,,7.6,28.9,0.7,17,2022-03-13,386700,3160
MTL-100792,Verdun,Detached,5,2.9,3069,9717.0,1992.0,1.0,1,0,Excellent,2007.0,8.2,17.9,6.8,32,2021-03-31,1140900,8480
MTL-100300,Westmount,Triplex,5,2.8,2972,8843.0,2003.0,2.0,0,0,Excellent,,9.9,8.7,3.1,20,2022-06-04,1144200,11480
MTL-102014,Rosemont-La Petite-Patrie,Semi-Detached,3,2.3,2409,4266.0,1961.0,2.0,1,1,Excellent,2019.0,7.5,12.0,9.0,26,2021-12-13,828500,6010
MTL-101853,Laval,Townhouse,4,2.5,2257,8082.0,1927.0,3.0,1,0,Good,,7.0,6.4,14.3,31,2022-04-02,552600,3930
MTL-102172,Le Plateau-Mont-Royal,Duplex,4,2.7,3516,9983.0,2005.0,0.0,0,0,Good,,8.6,16.0,4.7,34,2022-09-25,920300,9980
MTL-101658,Griffintown,Townhouse,2,1.6,1566,2461.0,2019.0,2.0,1,0,Good,,6.8,13.2,1.6,29,2021-04-19,779100,7080
MTL-100212,NDG (Notre-Dame-de-Grâce),Detached,3,1.9,1937,,1982.0,2.0,1,0,Good,1990.0,7.7,9.6,5.5,36,2021-10-06,594400,5540
MTL-102367,Rosemont-La Petite-Patrie,Condo,2,1.2,1140,0.0,1951.0,0.0,1,0,Good,,6.0,11.1,6.8,38,2023-12-15,401100,3690
MTL-100006,Westmount,Triplex,5,3.5,4227,7339.0,1989.0,1.0,1,0,Good,2022.0,9.3,8.9,6.0,36,2021-04-25,1391800,15300
MTL-100529,Laval,Duplex,4,3.3,3029,9846.0,1997.0,1.0,1,0,Fair,2006.0,7.4,11.0,17.1,37,2021-08-27,567500,4370
MTL-101161,Le Plateau-Mont-Royal,Semi-Detached,3,2.1,2212,3525.0,1975.0,0.0,1,0,Good,,7.1,12.3,4.0,35,2023-09-25,762600,6320
MTL-101213,Laval,Duplex,4,2.8,3096,8678.0,2016.0,0.0,0,0,Fair,2021.0,7.7,10.1,12.8,40,2022-10-10,534200,5280
MTL-100293,Griffintown,Condo,1,1.0,1009,0.0,1960.0,1.0,0,0,Good,,,23.0,2.7,11,2021-05-26,534700,5140
MTL-102125,NDG (Notre-Dame-de-Grâce),Duplex,4,2.7,3672,4793.0,2022.0,0.0,1,0,Fair,2022.0,8.9,9.5,6.1,24,2023-10-31,736100,6060
MTL-100562,Le Plateau-Mont-Royal,Semi-Detached,3,2.6,2346,6741.0,1925.0,2.0,1,0,Fair,,7.7,18.4,4.6,16,2021-01-27,671300,6030
MTL-100749,NDG (Notre-Dame-de-Grâce),Duplex,5,4.1,3039,8195.0,,2.0,0,0,Fair,,8.4,13.1,7.1,16,2022-11-25,823900,6830
MTL-101776,NDG (Notre-Dame-de-Grâce),Detached,4,2.6,2371,8299.0,2019.0,1.0,0,0,Good,2022.0,8.4,10.3,5.3,19,2023-05-13,794900,7110
MTL-101273,Westmount,Duplex,4,2.8,2831,10538.0,1924.0,1.0,0,1,Good,,8.2,8.4,5.8,23,2023-03-23,879900,8190
MTL-102493,Griffintown,Duplex,4,3.3,3085,10218.0,1974.0,1.0,0,0,Good,,5.1,15.1,2.8,32,2021-07-25,844600,8340
MTL-101585,Le Plateau-Mont-Royal,Condo,2,1.2,1594,0.0,1985.0,0.0,1,0,Good,,6.8,12.1,2.2,35,2021-06-03,804100,8020
MTL-101290,Griffintown,Condo,1,1.0,679,0.0,2001.0,2.0,0,0,Good,,6.2,18.3,1.4,24,2023-09-12,368500,2620
MTL-102112,Le Plateau-Mont-Royal,Detached,3,2.6,2078,6199.0,,2.0,0,0,Good,2015.0,6.7,11.3,4.6,30,2021-02-17,781000,7400
MTL-102019,NDG (Notre-Dame-de-Grâce),Condo,2,1.4,1210,0.0,2001.0,0.0,1,0,Good,,8.6,15.0,9.2,17,2021-12-06,518600,4320
MTL-100967,Ville-Marie (Downtown),Duplex,3,2.2,2728,5129.0,1994.0,1.0,1,0,Fair,1998.0,6.1,33.9,2.5,38,2023-10-05,626700,5020
MTL-101582,Rosemont-La Petite-Patrie,Duplex,5,3.3,2949,,1959.0,1.0,0,0,Good,1966.0,8.4,13.4,8.4,47,2021-07-14,588200,4830
MTL-102123,Griffintown,Duplex,6,4.9,3620,7714.0,1954.0,,0,0,Fair,1997.0,5.6,19.3,1.4,53,2022-12-12,790800,7640
MTL-100347,Westmount,Condo,1,1.0,852,0.0,2020.0,2.0,1,0,Fair,2020.0,8.6,3.7,3.2,27,2023-01-17,633000,4670
MTL-101337,NDG (Notre-Dame-de-Grâce),Condo,1,1.0,445,0.0,1994.0,2.0,0,0,Poor,,8.7,7.1,6.2,72,2023-01-20,148400,1280
MTL-101463,NDG (Notre-Dame-de-Grâce),Semi-Detached,3,1.7,2244,6211.0,2004.0,0.0,1,0,Good,,8.6,14.7,9.9,35,2023-09-27,704200,5600
MTL-101456,NDG (Notre-Dame-de-Grâce),Townhouse,4,3.1,2361,4338.0,1976.0,2.0,1,0,Good,,8.4,8.4,5.6,29,2023-08-06,653200,5400
MTL-100997,Le Plateau-Mont-Royal,Townhouse,4,3.0,2247,6029.0,1962.0,1.0,1,0,Excellent,1982.0,6.6,19.8,4.2,35,2021-11-18,908000,7010
MTL-100993,Rosemont-La Petite-Patrie,Townhouse,3,2.6,1605,5303.0,1951.0,0.0,1,0,Good,1971.0,6.8,16.1,7.8,36,2023-02-28,492700,4440
MTL-102141,Rosemont-La Petite-Patrie,Condo,1,1.0,910,0.0,1952.0,1.0,1,0,Poor,1993.0,6.7,18.7,8.7,74,2021-11-16,275600,2680
MTL-101104,Saint-Laurent,Condo,1,1.0,930,0.0,2016.0,0.0,0,0,Excellent,,6.5,6.5,14.5,16,2022-05-24,391200,3990
MTL-100393,Ahuntsic-Cartierville,Duplex,4,2.8,3900,9836.0,1970.0,0.0,0,0,Fair,,6.7,9.6,8.3,36,2021-09-15,642200,6040
MTL-102145,Laval,Duplex,5,3.9,3438,8918.0,1931.0,2.0,1,0,Excellent,1959.0,8.4,7.4,18.6,46,2023-06-23,654900,4660
MTL-101115,Rosemont-La Petite-Patrie,Condo,2,1.8,867,0.0,1970.0,0.0,1,0,Good,,7.6,15.8,6.8,27,2022-08-10,363900,2660
MTL-101743,Westmount,Detached,4,3.2,2720,6921.0,2020.0,0.0,1,0,Good,,8.2,5.5,4.9,47,2021-07-24,1380500,10940
MTL-101996,Saint-Laurent,Detached,4,2.9,2558,5070.0,1995.0,1.0,0,0,Fair,2022.0,7.1,8.3,10.8,36,2021-11-12,738200,5520
MTL-101052,Longueuil,Semi-Detached,3,2.3,1899,3139.0,2019.0,1.0,1,1,Poor,2019.0,6.6,8.4,15.8,41,2022-11-21,379700,2870
MTL-100478,Saint-Laurent,Duplex,5,4.0,3659,6018.0,1961.0,0.0,1,0,Good,2009.0,8.8,13.8,12.0,34,2021-07-03,566400,6040
MTL-102056,Verdun,Duplex,5,2.9,3525,7454.0,1974.0,0.0,1,0,Excellent,2015.0,6.2,16.5,7.8,49,2021-05-16,857700,7410
MTL-101253,Le Plateau-Mont-Royal,Duplex,3,1.8,3184,10884.0,2016.0,1.0,1,0,Poor,2021.0,7.5,13.8,4.5,29,2021-08-11,881600,9180
MTL-100600,Le Plateau-Mont-Royal,Condo,1,1.0,1781,0.0,1939.0,0.0,1,0,Poor,,6.7,16.1,4.1,38,2022-04-03,621800,6090
MTL-101421,Verdun,Detached,3,1.7,2370,4229.0,1975.0,2.0,1,0,Excellent,,6.3,12.5,7.0,35,2023-06-22,839600,9210
MTL-100902,Le Plateau-Mont-Royal,Townhouse,2,1.5,1908,7106.0,1945.0,1.0,0,0,Poor,1991.0,7.9,13.6,4.0,63,2022-02-25,512700,4970
MTL-101383,Ville-Marie (Downtown),Condo,1,1.0,1204,0.0,2019.0,0.0,1,0,Good,,5.8,28.6,0.2,25,2021-06-01,628800,6480
MTL-102096,Rosemont-La Petite-Patrie,Duplex,5,3.6,2760,6069.0,1978.0,2.0,0,0,Good,,6.1,12.4,4.1,34,2022-03-03,663300,5540
MTL-100586,Outremont,Detached,3,2.6,2633,3511.0,2022.0,2.0,1,0,Fair,2022.0,8.4,4.8,2.7,52,2023-03-24,1258300,13260
MTL-100631,Longueuil,Triplex,4,3.1,3538,3980.0,2018.0,0.0,0,0,Good,,6.9,9.2,10.5,29,2023-04-28,511800,5330
MTL-100269,Ville-Marie (Downtown),Duplex,4,,3163,5088.0,1963.0,0.0,1,0,Good,,6.1,26.0,0.6,28,2023-03-21,848100,9180
MTL-101431,Verdun,Condo,3,1.9,1280,0.0,1934.0,,1,0,Fair,1938.0,7.0,17.9,8.7,5,2022-12-17,381400,3160
MTL-101531,Rosemont-La Petite-Patrie,Condo,3,2.4,1114,0.0,1986.0,2.0,0,0,Excellent,1998.0,7.4,8.5,8.4,42,2021-08-25,588700,5580
MTL-102171,Outremont,Townhouse,5,4.0,1992,4819.0,1946.0,1.0,1,0,Excellent,1987.0,9.3,3.3,4.3,13,2021-10-18,907800,6420
MTL-101318,Outremont,Triplex,5,3.8,3911,7955.0,,0.0,0,0,Excellent,1992.0,8.5,6.1,2.6,20,2021-08-15,1301500,12410
MTL-102474,Rosemont-La Petite-Patrie,Condo,2,1.4,1225,0.0,1923.0,,1,0,Fair,,7.4,9.8,6.6,18,2021-08-22,420200,3230
MTL-102227,Rosemont-La Petite-Patrie,Triplex,3,1.9,2928,5471.0,2017.0,2.0,0,0,Excellent,2019.0,6.7,8.4,5.8,12,2023-07-28,773400,7690
MTL-100700,Rosemont-La Petite-Patrie,Semi-Detached,3,1.9,2077,5007.0,2010.0,0.0,1,0,Good,,8.1,19.2,5.1,27,2022-04-22,715700,7750
MTL-102004,Ville-Marie (Downtown),Detached,3,2.0,2810,3171.0,2015.0,3.0,0,0,Good,,7.9,23.6,1.4,31,2022-04-05,1142600,12160
MTL-101849,NDG (Notre-Dame-de-Grâce),Duplex,3,2.5,3368,7035.0,2017.0,0.0,1,0,Excellent,,8.0,10.3,7.7,12,2022-12-14,946400,7150
MTL-100111,Le Plateau-Mont-Royal,Condo,3,1.8,1517,0.0,2018.0,0.0,0,0,Good,,8.7,18.5,3.6,19,2023-01-03,792500,7740
MTL-102113,Longueuil,Condo,1,1.0,830,0.0,1947.0,1.0,1,1,Fair,,6.1,7.6,11.0,16,2021-10-10,180500,1480
MTL-101578,Rosemont-La Petite-Patrie,Duplex,4,3.2,3238,9889.0,,0.0,0,0,Fair,,6.3,12.9,7.2,48,2023-08-26,722400,6350
MTL-101344,Ahuntsic-Cartierville,Condo,2,1.1,1084,0.0,2014.0,1.0,0,0,Good,,9.0,9.8,8.5,30,2022-10-23,413800,3590
MTL-100183,Laval,Detached,5,3.6,3148,6627.0,2006.0,0.0,0,0,Good,,8.4,6.5,14.9,60,2023-07-14,713100,6030
MTL-101852,Laval,Detached,5,4.3,2555,3095.0,1967.0,1.0,1,0,Good,,8.0,6.3,13.3,50,2022-05-18,577200,4120
MTL-101538,Le Plateau-Mont-Royal,Duplex,4,3.2,3464,5587.0,2000.0,0.0,1,0,Good,,7.5,17.5,4.6,29,2023-05-05,908800,6760
MTL-101639,Longueuil,Semi-Detached,3,2.3,2103,5277.0,1983.0,3.0,1,0,,,5.2,11.7,13.0,36,2023-12-13,506800,4510
MTL-101511,Ahuntsic-Cartierville,Detached,4,2.7,2409,3890.0,1957.0,1.0,1,0,Good,1958.0,7.5,7.1,12.0,33,2021-02-28,612700,6650
MTL-101888,Ahuntsic-Cartierville,Condo,1,1.0,479,0.0,1959.0,1.0,0,0,Fair,1973.0,8.8,10.4,9.7,30,2022-04-29,135000,1200
MTL-100802,Rosemont-La Petite-Patrie,Semi-Detached,3,2.4,1738,3124.0,1920.0,3.0,1,0,Good,2015.0,7.2,13.6,8.9,41,2021-10-13,529700,4620
MTL-100949,Rosemont-La Petite-Patrie,Condo,3,2.5,1594,0.0,1954.0,2.0,0,0,Excellent,,8.5,14.2,8.5,25,2023-08-30,612300,5830
MTL-101654,Outremont,Condo,1,1.0,842,,,2.0,0,0,Good,,8.5,6.5,3.5,38,2023-11-01,521500,4990
MTL-100713,Griffintown,Duplex,6,4.5,3546,12814.0,1981.0,2.0,1,0,Excellent,2013.0,8.0,15.7,1.4,34,2022-03-06,1230100,9630
MTL-102464,NDG (Notre-Dame-de-Grâce),Detached,3,2.2,2197,3893.0,2000.0,2.0,0,0,Good,,7.6,9.2,6.6,31,2021-07-23,627900,5940
MTL-100893,Griffintown,Condo,1,1.0,891,0.0,1957.0,1.0,0,0,Fair,,5.6,16.3,1.6,44,2021-07-31,387500,3860
MTL-101757,Verdun,Detached,4,2.4,2110,7100.0,2001.0,1.0,1,0,Fair,2002.0,8.4,12.0,7.1,64,2022-06-16,680800,6070
MTL-100602,Le Plateau-Mont-Royal,Townhouse,2,,2356,4850.0,1955.0,0.0,1,1,Fair,,6.3,12.8,2.7,31,2022-09-04,731100,7050
MTL-101296,Le Plateau-Mont-Royal,Semi-Detached,3,1.8,2691,9606.0,1986.0,2.0,1,0,Excellent,2002.0,8.3,14.8,2.1,34,2022-02-23,1078000,11110
MTL-101477,Ahuntsic-Cartierville,Semi-Detached,2,,2390,7046.0,1979.0,1.0,0,0,Excellent,1999.0,,9.2,12.5,24,2021-08-31,636100,5970
MTL-100680,Laval,Condo,1,1.0,1035,0.0,1946.0,0.0,1,0,Good,,7.7,8.4,18.0,22,2021-07-29,292100,2210
MTL-101879,Rosemont-La Petite-Patrie,Semi-Detached,3,,2317,5291.0,1993.0,2.0,1,0,Good,,8.4,17.2,5.0,33,2021-03-26,769100,6830
MTL-100164,Outremont,Semi-Detached,2,1.4,1717,4510.0,1933.0,0.0,0,0,,,8.3,3.4,2.9,23,2021-05-11,574800,5850
MTL-101088,Saint-Laurent,Condo,2,1.5,1667,0.0,1949.0,1.0,0,0,Good,1993.0,8.7,13.8,10.8,23,2022-04-06,494700,4760
MTL-102414,Verdun,Condo,2,1.4,970,0.0,1946.0,3.0,0,0,Fair,,7.6,13.7,7.3,29,2022-12-17,379400,3930
MTL-101367,Longueuil,Duplex,3,2.2,2383,,2007.0,3.0,1,0,Good,,5.4,11.4,14.0,41,2022-01-13,370200,3220
MTL-101663,Verdun,Detached,4,2.7,3145,8379.0,1938.0,0.0,1,0,Good,2021.0,6.1,10.0,7.1,26,2022-02-01,861000,6580
MTL-101420,Ville-Marie (Downtown),Townhouse,5,3.7,2206,3355.0,1927.0,2.0,0,0,Good,1974.0,6.7,,0.8,15,2021-12-17,725400,7810
MTL-100685,Rosemont-La Petite-Patrie,Semi-Detached,4,2.4,2578,7497.0,1981.0,0.0,1,0,Fair,2012.0,6.0,18.1,5.8,14,2023-02-05,684800,5650
MTL-101174,NDG (Notre-Dame-de-Grâce),Semi-Detached,3,1.7,2857,3870.0,1966.0,2.0,1,0,Fair,,7.7,10.5,7.3,39,2022-11-22,771400,8030
MTL-100596,NDG (Notre-Dame-de-Grâce),Townhouse,3,1.7,2121,4655.0,1934.0,0.0,1,0,Excellent,2006.0,8.3,13.8,6.9,18,2023-11-20,643800,6550
MTL-101993,Le Plateau-Mont-Royal,Triplex,3,1.8,3730,7176.0,1940.0,1.0,0,0,Excellent,2013.0,6.2,13.6,2.8,27,2022-12-20,824800,8800
MTL-101119,Le Plateau-Mont-Royal,Condo,2,1.2,1393,0.0,1980.0,1.0,1,0,Excellent,2014.0,6.9,10.1,4.9,54,2023-08-08,786200,7170
MTL-100355,NDG (Notre-Dame-de-Grâce),Semi-Detached,3,2.1,2656,4727.0,1992.0,3.0,1,1,Good,,7.0,10.5,9.9,49,2023-01-26,870600,9120
MTL-102325,Saint-Laurent,Condo,1,1.0,1275,0.0,2013.0,1.0,1,0,Poor,,6.4,5.3,12.2,32,2021-07-09,393200,3540
MTL-102335,Griffintown,Condo,1,1.0,1026,0.0,1971.0,3.0,0,0,Good,2006.0,5.5,17.8,3.0,59,2023-04-15,570000,5780
MTL-100942,NDG (Notre-Dame-de-Grâce),Condo,1,1.0,957,0.0,2014.0,3.0,1,0,Good,2017.0,8.3,12.9,7.2,68,2021-09-25,460100,4120
MTL-100319,Ville-Marie (Downtown),Detached,4,,2273,6851.0,1935.0,1.0,0,1,Fair,1943.0,7.7,26.9,1.3,38,2023-10-11,704200,6210
MTL-100229,NDG (Notre-Dame-de-Grâce),Detached,4,3.0,2789,9396.0,1973.0,1.0,0,0,Excellent,,8.5,14.9,9.4,60,2023-11-22,858600,6910
MTL-101771,Ahuntsic-Cartierville,Townhouse,5,3.7,2474,3723.0,1953.0,,0,0,Good,,6.3,8.2,7.0,92,2023-12-12,675600,6730
MTL-100377,Westmount,Condo,1,1.0,1230,0.0,1955.0,0.0,1,0,Good,,8.6,4.6,4.1,15,2023-07-01,729900,5110
MTL-100991,NDG (Notre-Dame-de-Grâce),Semi-Detached,3,1.8,2369,2800.0,1979.0,0.0,0,0,Poor,,8.1,,6.7,61,2023-06-16,531800,4730
MTL-100216,Ville-Marie (Downtown),Duplex,4,2.5,2875,7421.0,2010.0,1.0,1,0,Excellent,,7.2,21.5,0.9,39,2021-08-24,1069200,9350
MTL-101133,Le Plateau-Mont-Royal,Detached,2,1.4,1922,4387.0,2009.0,3.0,1,0,Good,,7.6,12.1,2.9,27,2021-07-11,773600,7150
MTL-102386,Griffintown,Detached,2,1.7,2270,5653.0,2010.0,0.0,1,0,Good,,7.7,21.9,2.0,40,2022-06-19,908000,9300
MTL-101130,Ahuntsic-Cartierville,Duplex,4,3.1,3196,5470.0,1932.0,1.0,0,0,Excellent,,8.6,6.6,9.3,58,2021-06-24,694800,5260
MTL-101378,Griffintown,Semi-Detached,5,3.4,2451,7060.0,1935.0,1.0,1,1,Good,,7.2,19.5,3.9,40,2023-11-10,841100,7470
MTL-100330,Griffintown,Detached,3,1.9,2502,6095.0,1984.0,1.0,1,0,Poor,,5.2,24.1,3.1,47,2021-01-10,862800,9300
MTL-101577,NDG (Notre-Dame-de-Grâce),Condo,1,1.0,1489,0.0,,1.0,0,0,Poor,,7.0,15.8,10.0,19,2023-02-19,451000,4360
MTL-102468,Verdun,Townhouse,4,3.2,1711,2783.0,2005.0,0.0,0,1,Excellent,2008.0,6.2,15.7,5.4,16,2023-10-08,707500,5690
MTL-100510,Rosemont-La Petite-Patrie,Semi-Detached,2,1.7,1953,4734.0,2013.0,,1,0,Excellent,2021.0,8.9,9.2,8.4,36,2021-05-20,819500,8130
MTL-101800,Saint-Laurent,Condo,1,1.0,901,0.0,1983.0,0.0,0,0,Poor,2013.0,7.8,5.5,12.9,39,2023-02-08,295000,2990
MTL-101937,Laval,Triplex,5,3.2,4573,16073.0,1947.0,0.0,1,0,Good,1960.0,6.2,9.5,14.1,48,2023-10-01,571600,5020
MTL-100245,Longueuil,Triplex,4,3.0,3991,12977.0,1955.0,3.0,1,0,Fair,2003.0,,5.2,11.0,46,2022-11-04,458600,3730
MTL-101207,Verdun,Condo,1,1.0,1123,0.0,1941.0,2.0,1,0,Excellent,,6.3,10.8,8.1,16,2021-06-11,472500,3350
MTL-100228,Longueuil,Condo,1,1.0,921,0.0,1937.0,1.0,1,0,Excellent,,5.4,13.1,14.2,33,2022-01-27,240900,2140
MTL-100317,Le Plateau-Mont-Royal,Condo,3,2.6,724,0.0,1927.0,1.0,0,0,Good,2000.0,8.8,15.5,1.4,68,2021-01-28,302100,2170
MTL-101417,Le Plateau-Mont-Royal,Detached,5,4.2,2580,9728.0,1924.0,0.0,0,0,Good,,8.2,16.6,3.7,38,2022-03-28,766500,8430
MTL-100963,Griffintown,Semi-Detached,4,3.3,1869,4423.0,2021.0,0.0,1,0,Excellent,,8.0,23.5,2.8,47,2021-11-06,848000,7880
MTL-100748,Longueuil,Townhouse,5,4.3,2429,8125.0,1933.0,0.0,1,0,Good,1959.0,5.3,6.1,14.2,41,2023-06-26,513200,4460
MTL-101240,Laval,Townhouse,5,3.8,2349,8616.0,,0.0,1,0,Good,,6.8,11.7,15.2,46,2021-10-12,535500,4470
MTL-102329,Westmount,Semi-Detached,4,3.1,2137,3424.0,1954.0,2.0,0,0,Excellent,,9.5,9.1,2.9,13,2023-02-15,985600,8990
MTL-102201,Le Plateau-Mont-Royal,Condo,1,1.0,1044,0.0,1991.0,2.0,1,0,Fair,2008.0,8.7,13.1,3.0,53,2021-12-15,512800,3780
MTL-100325,Ahuntsic-Cartierville,Triplex,4,3.4,3846,13887.0,2003.0,1.0,0,0,Excellent,2008.0,7.6,7.9,8.6,27,2021-12-21,803900,8740
MTL-100378,Laval,Semi-Detached,4,3.1,2123,2856.0,2014.0,2.0,1,0,Excellent,2022.0,8.3,7.3,18.4,36,2023-04-19,738800,6610
MTL-102330,Ville-Marie (Downtown),Triplex,3,2.1,4105,7752.0,1986.0,2.0,0,0,Excellent,,6.3,30.2,0.2,13,2023-08-13,1086600,9690
MTL-101910,Ville-Marie (Downtown),Condo,2,1.2,999,0.0,2008.0,,1,0,Fair,2014.0,6.1,34.4,1.2,32,2021-04-24,446500,4010
MTL-100361,NDG (Notre-Dame-de-Grâce),Condo,1,1.0,1529,0.0,1927.0,1.0,1,0,Poor,,7.1,14.1,9.7,35,2021-01-26,417000,4010
MTL-100202,Le Plateau-Mont-Royal,Condo,2,1.6,1026,0.0,1936.0,1.0,1,0,Poor,,8.0,11.4,3.8,36,2022-06-18,305900,3360
MTL-101627,Rosemont-La Petite-Patrie,Townhouse,4,3.0,2291,7642.0,1987.0,2.0,0,0,Good,,6.8,16.6,4.3,35,2023-04-04,732500,5960
MTL-100194,Ville-Marie (Downtown),Townhouse,3,2.6,1963,4586.0,1978.0,3.0,1,0,Good,,8.0,29.8,2.6,25,2023-08-05,840200,8370
MTL-101820,Le Plateau-Mont-Royal,Semi-Detached,3,1.9,2096,5133.0,1979.0,2.0,1,0,Excellent,,6.2,19.8,4.1,45,2021-08-26,855100,7590
MTL-102313,NDG (Notre-Dame-de-Grâce),Semi-Detached,3,2.5,2164,4760.0,1933.0,0.0,0,0,Good,,8.6,10.8,5.2,35,2021-08-01,597000,6350
MTL-100456,Westmount,Duplex,4,3.1,3181,9956.0,2009.0,,1,0,Good,2015.0,8.9,6.9,2.9,58,2021-05-20,1197100,10530
MTL-101314,Verdun,Condo,1,,782,0.0,1978.0,3.0,1,0,Fair,1999.0,7.3,11.2,8.3,39,2022-02-13,310900,3200
MTL-102023,Westmount,Semi-Detached,4,3.1,2735,4426.0,1978.0,,1,0,Fair,1983.0,9.4,,2.6,86,2023-02-02,1225600,9500
MTL-102398,NDG (Notre-Dame-de-Grâce),Condo,2,1.7,1527,0.0,,2.0,1,0,Fair,,7.5,8.4,8.9,31,2023-02-20,538100,3980
MTL-100630,Ahuntsic-Cartierville,Triplex,5,4.1,3917,12830.0,1921.0,2.0,0,0,Fair,1967.0,8.5,8.7,8.5,21,2023-08-22,523000,5020
MTL-100907,Griffintown,Townhouse,4,2.5,2140,3981.0,1934.0,2.0,0,0,Fair,,7.5,16.4,2.0,21,2023-01-01,697300,6190
MTL-101875,Rosemont-La Petite-Patrie,Detached,3,1.9,3007,9347.0,1921.0,1.0,1,0,Good,1934.0,7.6,9.1,7.2,36,2021-11-22,721000,6740
MTL-101323,Le Plateau-Mont-Royal,Condo,2,,690,0.0,,2.0,1,0,Excellent,,8.8,20.8,1.8,64,2023-10-21,315100,2250
MTL-102301,Rosemont-La Petite-Patrie,Condo,2,1.2,1248,0.0,1936.0,0.0,1,0,Good,,7.7,15.5,8.8,73,2022-01-16,414300,3610
MTL-102036,Le Plateau-Mont-Royal,Detached,3,2.3,2599,8898.0,1992.0,2.0,1,0,Excellent,,8.7,19.3,2.2,8,2021-01-09,1050300,8290
MTL-100166,Ville-Marie (Downtown),Condo,1,1.0,1352,0.0,1948.0,1.0,0,0,Poor,,5.0,31.2,0.6,14,2021-08-11,509000,4840
MTL-100824,Rosemont-La Petite-Patrie,Triplex,3,1.7,3755,12144.0,1927.0,3.0,0,0,Fair,1951.0,,16.0,8.1,43,2023-06-02,581900,4810
MTL-100557,Westmount,Condo,2,1.3,17805,0.0,1985.0,2.0,0,0,Good,,8.1,8.7,3.0,46,2022-03-27,667200,4980
MTL-100488,Saint-Laurent,Duplex,5,4.1,3211,11300.0,1936.0,0.0,0,0,Poor,,7.1,13.2,13.3,36,2021-03-03,405500,3060
MTL-100410,Ville-Marie (Downtown),Condo,2,1.7,891,0.0,1931.0,1.0,1,0,Good,1967.0,,30.2,0.3,40,2022-01-04,387500,3680
MTL-100356,Westmount,Condo,1,1.0,1338,0.0,2010.0,1.0,0,0,Excellent,2010.0,8.1,3.7,5.0,28,2021-06-09,926600,9990
MTL-101488,Griffintown,Condo,2,1.7,1508,0.0,2018.0,0.0,0,1,Fair,,7.6,14.0,3.2,39,2023-01-10,867100,9120
MTL-100764,Westmount,Triplex,6,5.0,4296,7494.0,1951.0,1.0,1,0,Excellent,,8.8,7.4,2.8,35,2022-04-06,1420400,12850
MTL-101965,Rosemont-La Petite-Patrie,Detached,2,1.8,2290,8698.0,1961.0,1.0,1,0,Good,,7.9,,7.2,62,2023-12-06,678900,5870
MTL-101737,Le Plateau-Mont-Royal,Duplex,3,1.8,3479,7244.0,1962.0,2.0,0,0,Fair,2011.0,7.3,15.7,2.3,34,2023-10-11,882100,8910
MTL-101806,NDG (Notre-Dame-de-Grâce),Detached,4,2.6,3198,10368.0,1974.0,2.0,1,0,Fair,,8.0,9.9,5.8,25,2023-11-08,779500,8300
MTL-101480,Laval,Triplex,4,3.3,3999,13486.0,2004.0,1.0,1,0,Good,,7.0,9.2,19.5,9,2021-11-16,624100,5780
MTL-101876,Rosemont-La Petite-Patrie,Detached,3,2.4,2627,3882.0,1986.0,1.0,1,0,Fair,,7.7,16.8,5.5,29,2023-01-03,754000,6180
MTL-102391,Le Plateau-Mont-Royal,Condo,1,1.0,534,0.0,1931.0,1.0,1,0,Fair,,6.7,10.1,1.4,42,2023-03-27,184600,1770
MTL-102352,Rosemont-La Petite-Patrie,Triplex,4,2.3,4168,14839.0,1949.0,0.0,1,0,Good,,8.1,,4.3,45,2021-04-04,790500,5760
MTL-101669,Laval,Condo,1,1.0,858,0.0,2017.0,,1,0,Good,2019.0,9.0,,20.7,67,2021-01-24,315500,2590
MTL-102436,Griffintown,Townhouse,3,2.1,1687,4344.0,1942.0,2.0,1,0,Fair,,7.2,23.2,2.0,47,2022-11-14,608900,4900
MTL-101695,Outremont,Condo,2,1.2,1035,0.0,1979.0,0.0,1,0,Good,2014.0,9.4,3.1,5.9,53,2021-06-13,635800,6820
MTL-101604,Outremont,Condo,2,1.2,1771,0.0,1978.0,,0,0,Good,1987.0,9.5,6.8,3.2,32,2022-08-12,998200,10550
MTL-101415,Longueuil,Detached,3,2.2,2008,6735.0,1956.0,2.0,0,1,Fair,,5.2,9.7,13.9,51,2021-08-08,391600,3110
MTL-101842,Verdun,Triplex,3,2.5,3332,4418.0,1997.0,2.0,0,0,Excellent,,6.6,9.2,7.2,54,2022-12-21,770600,6990
MTL-102372,NDG (Notre-Dame-de-Grâce),Condo,1,1.0,1610,0.0,1922.0,2.0,1,0,Good,,8.9,6.6,7.5,15,2021-07-01,557500,4110
MTL-102294,Westmount,Condo,1,1.0,872,0.0,1969.0,0.0,1,0,Fair,,9.5,7.8,3.0,85,2021-10-24,505300,4320
MTL-101422,Westmount,Triplex,3,2.3,3830,5133.0,1992.0,0.0,1,0,Fair,2006.0,8.3,3.8,5.2,31,2021-03-05,1024000,9500
MTL-101450,Verdun,Condo,3,1.9,1483,0.0,1944.0,0.0,1,0,Excellent,,7.5,17.3,6.0,38,2023-09-10,646600,5890
MTL-100563,Westmount,Duplex,4,2.4,2846,8154.0,2008.0,2.0,0,0,Good,,9.5,7.0,3.5,18,2023-11-25,1170400,8320
MTL-100911,Ville-Marie (Downtown),Condo,3,2.7,1485,0.0,1956.0,0.0,0,0,,,7.3,34.2,1.7,36,2022-01-22,598600,6250
MTL-100751,Longueuil,Condo,2,1.8,1359,0.0,1936.0,1.0,1,0,Fair,,6.0,6.6,13.2,25,2023-06-18,305500,3020
MTL-102402,Griffintown,Condo,2,1.2,1784,0.0,1949.0,1.0,0,0,Excellent,,,14.9,2.4,47,2022-12-13,1036200,9000
MTL-100312,Westmount,Duplex,6,3.5,3348,6083.0,1981.0,1.0,1,0,,,8.6,8.3,3.3,34,2021-01-27,1046000,11200
MTL-102354,Ahuntsic-Cartierville,Duplex,3,2.6,3015,5461.0,,0.0,1,0,Fair,,7.8,7.1,9.6,15,2023-08-30,581800,4670
MTL-101060,Laval,Condo,2,1.2,1327,0.0,1935.0,0.0,1,0,Excellent,,8.9,9.3,14.1,29,2023-06-05,397000,4300
MTL-102492,Ahuntsic-Cartierville,Detached,3,2.1,2848,4653.0,1986.0,1.0,1,0,Excellent,,7.9,6.4,10.6,23,2022-06-24,850200,7100
MTL-101830,Saint-Laurent,Condo,3,2.4,971,0.0,1989.0,3.0,1,0,Fair,,7.7,,11.4,25,2023-01-14,381700,3320
MTL-101579,Rosemont-La Petite-Patrie,Condo,2,1.2,1514,0.0,2014.0,0.0,1,0,Good,2023.0,8.8,12.2,7.5,56,2023-10-15,701500,5100
MTL-100615,Longueuil,Townhouse,4,2.6,2224,,1944.0,0.0,1,0,Good,,5.3,12.1,10.3,19,2023-07-17,463400,3490
MTL-102374,NDG (Notre-Dame-de-Grâce),Condo,1,1.0,736,0.0,2004.0,0.0,1,0,Excellent,2019.0,7.7,7.9,7.6,26,2021-11-06,323200,3480
MTL-101069,Ville-Marie (Downtown),Triplex,3,1.9,4277,16201.0,1982.0,1.0,1,0,Excellent,,5.6,22.7,3.0,49,2022-06-27,1085900,9770
MTL-101909,Le Plateau-Mont-Royal,Semi-Detached,3,2.2,2134,4322.0,2022.0,1.0,1,0,Excellent,,7.6,16.2,1.3,27,2023-10-07,929000,9610
MTL-101939,Outremont,Condo,1,1.0,588,0.0,1977.0,0.0,1,0,Fair,,,5.7,3.9,26,2021-06-19,308700,2370
MTL-102078,Saint-Laurent,Townhouse,4,2.3,1825,5950.0,1993.0,1.0,1,0,,2015.0,8.6,8.8,13.8,26,2023-04-22,533600,5600
MTL-100737,Laval,Townhouse,3,2.5,1586,4898.0,1948.0,0.0,0,0,Excellent,,7.9,5.9,14.3,50,2021-04-23,378100,3840
MTL-100611,Laval,Condo,2,1.3,1367,0.0,1984.0,1.0,0,0,Excellent,1999.0,,9.0,13.0,38,2023-12-03,528600,4290
MTL-100301,Rosemont-La Petite-Patrie,Townhouse,2,1.2,2145,2406.0,1923.0,2.0,0,0,Good,,7.2,11.3,8.7,8,2023-11-24,600300,5580
MTL-100211,NDG (Notre-Dame-de-Grâce),Semi-Detached,3,2.0,1581,3149.0,1931.0,0.0,1,0,,1968.0,7.4,9.3,8.7,65,2021-04-09,514000,4840
MTL-101376,Verdun,Condo,2,1.2,1044,0.0,1973.0,0.0,1,0,Fair,2004.0,6.5,9.2,5.1,13,2021-04-21,367500,3010
MTL-100938,Le Plateau-Mont-Royal,Townhouse,3,2.3,2404,9044.0,2002.0,2.0,0,0,Good,2014.0,6.4,17.6,1.8,10,2022-04-08,824200,8950
MTL-101206,NDG (Notre-Dame-de-Grâce),Duplex,4,3.2,3442,11355.0,2001.0,1.0,1,0,Fair,2003.0,7.6,9.5,6.1,35,2021-01-09,794300,6940
MTL-100087,NDG (Notre-Dame-de-Grâce),Duplex,3,2.4,2887,8933.0,1976.0,,0,0,Fair,,7.8,11.4,8.3,19,2022-06-29,639700,6660
MTL-100328,Griffintown,Detached,3,2.2,2421,4837.0,1936.0,1.0,1,0,Fair,2005.0,7.4,15.2,3.5,52,2023-11-07,776400,8190
MTL-100883,Outremont,Condo,3,2.5,1007,0.0,2009.0,1.0,0,0,Fair,,8.8,3.6,4.8,19,2023-01-02,556000,5920
MTL-101041,Laval,Triplex,3,,4389,16517.0,1989.0,0.0,0,0,Good,,8.3,5.4,15.8,23,2022-05-15,710800,7020
MTL-101132,Outremont,Detached,3,1.7,2656,7610.0,2001.0,1.0,1,0,Fair,2023.0,8.9,5.9,2.2,26,2022-02-12,1181300,12180
MTL-101122,Laval,Condo,1,1.0,648,0.0,1949.0,0.0,1,0,Good,,8.7,8.3,14.7,61,2023-07-17,192400,1370
MTL-101256,Le Plateau-Mont-Royal,Condo,2,1.3,1280,0.0,1934.0,1.0,1,0,Poor,,,14.5,4.7,23,2022-07-31,461100,3740
MTL-100003,Rosemont-La Petite-Patrie,Townhouse,3,1.8,1574,2526.0,1950.0,3.0,0,0,Good,,8.3,19.9,7.5,13,2021-02-26,464800,3690
MTL-101809,Outremont,Triplex,4,2.7,3655,12455.0,1960.0,2.0,1,0,,,9.5,7.8,4.8,28,2022-12-01,1179600,11580
MTL-101798,Outremont,Detached,2,1.8,2685,7994.0,1993.0,2.0,0,0,Fair,,8.7,4.4,4.5,27,2021-07-03,1155300,9810
MTL-101040,Rosemont-La Petite-Patrie,Condo,2,1.5,1632,0.0,1942.0,,1,0,Poor,,6.1,18.6,5.1,40,2021-02-27,478100,4780
MTL-100885,Le Plateau-Mont-Royal,Townhouse,3,2.2,2022,7030.0,,0.0,0,0,Fair,,8.0,12.9,2.5,53,2021-04-26,649600,6600
MTL-101504,Griffintown,Condo,1,1.0,1179,0.0,1958.0,2.0,0,0,Fair,,6.9,15.4,1.1,31,2022-01-07,510900,4490
MTL-100081,NDG (Notre-Dame-de-Grâce),Townhouse,2,1.4,1588,3142.0,1953.0,0.0,1,0,Good,,8.4,12.8,7.6,40,2021-04-23,419400,3010
MTL-100082,Ville-Marie (Downtown),Semi-Detached,4,2.2,2376,6900.0,1997.0,0.0,1,0,Fair,2011.0,7.4,25.2,1.2,75,2023-12-08,767000,7920
MTL-100649,Verdun,Detached,4,2.6,2600,6150.0,1957.0,0.0,0,0,Good,,8.9,15.3,7.5,26,2022-08-01,666800,5860
MTL-101817,Ahuntsic-Cartierville,Condo,3,2.0,1038,0.0,1979.0,2.0,0,0,Good,,6.3,11.6,12.4,24,2022-01-21,344800,3170
MTL-101671,Laval,Townhouse,4,3.4,1970,6049.0,,1.0,1,0,Fair,2021.0,6.5,8.1,17.6,28,2022-04-14,437000,3390
MTL-101014,NDG (Notre-Dame-de-Grâce),Triplex,4,,3951,5399.0,1977.0,2.0,0,0,Fair,2020.0,7.9,,7.4,49,2023-09-13,794200,7700
MTL-101869,Ahuntsic-Cartierville,Condo,3,2.3,812,0.0,2018.0,0.0,1,0,Good,2023.0,,7.8,9.5,55,2023-12-02,394100,3410
MTL-100750,Le Plateau-Mont-Royal,Semi-Detached,3,2.6,1851,3825.0,1953.0,1.0,1,0,Good,,8.0,20.9,1.3,28,2023-11-04,576600,5890
MTL-102174,Le Plateau-Mont-Royal,Detached,2,1.4,2593,5522.0,1936.0,1.0,1,0,Fair,,8.8,21.5,1.1,29,2022-05-08,807700,7540
MTL-102025,Ville-Marie (Downtown),Detached,3,2.1,2333,,1922.0,1.0,0,0,Good,1940.0,6.4,31.1,0.2,28,2023-03-06,613300,5280
MTL-100841,NDG (Notre-Dame-de-Grâce),Semi-Detached,2,1.5,2486,4586.0,1994.0,2.0,1,0,Excellent,,8.4,6.1,9.6,30,2021-10-16,906900,7790
MTL-101026,Laval,Townhouse,5,3.5,1917,4479.0,2007.0,1.0,1,0,Fair,2009.0,8.0,9.7,21.2,44,2022-01-12,430700,4100
MTL-101675,Ville-Marie (Downtown),Townhouse,4,2.5,1879,6439.0,1930.0,2.0,1,1,Good,,7.3,22.5,1.3,46,2022-01-17,685500,6900
MTL-102162,Griffintown,Detached,4,2.6,2983,5477.0,1958.0,,0,0,Excellent,,5.0,14.6,3.5,11,2023-01-08,1167700,10630
MTL-100373,NDG (Notre-Dame-de-Grâce),Detached,4,3.4,2575,4337.0,,1.0,0,0,Good,2014.0,8.8,10.1,6.8,55,2022-07-27,698900,7600
MTL-102415,Saint-Laurent,Townhouse,3,2.6,2242,4228.0,,2.0,0,0,Fair,1970.0,8.0,5.5,15.0,31,2021-07-19,520400,5130
MTL-100103,Verdun,Condo,1,1.0,1208,0.0,1934.0,2.0,1,0,Good,1973.0,7.9,16.6,5.0,25,2021-02-21,478400,5190
MTL-100946,Le Plateau-Mont-Royal,Triplex,4,3.0,3889,11528.0,2022.0,0.0,0,0,Good,2023.0,6.7,14.0,3.8,24,2021-08-12,1019400,9430
MTL-102458,Verdun,Condo,1,1.0,864,0.0,1971.0,2.0,0,0,Good,,7.6,16.9,5.4,25,2022-06-09,350100,3650
MTL-102118,Outremont,Condo,2,1.6,951,0.0,1964.0,1.0,1,0,Good,,9.8,4.9,3.9,18,2023-05-30,602300,6590
MTL-100859,Outremont,Duplex,4,2.4,3667,5369.0,1957.0,3.0,1,0,Good,,9.9,4.7,5.6,19,2023-12-03,1206200,13180
MTL-101893,Le Plateau-Mont-Royal,Condo,2,1.6,874,0.0,2018.0,2.0,1,0,Excellent,2022.0,7.2,12.4,2.5,14,2023-10-03,521300,5060
MTL-102032,Verdun,Condo,2,1.4,1390,0.0,2005.0,2.0,0,0,Poor,,6.8,12.2,4.6,49,2021-04-19,467900,3300
MTL-102311,Laval,Triplex,4,3.4,4128,6665.0,1935.0,2.0,1,0,Excellent,,8.0,10.3,12.3,20,2023-01-23,659200,6350
MTL-101631,Griffintown,Condo,1,,1374,0.0,1937.0,2.0,1,0,Fair,1951.0,6.5,13.3,2.0,49,2021-02-11,595200,5070
MTL-101930,Rosemont-La Petite-Patrie,Duplex,4,3.4,2873,9097.0,2022.0,2.0,1,0,Good,2023.0,7.7,18.5,4.8,48,2021-12-10,832600,6310
MTL-101799,Westmount,Semi-Detached,3,1.8,1723,,1977.0,0.0,1,0,Good,,9.4,8.9,2.4,29,2023-06-08,823700,6140
MTL-101716,Westmount,Condo,1,1.0,1304,,1932.0,2.0,1,0,Good,,8.4,3.5,2.6,36,2023-05-24,768600,6790
MTL-102471,Saint-Laurent,Townhouse,2,1.8,1678,2919.0,1956.0,1.0,0,0,Fair,1976.0,6.5,7.9,10.9,29,2022-09-27,413400,4180
MTL-100414,NDG (Notre-Dame-de-Grâce),Condo,1,1.0,1256,0.0,1936.0,0.0,1,0,Poor,,8.3,6.7,7.7,15,2021-09-06,350200,3340
MTL-100362,Verdun,Townhouse,3,1.7,1889,2346.0,1937.0,2.0,0,0,Good,,6.0,,5.4,72,2022-05-06,511800,4250
MTL-100058,Westmount,Condo,2,1.5,1209,0.0,1980.0,0.0,1,0,Good,,9.3,4.1,5.9,26,2022-12-25,722600,6990
MTL-101586,NDG (Notre-Dame-de-Grâce),Condo,2,1.4,1128,0.0,1927.0,0.0,0,0,Fair,1934.0,8.2,7.8,6.0,25,2023-12-06,374000,2840
MTL-101756,Saint-Laurent,Townhouse,4,2.5,2344,7472.0,1967.0,,0,0,Excellent,,,6.7,14.7,31,2021-06-17,714800,6890
MTL-101740,Laval,Duplex,3,2.0,2455,7596.0,1998.0,1.0,1,0,Good,,,5.7,14.0,10,2021-05-01,523300,5090
MTL-101763,Verdun,Detached,3,2.3,2572,5225.0,1938.0,,0,0,Fair,,6.1,12.5,8.7,15,2021-01-17,606600,5460
MTL-101882,NDG (Notre-Dame-de-Grâce),Semi-Detached,3,2.3,1844,2486.0,1933.0,3.0,1,0,,,7.2,10.3,9.9,34,2023-12-10,539000,5820
MTL-100236,Ville-Marie (Downtown),Townhouse,4,3.5,1859,,2007.0,1.0,0,0,Good,2008.0,7.0,33.5,0.4,53,2021-11-30,695600,6460
MTL-101153,NDG (Notre-Dame-de-Grâce),Condo,1,1.0,872,0.0,1950.0,0.0,1,1,Excellent,,8.8,9.1,7.5,47,2021-08-07,375500,2890
MTL-101360,Longueuil,Triplex,3,2.2,3183,6329.0,1966.0,0.0,0,0,Good,,7.2,6.4,14.9,25,2022-08-25,409600,2970
MTL-102387,Rosemont-La Petite-Patrie,Duplex,6,5.0,3602,7092.0,1991.0,0.0,1,0,Good,,8.9,8.4,8.8,55,2023-02-04,827600,6830
MTL-100349,NDG (Notre-Dame-de-Grâce),Detached,4,2.2,2916,3862.0,1972.0,1.0,0,0,,1979.0,8.7,11.1,8.7,30,2022-06-10,804600,5830
MTL-100568,Longueuil,Condo,3,2.1,993,0.0,1922.0,0.0,1,0,Excellent,2011.0,6.0,12.1,14.1,18,2021-10-24,265100,2510
MTL-101263,Verdun,Condo,3,2.6,1721,0.0,1936.0,0.0,1,0,Good,2002.0,6.9,13.8,7.2,35,2021-08-18,610200,6690
MTL-100959,Ahuntsic-Cartierville,Duplex,5,3.3,2819,7422.0,2015.0,1.0,1,0,Good,,8.6,8.5,11.8,27,2022-08-20,696000,5630
MTL-100493,Le Plateau-Mont-Royal,Detached,3,2.0,2389,4476.0,1968.0,2.0,0,1,Excellent,,6.5,15.8,1.5,9,2022-01-20,977500,7140
MTL-102315,Le Plateau-Mont-Royal,Townhouse,5,4.0,2041,6707.0,2003.0,1.0,1,0,Fair,,6.4,11.6,2.6,9,2021-08-08,773100,8390
MTL-101725,Outremont,Duplex,3,2.6,2782,9136.0,1987.0,0.0,0,0,Fair,,8.1,6.8,4.6,29,2022-07-08,952000,9050
MTL-102021,Rosemont-La Petite-Patrie,Semi-Detached,4,3.1,2472,,1945.0,3.0,1,0,Good,,9.0,15.0,8.9,29,2021-04-09,767400,8340
MTL-100028,Rosemont-La Petite-Patrie,Condo,2,1.5,1280,0.0,,0.0,0,0,Fair,,8.8,19.0,5.6,10,2022-10-20,388400,2840
MTL-101198,Ahuntsic-Cartierville,Townhouse,3,2.1,1984,3813.0,,1.0,1,0,Good,,6.4,10.7,12.7,11,2021-10-29,522600,5280
MTL-101510,Laval,Condo,1,1.0,968,0.0,1943.0,2.0,1,0,Excellent,,7.8,10.7,13.9,20,2021-08-26,277600,2730
MTL-100250,Ville-Marie (Downtown),Detached,3,1.8,2649,3685.0,1923.0,1.0,0,1,,,7.2,34.6,3.0,49,2023-08-26,813800,7020
MTL-100486,Westmount,Condo,1,1.0,1501,0.0,1936.0,0.0,1,0,Good,,9.4,3.4,4.4,37,2023-07-05,761300,6070
MTL-100592,Le Plateau-Mont-Royal,Detached,2,1.5,2263,7183.0,1988.0,0.0,1,0,Good,,7.8,20.3,5.0,62,2023-01-30,810500,6380
MTL-102199,Griffintown,Townhouse,5,4.2,2163,3550.0,1937.0,0.0,0,0,Good,,7.1,24.2,3.1,24,2023-09-07,536400,4690
MTL-101554,Le Plateau-Mont-Royal,Triplex,5,3.8,4448,11395.0,2016.0,2.0,0,0,Good,,6.0,16.9,2.0,41,2021-01-18,1217000,11120
MTL-102429,Longueuil,Townhouse,4,3.5,2490,6454.0,1938.0,3.0,1,0,Fair,1987.0,6.2,6.9,17.1,49,2022-12-19,431000,4680
MTL-102225,Verdun,Condo,3,2.7,1339,0.0,2015.0,1.0,1,0,Fair,2023.0,7.7,8.3,7.6,21,2021-03-07,623600,5220
MTL-101797,Outremont,Condo,1,1.0,1176,0.0,1943.0,2.0,1,0,Fair,2013.0,8.3,5.5,3.9,17,2021-11-09,594600,6020
MTL-102275,Rosemont-La Petite-Patrie,Triplex,6,4.3,4335,10352.0,2012.0,1.0,1,0,Good,,,20.0,6.6,16,2021-12-27,888300,9610
MTL-102121,Verdun,Duplex,3,1.7,3193,7640.0,1990.0,1.0,1,0,Excellent,,7.6,9.8,4.4,30,2023-02-24,777600,7210
MTL-101377,Verdun,Townhouse,4,2.7,2277,5783.0,1963.0,1.0,1,0,Good,,8.0,13.3,4.5,31,2021-06-26,700000,7020
MTL-102277,Verdun,Condo,1,1.0,1155,0.0,1976.0,2.0,1,0,Good,,6.0,16.1,8.4,55,2021-11-30,453000,3430
MTL-101454,Westmount,Condo,3,2.0,688,0.0,1960.0,,1,0,Fair,,9.4,9.6,2.2,25,2023-02-19,391500,4280
MTL-101955,Longueuil,Condo,2,1.3,1369,,1985.0,1.0,1,0,Good,1992.0,5.3,6.4,20.0,22,2022-10-13,380300,3060
MTL-101493,Outremont,Condo,1,1.0,969,,1942.0,0.0,0,0,Fair,,8.4,8.7,4.2,43,2023-04-29,407400,3200
MTL-100112,Longueuil,Condo,2,1.7,1143,0.0,1977.0,2.0,0,0,Poor,2018.0,5.3,8.4,17.0,24,2023-04-26,295100,2300
MTL-102296,Le Plateau-Mont-Royal,Condo,1,1.0,1067,0.0,1948.0,1.0,1,0,Excellent,,6.0,14.3,3.6,13,2023-12-15,509600,3910
MTL-102483,Le Plateau-Mont-Royal,Triplex,4,3.5,4031,8555.0,1926.0,1.0,1,0,Excellent,1938.0,6.7,12.9,2.2,37,2021-08-11,966400,9070
MTL-101128,Griffintown,Triplex,3,1.9,3894,6432.0,1924.0,0.0,1,0,Fair,2012.0,6.8,19.9,3.6,58,2023-12-05,754600,6530
MTL-100160,Griffintown,Detached,4,2.3,2733,9152.0,2019.0,0.0,1,0,Poor,,6.8,14.4,3.0,9,2021-02-21,894000,9130
MTL-101670,Griffintown,Condo,1,1.0,859,0.0,1935.0,1.0,1,1,Good,,5.5,24.5,3.7,23,2023-09-20,378300,3430
MTL-101523,Outremont,Triplex,3,2.0,3836,10161.0,2015.0,1.0,0,0,Fair,,9.3,7.5,5.3,57,2022-08-08,1126200,11850
MTL-101399,NDG (Notre-Dame-de-Grâce),Triplex,6,5.3,4059,6872.0,1961.0,1.0,0,1,Fair,,7.9,6.9,7.8,29,2022-12-05,764000,7210
MTL-101233,Westmount,Semi-Detached,3,2.1,2287,3903.0,1956.0,2.0,0,0,Good,,9.6,6.7,4.3,30,2022-04-01,1009800,7140
MTL-101277,Saint-Laurent,Semi-Detached,3,1.9,2029,2858.0,1930.0,0.0,1,0,Excellent,,8.6,10.3,10.8,66,2021-08-19,563100,5100
MTL-100448,Griffintown,Detached,3,2.6,2686,9429.0,1945.0,2.0,1,0,Good,1951.0,5.5,17.1,1.9,26,2022-12-11,1008400,8000
MTL-101992,Rosemont-La Petite-Patrie,Semi-Detached,3,2.0,2083,6505.0,2012.0,1.0,1,0,,,8.8,16.4,4.4,40,2021-01-18,636400,4610
MTL-102235,Rosemont-La Petite-Patrie,Condo,2,1.5,1027,0.0,1963.0,0.0,0,0,Poor,2000.0,7.3,9.0,6.2,48,2021-11-02,314500,2470
MTL-100870,Griffintown,Condo,1,1.0,859,0.0,2013.0,3.0,1,0,Good,,6.9,15.1,1.4,50,2023-12-31,562100,4080
MTL-102259,Verdun,Townhouse,3,2.3,2337,2715.0,2012.0,3.0,1,1,Good,,9.0,16.7,5.0,44,2023-02-17,913000,9840
MTL-101258,Outremont,Detached,4,2.5,3147,9029.0,2019.0,3.0,0,0,Good,2021.0,8.1,8.9,2.4,43,2022-04-27,1618700,14060
MTL-101636,Griffintown,Duplex,6,4.7,3344,7711.0,1930.0,1.0,1,0,Fair,,7.4,24.4,1.3,88,2022-03-01,675300,5080
MTL-100346,NDG (Notre-Dame-de-Grâce),Triplex,3,2.5,3806,12727.0,1933.0,2.0,1,0,Fair,,9.0,8.7,5.8,32,2022-03-31,526600,3990
MTL-101379,Rosemont-La Petite-Patrie,Condo,3,1.9,1281,0.0,1925.0,2.0,1,0,Good,1934.0,8.8,14.4,5.3,18,2021-07-24,519200,5370
MTL-100215,Le Plateau-Mont-Royal,Condo,2,1.8,1128,0.0,1941.0,3.0,1,0,Fair,1976.0,8.4,12.8,2.4,19,2022-01-11,559000,4060
MTL-100334,Westmount,Detached,5,3.0,3237,3965.0,1932.0,2.0,1,0,Good,,8.7,7.7,3.8,40,2022-09-01,1323100,10550
MTL-100581,Saint-Laurent,Townhouse,3,1.8,1939,4654.0,2019.0,2.0,1,0,Fair,,8.4,10.6,15.4,63,2021-05-04,570000,5930
MTL-101814,Outremont,Townhouse,3,2.2,2095,6593.0,2019.0,1.0,1,0,Fair,,9.7,5.7,5.6,19,2021-10-08,1011800,10160
MTL-100407,Westmount,Condo,2,1.7,1791,0.0,2010.0,1.0,1,0,Fair,2022.0,9.5,6.3,3.8,64,2021-05-15,1320300,12360
MTL-100341,Verdun,Duplex,6,4.2,3596,,1956.0,0.0,1,0,Excellent,2022.0,8.2,12.2,5.0,36,2021-09-23,999500,7910
MTL-101907,Griffintown,Condo,3,2.2,1692,0.0,1929.0,2.0,1,0,Fair,2001.0,6.9,12.9,1.9,35,2021-12-04,671900,5950
MTL-102186,Laval,Condo,2,1.3,870,0.0,1993.0,0.0,1,1,Fair,,8.3,7.4,14.2,33,2021-05-28,273500,2250
MTL-100318,Le Plateau-Mont-Royal,Condo,1,1.0,909,0.0,1993.0,0.0,1,0,,,7.9,11.8,2.7,27,2022-08-07,408500,3680
MTL-101210,Griffintown,Condo,2,1.7,1771,0.0,1992.0,1.0,1,0,Excellent,,7.4,13.5,2.7,51,2022-10-03,831200,7890
MTL-102013,Le Plateau-Mont-Royal,Duplex,3,2.4,3254,5714.0,1994.0,1.0,1,0,Good,2021.0,7.6,17.1,3.1,36,2022-04-11,1018300,9950
MTL-100511,Griffintown,Condo,3,2.1,1702,0.0,2013.0,1.0,0,0,Excellent,,5.1,22.2,2.7,7,2023-01-20,875300,7340
MTL-102290,Rosemont-La Petite-Patrie,Condo,2,1.3,912,0.0,,0.0,1,1,Good,2023.0,6.4,8.9,6.4,43,2021-07-02,439800,3690
MTL-101755,Laval,Duplex,4,2.7,3617,13192.0,1960.0,2.0,1,0,Fair,2007.0,7.2,6.6,21.9,20,2022-11-08,597500,6110
MTL-101997,Outremont,Condo,3,2.1,1293,0.0,1955.0,0.0,1,0,Excellent,,9.5,5.7,4.1,40,2022-04-29,849200,8560
MTL-100888,Outremont,Condo,3,2.3,1597,0.0,,0.0,1,0,Fair,2023.0,8.3,6.6,2.0,21,2022-10-31,1081700,11670
MTL-101697,Le Plateau-Mont-Royal,Condo,2,1.8,1167,0.0,2012.0,2.0,0,0,Fair,2023.0,7.9,20.8,2.8,14,2022-04-30,642800,6530
MTL-100374,Outremont,Triplex,4,2.9,3640,11895.0,1969.0,2.0,1,1,Fair,2014.0,8.8,7.2,4.3,31,2022-12-13,1205200,10010
MTL-100083,Outremont,Detached,3,1.8,3104,9422.0,1927.0,2.0,1,0,Good,,9.4,7.6,4.1,52,2022-11-07,1203900,11240
MTL-101182,NDG (Notre-Dame-de-Grâce),Triplex,3,1.8,3754,10814.0,1944.0,1.0,1,0,Excellent,,8.3,12.2,8.6,30,2021-08-28,853600,6690
MTL-101807,Le Plateau-Mont-Royal,Duplex,4,3.2,3517,11171.0,1947.0,3.0,1,0,Fair,,7.2,21.5,2.7,29,2021-05-07,895000,6820
MTL-101451,Rosemont-La Petite-Patrie,Triplex,6,5.0,4553,14587.0,2017.0,2.0,1,0,Excellent,2017.0,6.9,13.0,7.0,31,2023-03-22,1124900,10550
MTL-101067,Le Plateau-Mont-Royal,Duplex,4,3.5,3294,10322.0,2007.0,1.0,0,0,Excellent,,8.7,19.0,3.1,44,2023-09-09,1021100,9460
MTL-100204,Rosemont-La Petite-Patrie,Triplex,6,3.4,4029,9283.0,1941.0,2.0,1,1,Good,,7.6,13.5,6.0,49,2021-05-07,753200,6210
MTL-101171,Saint-Laurent,Condo,2,1.2,1013,0.0,1941.0,0.0,0,0,Poor,,8.6,,15.9,30,2021-02-26,244400,2080
MTL-101826,Westmount,Condo,1,1.0,980,0.0,1989.0,0.0,0,0,Fair,2007.0,9.7,9.0,4.7,20,2021-03-18,609700,4700
MTL-101683,Laval,Condo,1,1.0,1066,0.0,2022.0,0.0,1,0,Good,2023.0,7.6,9.8,19.5,31,2023-02-22,377500,2950
MTL-101779,Laval,Detached,2,1.2,2297,,1936.0,0.0,1,1,Good,2002.0,8.2,12.0,17.2,29,2022-10-28,481000,3590
MTL-100454,Le Plateau-Mont-Royal,Townhouse,4,3.5,2851,8227.0,2011.0,0.0,0,0,Fair,,8.5,13.4,4.9,35,2021-02-04,1062300,9320
MTL-101168,Westmount,Condo,1,1.0,1457,0.0,2005.0,1.0,0,1,Good,,9.2,3.5,5.0,34,2023-11-30,1019700,8770
MTL-101020,NDG (Notre-Dame-de-Grâce),Condo,2,1.4,1718,0.0,1983.0,2.0,1,0,Good,,7.0,13.5,5.3,32,2021-02-12,704500,6370
MTL-100471,Saint-Laurent,Condo,1,1.0,686,0.0,2017.0,1.0,1,0,Fair,2019.0,6.5,7.7,12.6,37,2023-02-21,249600,2020
MTL-100490,Verdun,Condo,1,1.0,1106,0.0,1942.0,1.0,1,0,Good,,8.3,17.4,8.4,37,2022-07-12,458200,3720
MTL-102008,Outremont,Semi-Detached,3,2.0,2539,4260.0,2022.0,2.0,0,0,Fair,,8.4,5.2,5.9,31,2023-05-09,1215000,11200
MTL-102241,Westmount,Condo,3,1.7,1620,0.0,1976.0,2.0,0,0,Fair,,9.0,4.5,4.0,51,2021-02-01,1003300,8060
MTL-102015,Griffintown,Detached,4,2.5,2792,5926.0,,2.0,1,0,Poor,2016.0,7.9,14.9,3.1,47,2023-06-22,1029300,8030
MTL-100388,Ahuntsic-Cartierville,Triplex,4,2.6,3797,13949.0,1984.0,2.0,0,0,Good,,6.2,16.0,11.6,22,2022-07-29,607500,5770
MTL-100561,Le Plateau-Mont-Royal,Condo,3,1.9,688,0.0,1975.0,2.0,1,0,Fair,1993.0,7.8,11.8,3.1,33,2021-08-02,350900,2710
MTL-101038,Outremont,Duplex,3,2.1,3152,5593.0,1985.0,1.0,1,0,Good,2017.0,8.6,10.0,2.9,26,2022-07-25,1108200,11040
MTL-102175,Laval,Townhouse,3,2.3,1850,5857.0,2017.0,1.0,0,0,Good,,6.2,6.1,14.5,45,2023-05-18,436600,4750
MTL-100730,Le Plateau-Mont-Royal,Semi-Detached,4,2.5,1975,,2009.0,1.0,1,1,Fair,2012.0,,13.4,1.7,26,2023-08-02,683400,7200
MTL-102222,Outremont,Condo,1,1.0,1203,0.0,1965.0,0.0,0,0,Good,,9.3,6.4,5.0,13,2022-02-06,622300,5580
MTL-100833,Le Plateau-Mont-Royal,Condo,2,1.4,578,0.0,2020.0,0.0,1,1,Good,2022.0,6.7,21.4,3.8,36,2022-11-20,344100,2950
MTL-101711,Outremont,Semi-Detached,3,2.6,2403,5679.0,1946.0,2.0,1,0,Fair,,8.8,7.8,5.2,19,2021-02-20,813000,6430
MTL-101686,Longueuil,Condo,2,1.6,1310,,1952.0,1.0,0,0,Good,,5.5,10.9,19.1,23,2021-04-16,326300,3270
MTL-101285,Verdun,Condo,2,1.4,1158,0.0,1965.0,2.0,1,0,Poor,,7.6,14.2,4.1,26,2021-03-25,428800,3710
MTL-102079,Ahuntsic-Cartierville,Duplex,5,3.1,2836,8033.0,1974.0,0.0,1,0,Good,1977.0,6.6,12.9,7.2,37,2023-02-15,642500,4530
MTL-100073,Laval,Detached,2,1.6,2136,4042.0,1966.0,0.0,0,0,Fair,1971.0,8.0,9.8,18.1,26,2021-12-18,369100,3980
MTL-100584,NDG (Notre-Dame-de-Grâce),Duplex,4,3.2,3834,12401.0,1989.0,0.0,1,0,Good,,7.8,14.6,5.3,42,2023-08-21,768900,6590
MTL-100590,Le Plateau-Mont-Royal,Detached,3,2.6,2905,7652.0,1987.0,1.0,0,0,Good,2020.0,7.5,17.0,1.3,28,2021-12-07,1016100,7260
MTL-100838,Rosemont-La Petite-Patrie,Semi-Detached,4,2.8,2872,10645.0,2016.0,0.0,0,0,Good,,8.7,18.7,6.6,11,2022-12-01,904600,6680
MTL-100617,Ville-Marie (Downtown),Condo,1,1.0,1392,0.0,1929.0,1.0,1,0,Good,1998.0,6.2,25.6,1.4,35,2023-01-20,539000,5880
MTL-101678,Le Plateau-Mont-Royal,Condo,2,1.5,833,0.0,1949.0,2.0,0,0,Fair,,,20.3,4.1,18,2023-05-22,323800,3050
MTL-100752,NDG (Notre-Dame-de-Grâce),Semi-Detached,2,1.1,2180,2811.0,1940.0,0.0,1,0,Excellent,1945.0,7.9,14.4,9.6,20,2022-09-18,582000,5170
MTL-102200,Saint-Laurent,Condo,2,1.6,1629,0.0,1946.0,2.0,1,0,,,6.4,13.5,11.4,26,2021-01-13,575800,6240
MTL-100482,Verdun,Duplex,4,3.2,3229,,1956.0,0.0,1,0,Fair,,8.6,17.9,6.8,35,2022-02-07,696800,7050
MTL-100239,Le Plateau-Mont-Royal,Condo,2,1.2,1290,0.0,1973.0,0.0,0,0,Excellent,,7.5,19.9,3.4,26,2022-04-27,651800,5620
MTL-100208,Westmount,Condo,3,2.2,1734,0.0,1950.0,0.0,1,0,Good,,8.0,4.7,2.3,36,2023-08-29,1019600,11000
MTL-100209,Le Plateau-Mont-Royal,Condo,1,1.0,1112,0.0,1981.0,2.0,0,0,Excellent,,8.6,19.6,2.0,43,2021-08-10,571200,6220
MTL-102271,Griffintown,Detached,5,3.3,3191,5559.0,1996.0,0.0,1,0,Fair,2015.0,5.2,18.2,2.2,8,2021-08-16,1009700,9810
MTL-102205,Longueuil,Detached,3,1.8,2325,6672.0,1988.0,1.0,1,0,Excellent,1994.0,6.9,7.7,15.5,37,2023-05-14,600200,6040
MTL-101452,Laval,Townhouse,3,1.7,1627,2627.0,1930.0,0.0,0,0,Good,,,5.8,17.0,14,2021-03-04,366700,4020
MTL-101515,Westmount,Condo,1,1.0,694,0.0,,2.0,0,1,Fair,,9.6,3.0,4.1,7,2023-08-13,416700,3560
MTL-101563,Ville-Marie (Downtown),Condo,2,1.4,1262,0.0,2011.0,2.0,1,0,Good,2021.0,7.0,22.7,1.2,44,2023-01-04,732900,5530
MTL-100065,Rosemont-La Petite-Patrie,Condo,1,1.0,832,0.0,1962.0,3.0,1,0,Fair,1968.0,7.4,10.8,7.7,54,2022-09-03,301100,2870
MTL-101931,Rosemont-La Petite-Patrie,Semi-Detached,2,1.2,1739,5407.0,1966.0,2.0,1,0,,,,8.2,6.6,34,2021-06-08,593100,4700
MTL-102279,Outremont,Condo,2,1.5,1537,0.0,1965.0,,1,0,Good,,,8.1,4.5,50,2021-06-27,890700,7080
MTL-101120,Longueuil,Duplex,3,2.7,3060,4649.0,,3.0,1,0,,,5.4,7.8,12.4,41,2022-10-19,577400,4240
MTL-100513,Laval,Detached,4,2.5,2783,4327.0,1961.0,2.0,1,0,Fair,,8.1,7.9,14.9,32,2023-06-16,650800,4830
MTL-100287,Rosemont-La Petite-Patrie,Condo,1,1.0,1182,0.0,1992.0,2.0,1,0,Fair,,6.0,12.3,6.3,30,2022-11-08,482700,3400
MTL-100791,Rosemont-La Petite-Patrie,Townhouse,4,3.2,2214,5694.0,1930.0,0.0,1,1,Good,,6.9,17.0,8.2,25,2022-06-04,593900,5270
MTL-101489,Verdun,Townhouse,4,3.0,2408,5185.0,1938.0,1.0,1,0,Fair,,7.3,17.8,4.3,25,2022-02-13,714300,7320
MTL-100198,Longueuil,Triplex,4,2.7,4139,11643.0,1968.0,0.0,1,0,Fair,,7.2,5.7,13.6,69,2023-09-11,508100,3950
MTL-102494,Verdun,Condo,3,1.8,1609,0.0,1947.0,1.0,0,0,Excellent,1960.0,7.3,12.2,8.7,9,2022-04-25,711800,7670
MTL-101500,Verdun,Semi-Detached,3,2.6,2428,6110.0,1999.0,1.0,0,0,Good,,7.6,13.1,7.9,30,2021-02-01,855000,9360
MTL-102460,Saint-Laurent,Semi-Detached,3,2.3,2227,5218.0,2008.0,1.0,1,0,Fair,2021.0,6.6,12.4,10.1,19,2022-09-03,594100,5220
MTL-101878,Ville-Marie (Downtown),Condo,2,1.7,1447,0.0,1988.0,,1,0,Fair,,5.3,27.2,1.2,41,2021-06-16,664400,5420
MTL-101113,Rosemont-La Petite-Patrie,Triplex,4,2.3,4047,,2003.0,3.0,0,0,Excellent,,6.4,19.9,6.6,45,2021-11-01,947400,6860
MTL-101894,Rosemont-La Petite-Patrie,Townhouse,3,2.0,1760,,1984.0,1.0,1,0,Fair,2013.0,6.8,11.6,5.2,52,2023-04-13,571600,4540
MTL-101242,Ahuntsic-Cartierville,Duplex,4,2.8,3279,9555.0,1996.0,2.0,1,0,Good,2001.0,6.4,15.5,8.0,36,2022-04-20,726400,5880
MTL-102373,Griffintown,Condo,2,1.2,1480,,,1.0,1,0,Good,,,21.3,1.2,14,2023-09-08,603600,5640
MTL-100805,Ahuntsic-Cartierville,Detached,2,1.2,2512,,1932.0,2.0,0,0,Fair,,7.8,8.7,11.9,37,2022-08-10,525300,3990
MTL-101886,Westmount,Townhouse,3,2.6,2011,2369.0,1935.0,3.0,1,0,Poor,1973.0,9.3,3.4,5.4,26,2023-03-27,762600,5340
MTL-100030,Rosemont-La Petite-Patrie,Duplex,4,2.3,3394,9920.0,1973.0,1.0,1,0,Excellent,2005.0,7.3,12.9,4.1,29,2022-04-10,825500,6730
MTL-100646,Rosemont-La Petite-Patrie,Townhouse,2,1.3,1776,4305.0,2020.0,2.0,0,0,Fair,2023.0,7.8,18.1,7.0,57,2022-08-01,578500,4190
MTL-101257,Verdun,Detached,4,2.7,2883,6612.0,1983.0,,0,0,Fair,2003.0,7.5,12.0,6.3,27,2022-12-29,823700,6480
MTL-102223,Ville-Marie (Downtown),Detached,3,2.4,1985,,2011.0,2.0,0,0,Good,,6.2,23.7,3.0,32,2023-01-26,701100,7050
MTL-100724,Rosemont-La Petite-Patrie,Condo,1,1.0,1307,0.0,1975.0,3.0,1,0,Good,,8.6,17.8,7.8,20,2022-11-08,518100,4500
MTL-101544,Saint-Laurent,Detached,3,2.1,2958,,1976.0,0.0,1,0,Excellent,1990.0,6.7,13.8,9.9,32,2023-09-17,819400,7160
MTL-100350,Verdun,Duplex,5,3.3,3269,11674.0,2007.0,0.0,0,0,Poor,,6.5,13.7,8.8,50,2021-03-28,629200,4860
MTL-101542,Rosemont-La Petite-Patrie,Detached,5,4.5,2588,5324.0,2002.0,0.0,0,1,Excellent,2005.0,6.4,13.0,4.2,47,2023-11-19,912100,8640
MTL-102472,Longueuil,Semi-Detached,5,4.4,2705,8629.0,1940.0,,0,0,Good,,7.2,7.7,10.6,48,2023-08-03,642600,4650
MTL-100097,Griffintown,Detached,3,1.7,2232,6618.0,2014.0,0.0,0,0,Good,,6.6,21.2,1.1,64,2021-08-25,916800,7110
MTL-100357,Rosemont-La Petite-Patrie,Condo,3,,1453,0.0,1947.0,0.0,1,0,Fair,1951.0,8.5,9.0,8.2,30,2021-08-06,525300,4070
MTL-101373,Verdun,Triplex,6,3.3,4730,16068.0,1931.0,0.0,1,0,Fair,2021.0,7.9,15.2,4.7,31,2021-02-20,940100,9160
MTL-102117,Rosemont-La Petite-Patrie,Townhouse,2,1.8,1896,3204.0,1926.0,0.0,0,1,Excellent,,7.2,17.7,6.2,46,2023-09-12,622700,6450
MTL-100458,Westmount,Condo,3,1.8,1199,0.0,1921.0,0.0,1,0,Good,1978.0,9.7,4.3,4.4,29,2022-10-21,692800,7010
MTL-101051,Rosemont-La Petite-Patrie,Condo,3,1.7,992,,1920.0,0.0,0,0,Good,,7.5,11.8,7.9,20,2021-07-22,284700,2800
MTL-101043,NDG (Notre-Dame-de-Grâce),Detached,3,2.3,2611,6525.0,1962.0,0.0,1,0,Good,1975.0,8.5,7.5,9.5,34,2023-03-07,805200,6200
MTL-100573,NDG (Notre-Dame-de-Grâce),Condo,2,1.6,989,0.0,1958.0,1.0,1,0,Good,,8.7,6.4,5.9,39,2021-11-22,420300,4070
MTL-101317,Ahuntsic-Cartierville,Triplex,4,2.7,4086,9407.0,2004.0,2.0,1,1,Good,,,13.6,10.0,43,2021-08-12,807800,6290
MTL-102331,Westmount,Duplex,6,5.2,3216,10294.0,,0.0,1,0,Fair,1981.0,8.1,4.2,2.2,37,2023-12-29,963300,10490
MTL-101935,Laval,Condo,2,1.3,1517,0.0,,0.0,1,0,Excellent,,8.2,6.4,17.0,31,2022-09-06,485000,3500
MTL-101804,Griffintown,Triplex,4,3.2,4173,13162.0,1929.0,1.0,1,0,Good,,7.7,18.2,1.9,31,2023-04-02,975000,8400
MTL-101913,Griffintown,Duplex,3,1.8,3358,7321.0,1983.0,1.0,0,1,Good,1995.0,5.7,22.7,1.5,55,2022-05-18,953400,6870
MTL-102226,Ville-Marie (Downtown),Townhouse,4,3.3,2301,7090.0,2008.0,1.0,1,0,Fair,,6.3,29.5,1.3,23,2022-09-18,789300,6550
MTL-101183,Longueuil,Condo,3,2.3,1476,0.0,1951.0,1.0,1,0,Fair,,6.9,14.0,10.7,38,2022-01-11,334500,3530
MTL-101437,NDG (Notre-Dame-de-Grâce),Condo,1,1.0,912,0.0,1941.0,2.0,1,0,Poor,,8.7,14.3,8.6,50,2021-09-15,275900,1930
MTL-101621,Outremont,Semi-Detached,3,2.1,2834,9309.0,1953.0,0.0,1,0,Good,2022.0,8.2,5.5,4.1,27,2022-12-07,1477600,13890
MTL-100591,NDG (Notre-Dame-de-Grâce),Townhouse,3,2.1,1639,,1933.0,1.0,1,0,Good,,,14.7,9.3,12,2021-06-04,427000,3220
MTL-101126,Outremont,Condo,2,1.3,1040,0.0,1972.0,1.0,1,1,Fair,,8.1,9.1,5.5,24,2023-09-02,675800,6140
MTL-101280,Rosemont-La Petite-Patrie,Detached,4,2.4,2669,9918.0,1991.0,2.0,1,0,Good,,7.2,13.1,8.8,13,2022-03-06,732800,7700
MTL-100577,Longueuil,Condo,3,2.3,883,0.0,1967.0,0.0,1,0,Good,2022.0,5.0,6.5,11.1,39,2023-02-07,255300,2180
MTL-100031,Le Plateau-Mont-Royal,Triplex,4,2.4,4430,6909.0,1974.0,2.0,1,0,Poor,,6.7,10.0,4.1,33,2023-12-05,725300,6790
MTL-100232,Rosemont-La Petite-Patrie,Condo,2,1.1,1269,0.0,2002.0,3.0,1,0,Good,2022.0,8.9,8.3,7.0,26,2021-02-20,690000,7090
MTL-100168,Westmount,Duplex,3,2.6,3010,6811.0,1999.0,0.0,0,0,Fair,2001.0,9.5,4.4,5.0,49,2023-04-17,930000,8970
MTL-100240,Longueuil,Detached,5,3.8,2698,9767.0,,0.0,0,0,Good,,5.3,12.8,18.0,32,2021-12-26,537000,4450
MTL-101966,Le Plateau-Mont-Royal,Condo,3,2.6,1482,0.0,1950.0,1.0,0,0,Good,,7.4,18.8,3.8,33,2022-08-14,628100,5200
MTL-101154,Rosemont-La Petite-Patrie,Condo,1,1.0,421,0.0,2005.0,2.0,0,0,Fair,2019.0,7.4,14.3,4.7,57,2021-02-26,143200,1290
MTL-102086,Outremont,Detached,4,2.5,2581,4111.0,1951.0,0.0,1,0,Good,,9.5,4.1,4.0,32,2022-02-02,929800,9480
MTL-101449,NDG (Notre-Dame-de-Grâce),Condo,2,1.5,1073,0.0,2022.0,2.0,0,0,Good,,8.9,7.4,8.7,40,2021-12-11,476000,4350
MTL-102039,Ville-Marie (Downtown),Condo,2,1.5,568,0.0,1953.0,1.0,0,0,Good,,5.8,26.7,3.0,12,2023-12-05,215100,2160
MTL-101048,Laval,Condo,3,2.1,1486,0.0,1953.0,1.0,0,0,Good,,6.2,10.9,20.4,64,2022-07-09,400900,3670
MTL-101007,Laval,Detached,2,1.5,1807,6718.0,1963.0,2.0,1,0,Good,1965.0,7.1,11.2,14.5,51,2021-01-03,387200,3240
MTL-100439,Outremont,Condo,3,2.1,1325,0.0,2022.0,2.0,1,0,Excellent,,,4.3,4.9,27,2022-04-11,1035600,10870
MTL-101816,Ville-Marie (Downtown),Duplex,3,2.5,3082,4869.0,1965.0,3.0,1,0,Good,,5.1,34.1,1.4,23,2022-04-11,745200,5780
MTL-100379,Ville-Marie (Downtown),Condo,1,1.0,1343,0.0,2021.0,0.0,1,1,Excellent,,5.1,24.3,1.7,35,2023-02-25,772000,7980
MTL-100876,Ahuntsic-Cartierville,Duplex,6,3.7,3490,8474.0,2008.0,,1,0,Poor,2018.0,6.8,10.9,8.1,49,2023-03-12,675600,7420
MTL-102457,NDG (Notre-Dame-de-Grâce),Duplex,4,3.3,2562,3482.0,1997.0,0.0,1,0,Good,,,9.5,5.4,41,2021-07-13,660000,4630
MTL-100472,Westmount,Triplex,3,1.8,3879,4281.0,1935.0,3.0,1,0,Excellent,2011.0,9.5,9.0,3.4,41,2022-05-18,1254900,12620
MTL-101204,Verdun,Townhouse,2,1.3,1433,4785.0,2008.0,0.0,0,0,,2016.0,7.5,16.2,6.5,63,2022-01-07,483300,5140
MTL-101341,Verdun,Condo,2,1.7,1159,0.0,1964.0,2.0,1,0,Good,,8.6,17.4,5.7,43,2023-03-29,489100,3730
MTL-102344,Longueuil,Condo,2,1.2,1698,,,2.0,0,0,Good,,7.4,10.1,18.3,42,2023-06-09,418800,3990
MTL-100057,Le Plateau-Mont-Royal,Condo,1,1.0,1670,0.0,1927.0,1.0,1,0,Good,,7.6,19.1,4.9,14,2023-02-12,756700,6840
MTL-100263,Verdun,Detached,2,1.6,2292,7193.0,1966.0,1.0,1,0,Fair,2010.0,6.2,11.4,7.6,27,2023-05-28,727300,5350
MTL-101150,NDG (Notre-Dame-de-Grâce),Duplex,4,2.5,3335,4911.0,1925.0,1.0,0,0,,,8.2,11.5,6.3,18,2023-07-21,692400,5780
MTL-101905,Le Plateau-Mont-Royal,Duplex,3,2.1,2580,3535.0,1936.0,1.0,1,0,Fair,,8.2,13.1,3.8,44,2021-08-16,532400,4540
MTL-101971,Laval,Townhouse,4,3.2,1757,5968.0,1927.0,1.0,0,0,Good,,7.6,5.4,12.7,5,2021-02-25,345700,2930
MTL-100632,Verdun,Townhouse,3,2.7,2103,4087.0,2017.0,,1,0,Fair,2018.0,7.5,16.4,5.7,25,2023-05-25,699800,5410
MTL-101646,Le Plateau-Mont-Royal,Condo,3,2.0,1594,0.0,1927.0,1.0,0,0,,,,12.2,2.2,45,2022-10-19,712300,6590
MTL-100440,Outremont,Condo,2,1.4,1207,0.0,1996.0,0.0,1,0,Excellent,,,9.0,4.4,41,2023-10-19,825100,7890
MTL-102439,Le Plateau-Mont-Royal,Triplex,3,2.4,3439,7824.0,1925.0,2.0,0,0,Good,,8.0,14.3,1.4,56,2022-05-25,676800,5870
MTL-102490,Ville-Marie (Downtown),Townhouse,2,1.4,952,2631.0,1981.0,3.0,1,0,Good,,5.0,23.5,0.4,38,2023-09-16,364100,3530
MTL-101212,Le Plateau-Mont-Royal,Duplex,4,,3539,4728.0,1986.0,1.0,1,0,Excellent,,8.0,15.7,3.8,28,2023-05-15,1024400,10320
MTL-102438,Rosemont-La Petite-Patrie,Duplex,4,3.4,3031,11517.0,1934.0,1.0,0,0,Good,1943.0,7.0,19.0,6.7,33,2022-12-11,553900,4680
MTL-101228,Saint-Laurent,Condo,2,1.3,1362,0.0,1961.0,1.0,0,0,Good,1984.0,6.2,12.3,15.9,18,2022-02-14,422300,4040
MTL-100850,Outremont,Condo,1,1.0,1261,0.0,1966.0,2.0,1,0,Fair,,9.1,7.4,4.8,30,2023-05-02,799200,8020
MTL-100016,Ville-Marie (Downtown),Condo,1,1.0,892,0.0,1954.0,1.0,0,0,Good,,7.6,30.2,0.4,21,2023-05-23,352800,2880
MTL-102090,Ahuntsic-Cartierville,Semi-Detached,2,1.5,2458,2707.0,2004.0,2.0,1,0,Fair,,6.9,12.2,12.9,37,2023-12-06,640200,5440
MTL-102217,Ville-Marie (Downtown),Townhouse,4,2.6,2288,7472.0,1960.0,2.0,0,0,Good,1993.0,7.3,18.9,2.2,52,2022-12-30,895100,6340
MTL-101288,Westmount,Condo,3,1.7,1351,0.0,1990.0,2.0,1,0,Good,,8.6,9.3,3.7,38,2021-05-05,873300,7590
MTL-102057,Griffintown,Duplex,3,2.2,2668,7096.0,1990.0,2.0,1,0,Fair,,,19.1,3.8,34,2023-06-01,788700,8350
MTL-102371,Laval,Condo,2,1.5,1055,0.0,1946.0,0.0,1,0,Excellent,1992.0,6.9,4.2,18.0,25,2023-12-30,313800,2650
MTL-101943,NDG (Notre-Dame-de-Grâce),Detached,2,1.4,1899,5214.0,,2.0,1,0,Poor,,8.4,8.9,7.8,34,2021-01-29,479900,4430
MTL-101883,Ahuntsic-Cartierville,Semi-Detached,3,2.0,2303,4024.0,1965.0,1.0,1,0,Good,,7.1,10.4,10.2,47,2022-04-03,645300,4700
MTL-100533,Rosemont-La Petite-Patrie,Condo,2,1.2,1417,0.0,1982.0,1.0,1,0,Excellent,2021.0,8.5,17.9,8.7,58,2021-08-26,671600,6230
MTL-101163,Ahuntsic-Cartierville,Condo,2,1.4,927,0.0,1940.0,2.0,0,1,Good,1944.0,8.9,7.2,7.5,36,2023-06-30,313700,2320
MTL-101092,Rosemont-La Petite-Patrie,Semi-Detached,3,2.1,2150,3362.0,1969.0,1.0,1,0,Excellent,,6.0,15.9,8.5,28,2021-09-01,626300,6200
MTL-102058,NDG (Notre-Dame-de-Grâce),Townhouse,5,4.0,2558,,2019.0,0.0,1,0,Excellent,2019.0,7.4,10.3,8.7,39,2021-05-18,1082500,9730
MTL-100760,Le Plateau-Mont-Royal,Condo,2,1.2,1917,0.0,1945.0,1.0,1,0,Fair,2019.0,8.0,12.7,3.2,21,2022-08-29,972100,9460
MTL-100908,Ville-Marie (Downtown),Condo,1,1.0,1135,,1976.0,2.0,1,0,Good,,6.1,30.0,0.6,15,2021-06-28,582500,4430
MTL-100554,Laval,Duplex,5,4.2,3047,9308.0,1996.0,1.0,1,1,Fair,,8.6,5.7,20.4,31,2023-09-22,577800,5770
MTL-101616,Saint-Laurent,Townhouse,3,2.3,2541,4784.0,1995.0,0.0,0,0,Good,,9.0,9.6,14.3,18,2023-09-06,674300,5930
MTL-102412,Verdun,Semi-Detached,3,1.8,2018,6079.0,1990.0,1.0,1,0,Fair,,7.4,8.6,8.6,37,2023-06-27,621200,4530
MTL-101704,Verdun,Condo,2,1.8,1454,0.0,1931.0,0.0,1,0,Good,,7.2,17.3,5.5,20,2021-07-26,572600,5550
MTL-102001,Ville-Marie (Downtown),Semi-Detached,3,2.4,2318,3650.0,2015.0,0.0,1,0,,,,27.6,1.8,55,2022-11-14,872000,8160
MTL-101272,Ahuntsic-Cartierville,Detached,2,1.5,2501,5946.0,1922.0,0.0,1,0,Good,,6.5,9.7,8.6,45,2021-04-30,456800,4350
MTL-100059,Ville-Marie (Downtown),Semi-Detached,3,2.5,2078,7684.0,1936.0,0.0,0,0,Good,,5.9,31.5,0.0,32,2022-09-23,615700,6120
MTL-101382,Saint-Laurent,Townhouse,2,1.1,1480,3499.0,1950.0,1.0,1,0,,1988.0,7.4,14.0,13.0,52,2023-11-23,343000,3380
MTL-101664,Saint-Laurent,Semi-Detached,5,4.4,2750,8951.0,2016.0,0.0,0,0,Fair,,7.5,13.2,15.1,37,2021-09-29,742900,5400
MTL-100170,NDG (Notre-Dame-de-Grâce),Duplex,4,3.3,3503,12376.0,1929.0,0.0,1,0,Excellent,,7.5,13.0,9.0,27,2021-05-10,870900,7930
MTL-100424,Westmount,Detached,3,2.6,2521,2898.0,2018.0,0.0,0,0,Poor,,,5.8,4.1,7,2021-07-26,1124300,8980
MTL-102396,Le Plateau-Mont-Royal,Condo,1,1.0,400,0.0,2020.0,0.0,1,0,Good,2021.0,7.8,13.7,3.5,45,2022-10-15,248100,1750
MTL-101235,Griffintown,Detached,4,,2529,7071.0,2003.0,1.0,0,0,Fair,,5.7,14.5,3.7,27,2023-02-11,868800,7860
MTL-100027,Verdun,Townhouse,2,1.5,1795,6047.0,1943.0,1.0,1,0,Good,,8.3,10.9,6.7,54,2021-02-27,608200,4360
MTL-100297,Le Plateau-Mont-Royal,Duplex,5,3.0,4064,11996.0,1997.0,2.0,1,0,Good,,,14.4,2.3,23,2023-04-15,1241200,11550
MTL-101819,Griffintown,Semi-Detached,4,,2203,3916.0,1964.0,0.0,1,1,Good,,5.1,18.6,3.7,34,2023-05-24,844500,9100
MTL-101297,Outremont,Condo,1,1.0,1432,0.0,,2.0,1,0,Good,,8.4,7.4,2.9,19,2023-08-22,876800,7410
MTL-100770,Le Plateau-Mont-Royal,Condo,2,1.3,1538,,1973.0,2.0,1,0,Good,,8.1,18.5,2.2,26,2023-01-12,833100,6640
MTL-101677,Griffintown,Triplex,4,3.3,4241,12491.0,1955.0,1.0,1,0,Good,,5.9,22.9,3.0,19,2023-04-24,1013700,8230
MTL-101401,Le Plateau-Mont-Royal,Detached,5,4.3,3170,,1949.0,0.0,1,0,Good,,6.5,16.7,4.9,46,2023-01-14,1013500,10750
MTL-100652,Rosemont-La Petite-Patrie,Duplex,3,1.8,3168,9366.0,1961.0,0.0,1,0,Good,,6.0,15.3,7.5,36,2022-12-14,642500,4750
MTL-101409,Laval,Condo,3,2.7,1710,0.0,1960.0,1.0,0,1,Poor,,7.8,9.7,16.8,34,2021-12-28,409500,3280
MTL-100264,Laval,Condo,3,2.3,814,0.0,1946.0,2.0,1,0,Excellent,1956.0,7.6,,19.2,28,2022-02-07,238700,2350
MTL-101203,Ville-Marie (Downtown),Triplex,5,3.2,4641,6973.0,1925.0,1.0,1,0,,1995.0,6.9,20.2,2.0,31,2023-12-25,1133400,8630
MTL-100515,Westmount,Condo,2,1.6,1274,0.0,,2.0,1,0,Poor,,8.0,6.5,3.6,33,2021-03-12,634100,5780
MTL-101035,NDG (Notre-Dame-de-Grâce),Condo,1,1.0,964,0.0,1987.0,2.0,0,0,Excellent,1993.0,8.8,12.1,6.2,24,2023-12-17,440400,3760
MTL-101109,Le Plateau-Mont-Royal,Townhouse,5,4.3,2717,4787.0,,2.0,0,0,Good,,7.2,13.3,4.8,15,2022-03-10,933400,9350
MTL-101859,Ahuntsic-Cartierville,Condo,2,1.6,1003,0.0,1923.0,1.0,1,0,,1931.0,8.1,13.4,10.0,24,2021-09-14,350800,2770
MTL-101167,Verdun,Condo,3,1.8,1563,0.0,1983.0,2.0,0,1,Excellent,,6.9,15.0,5.4,13,2021-01-02,728300,6140
MTL-102361,Griffintown,Triplex,4,2.9,4286,8186.0,1946.0,1.0,0,0,Excellent,,5.3,,2.0,35,2021-11-12,851300,6190
MTL-100948,Laval,Semi-Detached,4,2.4,2240,,2005.0,1.0,1,0,Fair,2009.0,6.7,9.0,20.8,43,2021-01-02,445600,4070
MTL-100597,Le Plateau-Mont-Royal,Condo,2,1.2,1566,0.0,,1.0,1,0,Fair,2006.0,8.4,11.1,2.5,30,2023-01-05,731200,5480
MTL-101089,Le Plateau-Mont-Royal,Condo,1,1.0,837,0.0,2003.0,0.0,1,0,Poor,,7.1,10.1,4.8,34,2023-10-21,377600,2910
MTL-100686,Rosemont-La Petite-Patrie,Detached,3,1.9,3096,10082.0,1939.0,0.0,0,0,Fair,,7.0,16.9,6.3,55,2021-03-17,655700,6310
MTL-100289,Rosemont-La Petite-Patrie,Townhouse,4,3.0,2452,5626.0,1996.0,0.0,0,0,Good,,6.7,18.8,8.7,19,2021-10-18,645200,6010
MTL-101573,Laval,Semi-Detached,5,3.7,2437,6215.0,1935.0,0.0,1,1,Good,1980.0,7.3,11.2,21.8,43,2023-10-23,486600,5070
MTL-101365,Le Plateau-Mont-Royal,Detached,4,3.2,2915,5989.0,1932.0,0.0,1,0,Fair,,6.3,12.5,4.9,42,2022-03-19,836400,5960
MTL-101406,Laval,Semi-Detached,3,2.3,2465,9250.0,2006.0,0.0,1,0,Good,,6.0,7.0,15.7,28,2022-11-19,620100,4430
MTL-100408,Longueuil,Condo,1,1.0,774,0.0,1964.0,1.0,0,0,Good,,5.8,10.3,13.1,32,2023-11-25,222600,2140
MTL-101728,Laval,Detached,5,3.4,2623,3116.0,1994.0,0.0,0,1,Good,2001.0,6.0,4.2,16.0,48,2021-04-17,574100,5470
MTL-101987,Verdun,Detached,3,1.8,2392,3896.0,1968.0,0.0,1,0,Excellent,,8.6,15.2,4.1,25,2021-04-09,660600,5900
MTL-100322,NDG (Notre-Dame-de-Grâce),Duplex,4,2.8,3374,5207.0,1927.0,,0,0,Fair,,8.4,6.8,6.0,30,2023-02-25,537500,4260
MTL-101400,Le Plateau-Mont-Royal,Detached,4,2.7,2834,6805.0,1973.0,1.0,0,0,Fair,1980.0,6.0,17.4,4.1,38,2022-02-01,724100,5680
MTL-102204,Ahuntsic-Cartierville,Detached,5,3.4,2625,,2012.0,0.0,0,0,Good,,6.9,9.9,9.0,56,2021-08-13,742200,6700
MTL-100532,Saint-Laurent,Duplex,5,3.2,3196,10292.0,1950.0,1.0,0,0,Good,2022.0,6.8,8.6,15.1,64,2021-01-19,624100,6110
MTL-101200,Ahuntsic-Cartierville,Semi-Detached,4,3.5,2290,8304.0,,0.0,0,0,Excellent,,,,7.1,47,2022-12-25,553700,4250
MTL-100131,Le Plateau-Mont-Royal,Duplex,4,3.0,3680,8614.0,1974.0,1.0,0,0,Excellent,,7.6,16.3,3.2,13,2023-10-05,1021800,7260
MTL-101042,Ville-Marie (Downtown),Condo,2,1.7,1133,0.0,1974.0,1.0,1,0,Excellent,,7.7,23.7,0.0,37,2023-01-01,747300,6030
MTL-101687,Verdun,Semi-Detached,3,1.7,2385,5293.0,2015.0,2.0,0,0,,,7.6,9.4,5.8,47,2021-02-09,910300,8560
MTL-100210,Rosemont-La Petite-Patrie,Triplex,6,3.4,4091,,1931.0,,0,0,Good,2023.0,8.3,9.9,6.9,23,2022-02-01,746700,6810
MTL-101924,Laval,Condo,2,1.8,1123,0.0,1974.0,1.0,1,0,Good,,6.8,9.2,19.3,51,2022-05-06,313900,3000
MTL-100961,Rosemont-La Petite-Patrie,Condo,3,2.6,1423,0.0,1932.0,1.0,1,0,Fair,,6.1,16.1,8.7,21,2022-10-31,450800,4310
MTL-100910,Rosemont-La Petite-Patrie,Detached,3,2.1,2546,9376.0,1924.0,1.0,1,0,Excellent,,6.1,13.6,6.1,60,2022-06-13,740400,6140
MTL-102165,Saint-Laurent,Duplex,3,2.4,2983,9996.0,1998.0,1.0,0,0,Good,,7.5,13.5,9.5,41,2023-09-07,582100,5770
MTL-100894,NDG (Notre-Dame-de-Grâce),Townhouse,3,2.5,1579,2359.0,2022.0,2.0,0,0,Good,,8.9,6.6,5.1,51,2023-02-09,544300,3970
MTL-102247,Laval,Condo,3,2.0,1331,,1973.0,3.0,1,0,Excellent,,7.0,11.8,12.2,15,2022-04-16,474100,5010
MTL-100634,Outremont,Condo,1,1.0,1385,0.0,1950.0,1.0,1,0,Good,,8.6,8.6,4.3,59,2023-10-07,810100,6080
MTL-100332,Westmount,Condo,1,1.0,400,0.0,1933.0,2.0,1,0,Fair,,8.5,4.8,2.5,16,2023-04-29,223300,2040
MTL-101903,Westmount,Detached,4,2.6,2375,3376.0,2022.0,0.0,1,0,Good,,8.3,4.5,2.3,57,2023-01-03,1273100,9430
MTL-100248,Saint-Laurent,Triplex,4,2.6,4084,7386.0,1989.0,,1,1,Excellent,,8.7,9.5,11.8,52,2022-06-27,825300,6460
MTL-101620,Verdun,Condo,1,1.0,1309,0.0,2021.0,1.0,1,0,Excellent,,8.8,8.8,5.6,40,2021-04-14,714000,6040
MTL-100603,Outremont,Detached,4,2.3,2615,4860.0,2001.0,2.0,1,0,Good,,9.6,8.1,2.8,38,2022-06-20,1051200,11340
MTL-101940,Westmount,Townhouse,4,2.4,1795,4732.0,1934.0,1.0,0,1,Good,,8.5,7.2,2.9,64,2022-08-17,895300,8960
MTL-100404,Ville-Marie (Downtown),Semi-Detached,3,1.7,2466,,1954.0,2.0,1,0,Excellent,1991.0,5.4,31.0,1.0,26,2021-05-01,851200,7400
MTL-102009,Verdun,Townhouse,3,1.8,2402,6220.0,1924.0,3.0,1,0,Poor,,,13.9,8.7,22,2023-03-20,520000,5300
MTL-102385,Rosemont-La Petite-Patrie,Townhouse,3,2.4,2050,3546.0,1958.0,0.0,1,0,Excellent,1978.0,7.9,16.5,5.7,33,2022-07-21,691600,7400
MTL-101680,Griffintown,Detached,4,2.8,3169,5920.0,1992.0,0.0,1,0,Fair,,5.6,15.7,2.5,48,2023-04-30,1097500,8710
MTL-101700,Saint-Laurent,Triplex,4,3.5,3296,10912.0,1957.0,1.0,0,0,Fair,,6.9,9.2,12.9,54,2023-04-17,540600,4560
MTL-101588,Griffintown,Triplex,3,1.9,3646,5972.0,1929.0,1.0,1,0,Good,,7.2,23.6,3.3,42,2021-08-14,731000,5160
MTL-100124,Le Plateau-Mont-Royal,Detached,5,3.6,1895,5235.0,1955.0,1.0,1,0,Good,1993.0,6.5,17.6,4.2,45,2023-11-11,616700,5700
MTL-101428,NDG (Notre-Dame-de-Grâce),Duplex,4,2.4,3272,8139.0,1930.0,2.0,0,0,Fair,2023.0,7.7,10.7,8.5,31,2021-01-01,707900,5990
MTL-101193,NDG (Notre-Dame-de-Grâce),Condo,3,1.7,1789,0.0,2020.0,0.0,0,0,Poor,,8.2,10.5,5.0,16,2023-03-23,669200,6600
MTL-100481,NDG (Notre-Dame-de-Grâce),Condo,1,1.0,1078,0.0,1925.0,1.0,1,0,Fair,1982.0,8.6,7.6,6.5,25,2021-12-02,369700,3070
MTL-100175,Le Plateau-Mont-Royal,Condo,3,2.3,1429,0.0,2101.0,0.0,0,0,Good,,6.2,,4.5,33,2023-07-12,744400,8030
MTL-102256,Verdun,Condo,1,1.0,628,0.0,1995.0,0.0,1,0,Good,2004.0,8.7,16.8,6.7,20,2021-11-13,283800,2160
MTL-101863,Rosemont-La Petite-Patrie,Semi-Detached,2,1.2,2104,5959.0,2015.0,2.0,0,0,Good,,7.6,19.8,5.0,32,2022-09-13,666900,7020
MTL-102158,Verdun,Condo,1,1.0,1132,,1976.0,2.0,0,0,Good,,,8.5,7.2,32,2023-01-26,461100,4280
MTL-100011,Saint-Laurent,Townhouse,4,3.6,2330,4851.0,1978.0,0.0,0,0,Excellent,,8.9,13.9,13.9,41,2023-11-27,644800,5810
MTL-101211,Verdun,Duplex,3,2.0,3172,10628.0,1965.0,0.0,1,0,Fair,,,17.3,5.6,43,2023-04-08,676300,6810
MTL-100517,Laval,Detached,4,3.1,2729,5151.0,1920.0,2.0,0,1,Good,,6.1,9.9,17.7,31,2021-05-07,530600,4440
MTL-101890,Outremont,Condo,2,1.8,1443,0.0,2000.0,1.0,0,0,Excellent,,8.8,9.0,2.9,25,2021-12-07,1083100,10710
MTL-102417,Westmount,Detached,3,1.9,1966,6637.0,1962.0,1.0,1,0,Good,2020.0,9.6,6.0,3.0,33,2021-10-07,1002600,7840
MTL-101954,Saint-Laurent,Triplex,5,4.3,4017,12777.0,1979.0,1.0,0,0,Good,,7.9,13.7,10.2,38,2021-04-23,640200,6730
MTL-100566,Griffintown,Condo,2,1.4,1373,0.0,1969.0,,1,0,Fair,1983.0,5.3,15.6,1.5,21,2021-03-10,708700,7550
MTL-100927,Rosemont-La Petite-Patrie,Duplex,5,4.5,3507,6218.0,1988.0,1.0,1,0,Good,1997.0,8.2,16.4,4.2,47,2022-10-17,762800,6630
MTL-101093,Verdun,Semi-Detached,4,3.5,1819,3759.0,2021.0,2.0,0,0,Poor,,,8.6,4.3,27,2023-01-14,517200,4740
MTL-102233,Laval,Townhouse,3,2.5,1862,3593.0,2022.0,3.0,1,0,Excellent,,8.5,10.9,13.1,10,2022-07-20,564900,4130
MTL-101990,Ahuntsic-Cartierville,Condo,3,2.2,1780,0.0,1980.0,2.0,1,0,Good,,6.5,14.2,7.7,28,2022-11-15,661400,5260
MTL-101609,Rosemont-La Petite-Patrie,Semi-Detached,3,2.4,2465,8875.0,,2.0,0,0,Good,1973.0,8.0,13.1,6.5,74,2023-07-11,670000,7030
MTL-101736,Verdun,Condo,3,1.7,1355,0.0,1989.0,1.0,1,0,Good,2004.0,8.5,12.5,8.5,34,2022-08-25,588100,5750
MTL-101055,Griffintown,Duplex,4,3.2,3536,13206.0,1982.0,2.0,1,0,,,5.0,15.1,3.2,46,2023-10-24,1000000,8520
MTL-102169,Ville-Marie (Downtown),Duplex,3,2.5,2887,,1923.0,2.0,1,0,Excellent,,5.5,20.9,0.4,63,2022-04-16,762800,8370
MTL-101475,NDG (Notre-Dame-de-Grâce),Townhouse,5,3.7,2021,6785.0,2000.0,0.0,0,0,Good,,7.6,11.5,6.1,30,2021-06-12,610000,5410
MTL-100085,Ville-Marie (Downtown),Duplex,4,3.1,2930,10807.0,,2.0,0,0,Poor,,6.7,33.9,0.1,24,2021-05-25,722900,7580
MTL-101681,Saint-Laurent,Duplex,3,2.1,2549,,,0.0,1,0,Fair,,7.4,11.1,15.5,33,2023-10-28,521500,5550
MTL-102363,Verdun,Condo,3,2.5,1329,0.0,,2.0,1,1,Fair,,6.8,10.3,5.5,30,2023-01-15,544400,5710
MTL-100147,Verdun,Semi-Detached,5,3.1,2373,4506.0,1924.0,1.0,1,0,Excellent,,,13.4,8.1,24,2021-04-12,712500,6910
MTL-100034,Saint-Laurent,Duplex,3,2.5,2939,3488.0,1953.0,1.0,1,0,Excellent,,8.6,12.0,12.6,12,2021-07-12,575000,4670
MTL-100069,Saint-Laurent,Townhouse,2,1.1,2112,5081.0,1944.0,1.0,1,0,Good,,6.5,8.7,13.8,62,2023-03-12,541600,4070
MTL-101328,NDG (Notre-Dame-de-Grâce),Triplex,4,2.7,3434,12422.0,1986.0,2.0,0,1,Fair,,,,6.2,15,2021-02-07,755600,6280
MTL-100765,Rosemont-La Petite-Patrie,Condo,2,1.1,1455,0.0,1930.0,0.0,1,0,Fair,1977.0,6.3,8.5,5.5,58,2023-09-30,418900,4440
MTL-101267,Verdun,Detached,2,1.2,1980,4832.0,1949.0,3.0,1,0,Good,,8.0,10.6,4.4,50,2021-07-21,579300,5010
MTL-102194,Le Plateau-Mont-Royal,Detached,4,2.8,2663,3220.0,1996.0,3.0,1,0,Excellent,,7.6,20.3,2.1,48,2022-07-18,1063100,11620
MTL-102017,Longueuil,Townhouse,2,1.6,1577,5621.0,2000.0,0.0,0,0,Excellent,,7.1,7.8,14.0,18,2023-05-20,440500,4680
MTL-101345,Griffintown,Duplex,3,2.4,2755,5617.0,1939.0,2.0,1,0,Poor,1956.0,5.2,22.5,3.7,41,2021-06-11,586400,4300
MTL-100310,Verdun,Condo,1,1.0,1179,0.0,1997.0,1.0,0,1,Excellent,,8.8,8.7,7.3,48,2021-12-01,548700,4910
MTL-101327,Ahuntsic-Cartierville,Detached,3,2.0,2299,4773.0,1979.0,0.0,1,0,Excellent,,6.0,12.7,11.7,18,2023-12-02,600100,6360
MTL-100892,Laval,Townhouse,3,2.7,1970,4014.0,1923.0,2.0,1,0,Good,,8.2,6.7,19.8,34,2022-06-24,451600,4820
MTL-102421,Westmount,Duplex,5,4.3,3591,13322.0,1925.0,1.0,1,0,Good,,10.0,7.9,4.9,51,2021-02-22,1143300,9160
MTL-101896,Rosemont-La Petite-Patrie,Condo,3,1.7,1363,,2007.0,0.0,1,0,Excellent,,8.4,15.7,7.1,40,2021-10-09,670000,5390
MTL-101170,Rosemont-La Petite-Patrie,Condo,1,1.0,1275,0.0,2003.0,0.0,0,0,Good,,6.2,12.0,7.2,44,2022-12-13,499400,4030
MTL-102328,NDG (Notre-Dame-de-Grâce),Condo,1,1.0,809,0.0,2014.0,2.0,0,0,Poor,2021.0,8.1,15.4,5.3,31,2022-01-28,328700,2370
MTL-102236,Longueuil,Semi-Detached,4,3.2,2018,3045.0,1981.0,2.0,1,0,Good,,,12.0,13.8,33,2023-12-19,423000,4270
MTL-100061,Ville-Marie (Downtown),Duplex,6,4.7,4123,5652.0,1939.0,1.0,0,0,Poor,2018.0,7.1,30.1,1.0,21,2023-12-03,798400,7130
MTL-100389,Laval,Triplex,6,4.1,3790,12871.0,1925.0,1.0,1,0,Excellent,,7.4,4.2,20.8,42,2021-08-31,541100,4530
MTL-101821,Le Plateau-Mont-Royal,Townhouse,3,2.6,2026,6313.0,1947.0,1.0,1,0,Good,1957.0,6.9,21.9,1.9,19,2023-07-15,698700,5740
MTL-100689,Le Plateau-Mont-Royal,Triplex,5,3.4,4132,9677.0,2022.0,0.0,1,0,Excellent,,6.9,21.3,2.4,27,2021-11-06,1226000,12930
MTL-100492,Ville-Marie (Downtown),Semi-Detached,4,2.6,2903,3898.0,1980.0,0.0,0,0,Fair,,7.5,28.2,0.1,30,2022-08-30,926700,7440
MTL-100578,Verdun,Condo,3,2.0,2088,,1968.0,1.0,1,0,Excellent,2012.0,,11.7,6.9,36,2021-12-27,1071100,9320
MTL-101944,Ahuntsic-Cartierville,Detached,4,2.9,2562,4141.0,,1.0,0,0,Poor,,8.9,13.1,7.3,29,2023-08-21,458400,4310
MTL-101571,Le Plateau-Mont-Royal,Duplex,3,2.4,3504,5732.0,1971.0,1.0,1,0,Fair,1978.0,7.9,,5.0,35,2021-01-09,871300,6270
MTL-100823,Griffintown,Semi-Detached,4,2.8,2502,6041.0,2017.0,1.0,0,0,Excellent,,6.1,19.4,2.1,69,2023-03-10,954800,9550
MTL-102419,Griffintown,Condo,2,1.4,1839,0.0,1990.0,2.0,0,0,Excellent,2016.0,5.2,17.5,3.5,61,2023-02-25,1043500,9150
MTL-100128,Westmount,Detached,3,2.6,1979,7156.0,1930.0,1.0,0,0,Excellent,,8.4,4.1,4.2,50,2021-10-31,878400,6490
MTL-101348,Saint-Laurent,Duplex,4,2.8,3625,12075.0,1937.0,1.0,1,0,Good,2005.0,8.7,13.5,12.1,26,2022-12-11,660800,7170
MTL-101701,Verdun,Condo,2,1.4,1585,0.0,1981.0,0.0,0,0,Good,,7.1,11.1,6.9,56,2021-09-22,573500,5680
MTL-102242,Rosemont-La Petite-Patrie,Condo,1,1.0,783,0.0,2014.0,2.0,1,0,,2019.0,8.2,9.6,5.0,25,2023-04-01,370900,2970
MTL-100933,Rosemont-La Petite-Patrie,Detached,5,4.3,3201,8205.0,2020.0,,0,0,Poor,,6.9,9.7,5.6,24,2021-12-14,690300,7140
MTL-101195,Laval,Condo,1,1.0,1029,0.0,1920.0,0.0,1,1,Fair,2021.0,7.4,6.7,12.4,16,2023-04-20,278500,2750
MTL-101623,Saint-Laurent,Townhouse,3,2.6,2644,,1935.0,1.0,0,0,Good,,6.3,8.9,10.2,9,2022-12-15,678700,5980
MTL-101904,Ahuntsic-Cartierville,Townhouse,3,1.8,2213,3897.0,2016.0,1.0,0,0,Fair,,6.8,6.9,7.1,37,2023-05-19,607800,5460
MTL-100671,Longueuil,Condo,1,1.0,1111,0.0,1951.0,1.0,1,1,Good,,5.3,13.0,17.4,30,2023-05-17,316800,2830
MTL-100062,Laval,Condo,2,1.2,930,0.0,1999.0,1.0,1,0,Fair,2002.0,6.0,11.4,14.9,37,2023-09-07,276900,2370
MTL-100154,Saint-Laurent,Duplex,5,4.1,3227,7180.0,2016.0,0.0,1,0,Fair,2016.0,8.9,7.7,14.9,28,2022-11-03,702000,7060
MTL-101919,Griffintown,Condo,2,1.5,1534,0.0,1968.0,1.0,0,0,Good,,7.0,19.4,1.8,17,2022-11-09,749600,6600
MTL-101897,Le Plateau-Mont-Royal,Condo,1,1.0,1100,0.0,1967.0,2.0,0,0,Excellent,,6.8,15.2,3.3,25,2022-06-23,623400,4900
MTL-101358,Ville-Marie (Downtown),Detached,5,3.8,3785,13027.0,1957.0,0.0,1,0,Excellent,2019.0,6.4,19.7,1.5,19,2022-10-19,1487000,13430
MTL-101472,Laval,Condo,2,1.3,991,,1974.0,,0,1,Fair,,8.2,10.7,21.5,31,2023-11-05,282400,2090
MTL-100845,Griffintown,Duplex,3,2.4,2777,5664.0,1994.0,2.0,0,0,Excellent,1997.0,5.1,22.9,3.5,37,2021-12-08,867900,9150
MTL-100759,Ahuntsic-Cartierville,Townhouse,3,2.5,1990,6818.0,1957.0,0.0,0,0,Fair,,8.9,13.4,7.9,23,2022-02-23,491200,3660
MTL-100637,Ville-Marie (Downtown),Duplex,5,4.4,3943,9536.0,1973.0,1.0,1,0,Good,1974.0,,22.2,0.8,20,2022-09-20,1026800,7300
MTL-102069,Ville-Marie (Downtown),Triplex,3,2.5,3566,6536.0,1997.0,,1,0,Good,,5.4,28.7,1.4,17,2022-11-15,867700,7550
MTL-101156,Le Plateau-Mont-Royal,Detached,4,3.0,2641,7030.0,,0.0,1,0,Excellent,,8.8,10.8,2.1,16,2021-04-24,766500,6950
MTL-100703,Le Plateau-Mont-Royal,Triplex,4,2.7,4134,5702.0,1970.0,1.0,1,0,Good,,,16.5,3.0,54,2023-01-13,845700,6650
MTL-101608,Le Plateau-Mont-Royal,Townhouse,5,3.1,2220,2965.0,1942.0,2.0,0,0,Good,,8.7,14.4,4.2,31,2023-08-31,840300,8580
MTL-102152,Ahuntsic-Cartierville,Detached,5,3.2,2685,7203.0,1929.0,1.0,1,0,Fair,,8.3,12.1,11.9,30,2021-03-21,581500,5380
MTL-100626,Verdun,Duplex,4,2.4,3096,6715.0,1969.0,1.0,1,0,Good,,6.0,13.8,6.4,27,2022-04-03,663600,4980
MTL-101197,Saint-Laurent,Duplex,5,3.8,3006,8768.0,1946.0,2.0,0,0,Poor,,7.7,7.7,14.6,34,2023-08-03,438300,4630
MTL-101032,Le Plateau-Mont-Royal,Condo,2,1.5,1187,,1945.0,2.0,0,0,Fair,,7.2,12.5,3.8,10,2023-01-24,469200,4790
MTL-100692,Verdun,Townhouse,4,2.7,2769,7854.0,1998.0,2.0,0,0,Good,,7.7,16.6,4.2,19,2021-07-30,1028800,9530
MTL-102206,Ville-Marie (Downtown),Triplex,4,2.2,4180,7209.0,,1.0,0,0,Good,,6.4,24.6,0.2,26,2021-10-31,1040900,10170
MTL-102192,NDG (Notre-Dame-de-Grâce),Detached,3,2.1,1713,5026.0,1947.0,2.0,1,0,Good,,8.5,7.0,8.5,6,2021-08-13,433300,3600
MTL-100157,Ahuntsic-Cartierville,Triplex,5,3.9,4107,7955.0,2006.0,0.0,0,1,Good,2009.0,7.5,12.1,10.9,27,2021-11-15,746600,6470
MTL-101057,Griffintown,Detached,3,2.3,2385,4374.0,1987.0,0.0,1,0,Good,2006.0,7.7,22.2,3.5,31,2022-11-03,968000,10160
MTL-102127,Le Plateau-Mont-Royal,Semi-Detached,3,2.6,2118,7655.0,1947.0,2.0,0,0,Good,,8.3,11.1,1.6,13,2021-04-22,750400,7910
MTL-101453,Rosemont-La Petite-Patrie,Condo,1,1.0,1033,0.0,2020.0,2.0,1,0,,,8.6,17.5,4.8,58,2023-04-29,394900,4320
MTL-101102,Longueuil,Condo,1,1.0,1139,0.0,,2.0,1,0,Good,,7.5,11.6,16.4,41,2023-12-19,328500,2590
MTL-100298,NDG (Notre-Dame-de-Grâce),Townhouse,3,1.9,2656,5997.0,1959.0,0.0,1,0,Good,1959.0,8.0,9.6,9.3,33,2023-08-06,771600,8390
MTL-102442,Ahuntsic-Cartierville,Triplex,3,1.7,3591,11760.0,1994.0,1.0,0,0,Good,1996.0,6.6,10.4,9.3,18,2021-11-24,709700,7450
MTL-100020,Rosemont-La Petite-Patrie,Duplex,5,3.4,3819,4250.0,1953.0,1.0,1,0,Good,,7.1,10.4,8.7,28,2023-12-12,895800,9640
MTL-102193,Rosemont-La Petite-Patrie,Semi-Detached,3,2.5,1886,4557.0,1962.0,2.0,0,0,Fair,,7.9,19.5,8.8,30,2023-02-26,467600,4010
MTL-101082,Griffintown,Detached,3,2.6,2468,5869.0,1948.0,1.0,1,0,Good,,6.5,23.4,2.2,45,2023-09-22,900800,6660
MTL-100199,Ahuntsic-Cartierville,Triplex,4,2.6,4053,12819.0,2020.0,2.0,0,1,Excellent,2021.0,8.0,9.7,10.4,50,2021-10-18,904800,8470
MTL-101508,Rosemont-La Petite-Patrie,Duplex,6,4.3,3475,12775.0,1993.0,1.0,0,0,Good,,7.8,8.8,8.6,32,2023-10-25,923200,9540
MTL-102080,Westmount,Townhouse,3,1.9,1807,5251.0,1985.0,1.0,0,0,Poor,,8.0,7.4,2.6,44,2021-07-03,705300,7400
MTL-100140,Saint-Laurent,Condo,2,,1115,0.0,2005.0,0.0,1,0,Fair,2016.0,7.5,6.0,12.9,34,2023-01-15,438000,4690
MTL-100036,Ville-Marie (Downtown),Duplex,5,4.1,2690,5235.0,1977.0,1.0,1,0,Fair,2020.0,6.6,25.1,2.6,16,2021-10-21,787800,5890
MTL-100304,Ahuntsic-Cartierville,Semi-Detached,3,1.8,2072,6648.0,1958.0,3.0,0,0,Fair,,7.2,11.2,9.4,25,2023-01-20,525900,3710
MTL-100025,Ahuntsic-Cartierville,Condo,2,1.5,1372,0.0,1946.0,2.0,0,0,Fair,,8.1,11.5,12.7,46,2022-12-03,439300,4040
MTL-101465,Westmount,Triplex,3,2.3,3319,6646.0,1984.0,2.0,1,0,Good,,,7.9,2.6,45,2023-12-07,1028000,9050
MTL-100018,Verdun,Duplex,4,3.3,2979,6053.0,,0.0,0,0,Fair,,6.9,13.7,7.8,66,2022-05-01,693600,6940
MTL-100072,Westmount,Condo,2,1.2,970,0.0,1990.0,0.0,1,0,Excellent,1991.0,8.4,6.2,5.9,20,2023-09-06,671100,7280
MTL-101065,Ahuntsic-Cartierville,Duplex,5,3.7,2905,,1998.0,0.0,0,0,Poor,,7.0,6.3,7.4,9,2023-10-11,530900,3740
MTL-100046,Ville-Marie (Downtown),Condo,2,1.6,1538,0.0,1962.0,0.0,1,0,Good,,5.1,24.4,2.0,37,2021-02-04,744000,6100
MTL-101460,Griffintown,Semi-Detached,3,1.9,2655,6735.0,1982.0,3.0,0,0,Excellent,,5.9,18.3,3.3,23,2022-04-13,1124600,10720
MTL-100121,Longueuil,Townhouse,5,3.7,2169,3635.0,1986.0,1.0,0,0,Good,,5.6,11.1,15.4,23,2023-09-27,458900,3800
MTL-100979,Rosemont-La Petite-Patrie,Detached,4,3.5,2492,2844.0,1956.0,2.0,0,0,Good,,8.7,15.8,4.8,80,2023-02-25,701500,7060
MTL-101293,NDG (Notre-Dame-de-Grâce),Duplex,4,3.2,3310,11346.0,1977.0,1.0,0,0,Excellent,1990.0,8.7,10.0,9.3,37,2023-04-23,947200,10010
MTL-101637,Le Plateau-Mont-Royal,Condo,2,1.3,1505,0.0,1998.0,0.0,0,0,Good,2003.0,8.3,18.1,3.1,61,2023-08-01,802000,8550
MTL-100980,Ville-Marie (Downtown),Condo,2,1.1,489,0.0,1968.0,1.0,1,0,Good,,6.0,22.7,2.0,69,2022-07-09,227500,2450
MTL-100038,NDG (Notre-Dame-de-Grâce),Duplex,5,3.5,3878,,1973.0,1.0,1,1,Good,1996.0,8.1,8.7,9.7,19,2023-10-08,944500,9240
MTL-102324,Laval,Semi-Detached,2,1.4,2407,6955.0,1980.0,,1,1,Fair,,6.1,10.0,12.4,18,2022-05-22,552300,4290
MTL-101533,Ville-Marie (Downtown),Townhouse,2,1.7,1546,2983.0,1959.0,2.0,0,0,Good,1975.0,7.9,19.0,1.9,14,2022-06-17,576500,5020
MTL-100522,Saint-Laurent,Duplex,5,4.2,3208,9952.0,2019.0,3.0,0,0,Good,,7.7,6.9,10.7,38,2021-08-28,626900,6150
MTL-100070,Ahuntsic-Cartierville,Detached,4,2.7,3211,9850.0,1976.0,0.0,1,0,Good,2017.0,8.9,15.3,10.6,24,2021-06-20,812800,6990
MTL-101231,Le Plateau-Mont-Royal,Townhouse,5,4.1,2994,9759.0,1979.0,0.0,0,0,Good,,6.9,21.9,4.5,32,2022-09-17,1078300,11320
MTL-101223,Longueuil,Condo,2,1.4,1184,0.0,1964.0,1.0,1,0,Excellent,2000.0,7.6,6.5,17.0,30,2021-11-19,332200,2540
MTL-101402,Westmount,Townhouse,3,2.5,2120,4979.0,1939.0,2.0,0,0,Excellent,1970.0,8.9,9.7,4.6,41,2021-02-20,969300,7120
MTL-100800,NDG (Notre-Dame-de-Grâce),Detached,3,2.5,3009,4229.0,1940.0,3.0,1,0,Poor,1967.0,8.8,10.3,7.7,21,2022-05-26,707000,7190
MTL-100654,Verdun,Detached,2,1.7,2601,5639.0,1928.0,0.0,0,0,Good,,8.1,10.9,5.5,40,2021-07-07,728000,5310
MTL-100719,Ahuntsic-Cartierville,Duplex,3,2.4,3507,5021.0,1976.0,0.0,1,0,Excellent,1980.0,7.2,13.4,12.3,20,2021-08-13,681900,4960
MTL-102214,Ahuntsic-Cartierville,Semi-Detached,2,1.4,1910,6846.0,1920.0,0.0,1,0,Good,2004.0,7.6,15.2,12.7,19,2023-03-05,394100,4210
MTL-101259,Rosemont-La Petite-Patrie,Triplex,3,2.2,4181,8440.0,1988.0,2.0,0,1,Poor,2005.0,7.5,8.3,4.1,52,2021-10-01,692200,5770
MTL-102183,Ville-Marie (Downtown),Condo,2,1.7,1681,0.0,1924.0,2.0,0,0,Fair,,5.7,34.5,2.8,24,2022-01-31,579700,4920
MTL-101418,Verdun,Duplex,5,3.5,3251,7056.0,1998.0,0.0,0,0,Good,2015.0,8.1,13.6,4.4,11,2022-09-18,771700,8070
MTL-102338,Le Plateau-Mont-Royal,Condo,2,1.6,698,0.0,1943.0,2.0,1,0,Good,,8.3,14.8,2.8,34,2021-05-30,345400,2940
MTL-101696,Westmount,Condo,2,1.6,868,0.0,2014.0,1.0,0,0,Fair,2018.0,,8.5,2.8,29,2022-02-06,550300,5910
MTL-102496,Rosemont-La Petite-Patrie,Condo,1,1.0,829,0.0,2000.0,1.0,1,0,Excellent,,8.7,11.6,5.2,18,2022-08-05,417900,4170
MTL-101008,Ville-Marie (Downtown),Triplex,5,4.4,4380,8320.0,1954.0,3.0,0,0,,,7.0,,2.1,26,2023-02-10,992400,7520
MTL-101374,Ville-Marie (Downtown),Condo,1,1.0,771,0.0,1978.0,2.0,0,0,Good,,5.5,21.3,0.1,35,2023-07-09,383100,2720
MTL-102307,Rosemont-La Petite-Patrie,Townhouse,3,2.3,1467,1919.0,2013.0,0.0,1,0,Fair,2013.0,7.5,9.8,8.4,24,2022-07-14,467900,3440
MTL-100877,NDG (Notre-Dame-de-Grâce),Condo,2,1.3,1545,0.0,1943.0,0.0,0,0,Fair,,7.1,10.7,5.6,16,2021-03-30,514700,5600
MTL-101028,Ville-Marie (Downtown),Townhouse,4,3.2,1828,6581.0,1945.0,2.0,1,0,Fair,,7.4,27.0,3.0,11,2021-11-27,502600,4190
MTL-100916,Ville-Marie (Downtown),Condo,3,2.5,1294,0.0,1934.0,0.0,1,0,Fair,,7.7,25.1,2.3,29,2023-12-11,521100,4070
MTL-100903,Rosemont-La Petite-Patrie,Condo,2,1.5,1383,0.0,1947.0,,1,0,Good,,8.0,18.5,5.6,33,2021-07-29,500700,5290
MTL-102099,Griffintown,Condo,3,2.1,1586,0.0,1996.0,1.0,1,0,Fair,,5.4,20.6,3.0,49,2023-12-04,796900,6930
MTL-101414,Rosemont-La Petite-Patrie,Townhouse,3,1.7,1908,4595.0,1976.0,1.0,1,0,Good,,8.2,15.8,4.8,31,2021-01-17,605700,5980
MTL-101015,Longueuil,Townhouse,4,2.6,2288,2946.0,2020.0,1.0,0,0,Good,2022.0,7.3,9.6,19.0,25,2021-01-21,603600,5200
MTL-102065,Ahuntsic-Cartierville,Townhouse,4,2.7,2310,,,2.0,0,0,Good,,6.4,12.4,12.8,33,2022-02-21,529300,5470
MTL-101922,Rosemont-La Petite-Patrie,Semi-Detached,3,2.3,1941,3111.0,1977.0,1.0,1,1,Excellent,2017.0,7.6,8.5,8.7,36,2022-07-03,706000,5630
MTL-100021,Le Plateau-Mont-Royal,Condo,2,1.5,1554,0.0,1995.0,2.0,0,0,Excellent,,7.3,12.1,3.1,70,2023-02-11,758200,6460
MTL-101597,Outremont,Condo,1,1.0,1212,0.0,2001.0,3.0,0,0,Fair,2006.0,9.9,5.2,4.0,24,2022-09-16,704700,6670
MTL-100222,Outremont,Triplex,3,1.7,3933,8206.0,1987.0,,1,0,Fair,,9.4,9.5,4.1,30,2022-09-09,1028200,9760
MTL-101075,Griffintown,Detached,2,1.1,2007,7171.0,1971.0,1.0,1,0,,,6.9,13.7,2.4,17,2022-05-31,821700,5840
MTL-101440,Saint-Laurent,Duplex,4,2.8,2900,10152.0,1921.0,0.0,1,0,Excellent,,7.3,8.1,14.1,55,2022-10-08,563200,5540
MTL-100243,Griffintown,Condo,3,2.0,1231,0.0,1973.0,3.0,0,0,Poor,,8.0,14.7,3.2,25,2022-07-07,538900,5550
MTL-102252,NDG (Notre-Dame-de-Grâce),Duplex,4,2.9,3053,8267.0,1981.0,2.0,1,0,Good,,8.1,8.6,7.8,56,2023-11-04,833500,6430
MTL-101640,Rosemont-La Petite-Patrie,Detached,4,2.8,2805,,2000.0,2.0,0,0,Good,2008.0,8.5,12.5,4.5,32,2023-02-28,902500,6560
MTL-101369,Le Plateau-Mont-Royal,Condo,3,2.0,1241,0.0,1962.0,2.0,0,0,Good,2000.0,8.8,18.4,1.3,13,2021-01-30,529200,5430
MTL-101602,Le Plateau-Mont-Royal,Semi-Detached,3,2.0,2256,7839.0,2015.0,1.0,1,0,Good,2020.0,8.7,16.2,3.8,48,2022-05-24,970400,6960
MTL-101521,Longueuil,Condo,1,1.0,1069,0.0,1964.0,1.0,1,0,Excellent,,7.4,9.8,14.9,29,2022-03-18,334900,2690
MTL-102173,Laval,Condo,2,1.2,1326,0.0,2005.0,0.0,1,0,Excellent,2010.0,7.0,10.1,14.8,20,2023-09-28,483800,3820
MTL-100040,Le Plateau-Mont-Royal,Duplex,5,3.1,2768,6235.0,1922.0,2.0,1,0,Good,1974.0,8.4,18.0,1.0,47,2021-05-29,716000,6790
MTL-101548,Westmount,Triplex,3,2.7,3677,13284.0,1929.0,2.0,1,0,Good,1963.0,8.3,6.5,3.7,61,2022-09-30,901300,8680
MTL-102189,NDG (Notre-Dame-de-Grâce),Townhouse,4,3.4,2631,5747.0,1931.0,0.0,1,0,Good,,8.1,15.9,6.3,39,2021-07-14,649200,6860
MTL-100288,Ville-Marie (Downtown),Townhouse,2,1.1,1968,3413.0,1943.0,1.0,1,0,Fair,,7.1,28.2,0.3,55,2021-06-13,582700,5640
MTL-101091,NDG (Notre-Dame-de-Grâce),Condo,2,1.1,1465,,,2.0,1,0,Good,1995.0,7.6,9.0,9.7,60,2022-01-28,679200,6300
MTL-101562,Ahuntsic-Cartierville,Duplex,3,2.5,2969,9726.0,1983.0,2.0,1,0,Good,,7.5,13.5,7.2,5,2021-05-24,689400,6910
MTL-100972,Ahuntsic-Cartierville,Semi-Detached,4,2.8,1834,4045.0,1963.0,1.0,0,0,Good,1975.0,6.1,12.9,10.2,6,2022-12-18,427600,3990
MTL-102182,Westmount,Townhouse,4,2.6,2237,3284.0,2019.0,0.0,0,0,Good,,8.9,7.4,4.2,29,2021-01-30,1180900,9060
MTL-102434,Saint-Laurent,Detached,2,1.3,2364,8163.0,1989.0,2.0,0,0,Good,2020.0,7.6,10.9,14.3,38,2021-06-28,629800,6260
MTL-100283,Outremont,Triplex,6,3.3,4444,13921.0,1987.0,1.0,1,0,Good,,10.0,7.6,3.2,46,2023-08-04,1298000,10780
MTL-101107,Ahuntsic-Cartierville,Condo,1,1.0,1293,0.0,1999.0,1.0,0,0,Fair,,6.4,10.6,9.8,52,2023-07-05,404600,3310
MTL-100588,Le Plateau-Mont-Royal,Semi-Detached,5,2.8,2782,8759.0,1970.0,2.0,1,0,Good,1987.0,7.0,11.8,4.0,34,2023-05-28,1058900,11450
MTL-102477,Laval,Condo,1,1.0,1233,0.0,1920.0,1.0,1,0,Fair,1975.0,6.5,6.7,12.6,41,2023-01-29,327300,2650
MTL-101292,Rosemont-La Petite-Patrie,Semi-Detached,5,3.0,2797,,1925.0,3.0,1,0,Fair,1996.0,7.2,10.9,4.7,73,2023-12-04,771500,5690
MTL-101625,NDG (Notre-Dame-de-Grâce),Duplex,3,2.7,2737,7132.0,1990.0,0.0,1,0,Good,1995.0,8.2,8.9,5.2,49,2021-07-26,645200,6360
MTL-100043,Longueuil,Semi-Detached,4,3.6,2542,8954.0,1925.0,0.0,1,0,Fair,1983.0,6.0,6.7,14.2,34,2022-03-11,491900,5170
MTL-102016,Griffintown,Semi-Detached,3,2.1,2621,8672.0,2017.0,2.0,1,0,Good,,7.5,24.3,1.2,42,2022-03-01,1077600,10310
MTL-100180,Griffintown,Condo,2,1.8,956,0.0,1945.0,1.0,1,0,Good,1948.0,6.5,21.9,3.8,47,2023-08-12,435900,4440
MTL-100146,Rosemont-La Petite-Patrie,Townhouse,4,2.9,1948,4737.0,1924.0,0.0,1,1,Good,,6.0,17.2,5.7,38,2021-11-05,536200,3850
MTL-101674,Laval,Townhouse,2,,1879,4442.0,,2.0,0,0,Good,,7.0,8.8,14.1,35,2023-07-29,436000,3970
MTL-101501,Verdun,Triplex,3,2.2,3674,4262.0,,2.0,1,0,Good,,6.1,15.3,5.3,56,2021-02-13,734800,5820
MTL-100413,Rosemont-La Petite-Patrie,Townhouse,2,1.1,1477,5130.0,1986.0,0.0,1,1,Excellent,2002.0,,9.0,7.7,25,2021-10-08,503300,5070
MTL-100828,Ahuntsic-Cartierville,Condo,2,1.7,1312,0.0,1983.0,1.0,1,0,Fair,2023.0,8.2,11.0,10.9,25,2023-09-12,493300,4510
MTL-100606,Le Plateau-Mont-Royal,Duplex,6,3.7,3935,11862.0,1957.0,1.0,1,0,Excellent,,7.3,17.5,2.8,16,2022-07-12,1010500,10470
MTL-100425,Rosemont-La Petite-Patrie,Townhouse,4,2.6,2682,4021.0,1935.0,0.0,1,1,Good,1973.0,8.9,13.8,5.6,32,2022-11-10,709800,6290
MTL-100485,Longueuil,Townhouse,5,,1883,6526.0,,0.0,1,0,Fair,2020.0,6.3,7.2,18.0,27,2021-08-11,356400,3100
MTL-100172,Verdun,Duplex,3,2.6,2802,9647.0,2008.0,0.0,0,0,Fair,,6.6,13.0,6.7,43,2023-12-04,685900,4980
MTL-100549,Ahuntsic-Cartierville,Condo,1,1.0,1086,,1944.0,1.0,0,0,Fair,1967.0,8.9,14.9,8.4,21,2023-07-13,330000,3520
MTL-100667,Le Plateau-Mont-Royal,Condo,3,2.4,1548,0.0,2012.0,1.0,1,0,Good,,6.3,16.0,3.4,47,2021-01-05,825700,6180
MTL-101423,Le Plateau-Mont-Royal,Condo,1,1.0,463,0.0,1930.0,,1,1,Fair,,7.6,20.0,4.7,27,2023-08-08,191600,1550
MTL-100718,Le Plateau-Mont-Royal,Duplex,3,2.0,3221,11919.0,,0.0,0,0,Fair,,6.9,11.0,3.6,23,2022-01-16,744600,6480
MTL-102435,Griffintown,Detached,5,2.9,2878,5565.0,1939.0,1.0,0,0,Good,2012.0,7.2,24.4,1.8,36,2023-11-04,813700,8620
MTL-101097,Le Plateau-Mont-Royal,Semi-Detached,4,2.7,2908,7038.0,1931.0,1.0,0,0,Poor,,8.6,12.7,1.4,37,2021-05-11,831500,8620
MTL-100487,Ville-Marie (Downtown),Semi-Detached,4,2.8,2518,4706.0,1957.0,,0,0,Good,,6.5,20.2,2.7,14,2022-09-15,939200,7280
MTL-101047,Westmount,Detached,3,2.0,2559,2875.0,1928.0,0.0,0,0,Good,,8.8,8.0,5.2,29,2021-08-19,904300,6400
MTL-100642,Le Plateau-Mont-Royal,Semi-Detached,3,2.3,1981,7387.0,1967.0,2.0,1,1,Good,2013.0,8.1,20.1,3.1,70,2021-03-10,846300,8090
MTL-100227,Griffintown,Condo,3,2.1,1077,0.0,1982.0,0.0,1,0,Excellent,,,16.5,3.5,13,2022-12-17,603900,6060
MTL-100575,Longueuil,Triplex,3,1.9,3615,9586.0,2019.0,0.0,0,0,Good,,5.0,13.1,16.5,10,2023-10-12,499100,5110
MTL-101145,Laval,Condo,1,1.0,504,0.0,1987.0,0.0,1,0,Excellent,,6.9,6.3,14.9,29,2021-12-13,170400,1520
MTL-102215,Ville-Marie (Downtown),Condo,2,1.4,1219,0.0,1973.0,0.0,1,0,Fair,2013.0,7.8,20.4,1.4,60,2022-11-10,538600,5680
MTL-100203,Longueuil,Condo,2,1.3,580,0.0,1993.0,0.0,1,0,Fair,1997.0,6.2,13.0,17.5,14,2022-07-06,150700,1320
MTL-100768,Griffintown,Duplex,4,3.1,3323,8432.0,1937.0,1.0,1,0,Good,,8.0,22.8,3.4,26,2021-06-11,802300,7250
MTL-101947,Le Plateau-Mont-Royal,Triplex,3,2.4,3880,9173.0,2022.0,2.0,1,0,Good,,6.2,10.0,4.7,29,2022-07-13,951500,9870
MTL-102049,Outremont,Triplex,4,3.5,4416,15500.0,2008.0,,0,0,Poor,,8.5,5.6,3.8,22,2023-11-04,972100,8250
MTL-101630,Ahuntsic-Cartierville,Condo,2,1.3,1438,0.0,1990.0,1.0,1,0,Good,,8.7,15.4,10.0,39,2021-12-28,579600,4240
MTL-101672,Laval,Detached,3,1.7,2343,7317.0,1948.0,2.0,0,0,Good,1978.0,6.1,7.8,12.7,16,2021-08-02,437500,3080
MTL-100640,Westmount,Detached,4,2.4,2597,4087.0,1938.0,0.0,0,0,Good,,9.1,9.6,6.0,49,2022-09-22,1071300,8730
MTL-100499,Saint-Laurent,Townhouse,4,2.3,2137,4169.0,1926.0,1.0,0,0,Good,,7.6,10.6,10.4,34,2023-12-15,487900,4120
MTL-101660,Rosemont-La Petite-Patrie,Semi-Detached,4,3.5,2298,3918.0,1924.0,0.0,1,0,Good,2004.0,8.4,10.9,6.1,17,2022-05-14,607500,4270
MTL-101928,NDG (Notre-Dame-de-Grâce),Condo,2,1.4,1347,0.0,2022.0,2.0,1,0,Good,2023.0,8.7,7.9,5.4,21,2022-11-17,738000,6400
MTL-101224,Griffintown,Detached,2,1.7,2493,6306.0,2011.0,1.0,1,0,Good,,6.2,24.1,2.7,21,2021-01-09,992300,9110
MTL-102095,Laval,Duplex,4,2.7,3616,8722.0,2007.0,,0,1,Good,2008.0,,4.7,16.9,33,2021-05-22,707900,6200
MTL-101645,Ahuntsic-Cartierville,Duplex,4,2.8,3159,4599.0,1954.0,0.0,0,0,Fair,,7.8,8.6,11.7,33,2022-01-22,509700,4980
MTL-101142,NDG (Notre-Dame-de-Grâce),Detached,2,1.3,2429,6792.0,1987.0,0.0,1,0,Good,,7.3,14.8,5.6,21,2023-11-06,673400,5330
MTL-101746,Westmount,Condo,2,1.4,1340,0.0,,3.0,0,0,Fair,,8.4,4.0,2.6,29,2023-04-26,820400,8680
MTL-102105,Ville-Marie (Downtown),Townhouse,2,1.6,1503,4664.0,1929.0,1.0,1,0,Excellent,2008.0,5.3,21.7,0.8,38,2021-10-05,481900,5280
MTL-101009,Verdun,Condo,1,1.0,1199,0.0,,0.0,1,0,Good,2010.0,6.3,15.9,4.7,72,2022-02-09,448600,3550
MTL-100371,Westmount,Townhouse,3,1.7,2288,,1984.0,2.0,0,0,Good,,8.5,6.5,5.5,10,2023-02-28,1143100,8580
MTL-102382,Longueuil,Triplex,6,4.1,4733,15404.0,1938.0,2.0,1,0,Fair,,6.6,7.5,11.0,34,2023-07-23,624800,5290
MTL-100409,Outremont,Condo,2,1.4,1095,0.0,2015.0,1.0,0,0,Poor,,9.3,5.3,2.3,12,2023-11-02,579900,6140
MTL-100550,Rosemont-La Petite-Patrie,Condo,1,1.0,418,0.0,1980.0,0.0,1,0,Excellent,,8.5,13.7,4.3,25,2021-07-02,171400,1520
MTL-101902,Ahuntsic-Cartierville,Condo,1,1.0,1717,0.0,1933.0,2.0,1,0,Good,1975.0,6.1,9.8,10.2,26,2023-10-04,589000,4960
MTL-101405,Verdun,Detached,5,,3199,6584.0,2008.0,1.0,0,0,Good,,7.3,,5.0,24,2021-10-02,1007300,10730
MTL-102195,Verdun,Townhouse,3,2.2,2461,7066.0,1966.0,3.0,1,0,Good,1980.0,7.0,16.4,7.7,31,2022-07-10,805300,8680
MTL-102445,Ville-Marie (Downtown),Townhouse,4,2.6,1934,3818.0,1969.0,0.0,1,0,Fair,,5.6,19.2,2.1,60,2021-04-07,693800,7480
MTL-102187,Ahuntsic-Cartierville,Condo,2,1.3,737,0.0,1959.0,0.0,1,0,Good,,7.6,10.2,12.4,21,2022-07-26,229600,1890
MTL-100120,Laval,Triplex,4,3.4,3236,8074.0,1927.0,2.0,0,0,Fair,2001.0,7.8,5.2,14.3,33,2023-05-07,434700,3730
MTL-101370,Saint-Laurent,Detached,4,3.5,3178,6136.0,1923.0,,0,0,Good,,6.4,10.8,10.6,34,2021-05-11,620500,4800
MTL-101175,Rosemont-La Petite-Patrie,Condo,2,1.3,1673,0.0,1950.0,1.0,1,0,Fair,1951.0,8.5,13.1,7.2,37,2022-06-25,621400,4420
MTL-100387,Le Plateau-Mont-Royal,Detached,5,3.4,2572,5995.0,2019.0,1.0,0,0,,,7.7,18.4,2.8,58,2022-11-13,1072000,10890
MTL-101208,Ville-Marie (Downtown),Condo,2,1.1,1670,0.0,1950.0,0.0,1,1,Good,,5.9,29.0,0.7,53,2023-01-05,744500,6770
MTL-101177,Outremont,Detached,3,2.4,2130,4234.0,1937.0,2.0,1,0,Good,1999.0,8.1,6.4,4.0,26,2023-01-29,869400,9030
MTL-102002,Longueuil,Condo,3,2.2,1022,0.0,1978.0,1.0,0,0,Fair,,,12.3,19.0,53,2022-05-17,278400,2910
MTL-102358,Rosemont-La Petite-Patrie,Townhouse,3,2.0,1810,4604.0,1980.0,0.0,1,0,Fair,,6.3,11.9,7.5,71,2022-06-11,506800,4670
MTL-101011,Saint-Laurent,Condo,3,2.3,1117,0.0,1967.0,0.0,1,1,Fair,,6.6,12.7,11.2,32,2021-08-21,327600,2940
MTL-100934,Le Plateau-Mont-Royal,Duplex,4,3.5,3426,6381.0,1959.0,2.0,1,0,Good,,8.5,12.2,4.0,25,2023-07-17,866400,6810
MTL-100422,Outremont,Triplex,6,3.7,4978,11825.0,2017.0,0.0,1,0,Excellent,2022.0,9.0,9.4,4.3,21,2023-01-27,1697700,12230
MTL-101072,Westmount,Triplex,3,2.0,3589,8599.0,2000.0,0.0,1,0,Good,,9.7,7.5,3.0,36,2022-08-16,1169300,11280
MTL-100895,Le Plateau-Mont-Royal,Townhouse,3,2.4,1368,3840.0,,2.0,1,0,Fair,,8.1,20.8,4.6,37,2023-01-02,502500,5060
MTL-102302,Verdun,Townhouse,3,1.8,2106,5808.0,1950.0,1.0,0,0,Good,,7.7,14.2,8.3,34,2022-06-07,639800,5500
MTL-100856,Westmount,Duplex,3,1.9,2840,5338.0,1960.0,1.0,1,0,,,8.1,3.6,2.8,38,2021-12-31,903200,6980
MTL-102295,Westmount,Condo,3,2.3,1561,0.0,1992.0,3.0,1,0,Good,,8.5,3.5,3.9,40,2023-09-22,1018600,7140
MTL-100702,Ville-Marie (Downtown),Condo,2,1.8,2007,0.0,1927.0,1.0,1,0,Good,1967.0,6.1,32.1,2.5,33,2022-11-04,790600,7400
MTL-101808,Le Plateau-Mont-Royal,Triplex,4,2.4,3569,10360.0,1937.0,1.0,1,0,Poor,1953.0,8.2,14.8,4.1,40,2023-10-18,607100,6380
MTL-100402,Verdun,Condo,3,1.9,1149,0.0,1944.0,2.0,1,0,Good,2022.0,8.5,15.8,6.0,44,2023-03-05,469100,3600
MTL-101535,Le Plateau-Mont-Royal,Townhouse,3,2.4,1495,2186.0,1973.0,2.0,1,0,Good,,7.1,11.1,4.0,27,2021-08-13,561700,4490
MTL-100411,Saint-Laurent,Condo,1,1.0,1843,0.0,1923.0,0.0,1,0,Good,1967.0,7.2,9.5,14.5,23,2023-12-01,558900,4430
MTL-100661,Saint-Laurent,Condo,1,1.0,1207,0.0,1999.0,,0,1,Good,,7.4,12.8,14.3,33,2023-01-20,488800,5230
MTL-101802,Griffintown,Duplex,3,2.5,3187,12028.0,1948.0,0.0,1,0,Fair,1991.0,7.4,13.3,3.8,53,2021-11-26,824100,6600
MTL-100675,Saint-Laurent,Condo,1,1.0,1109,0.0,1981.0,2.0,1,0,Excellent,,7.8,8.9,14.6,23,2021-05-22,500600,4030
MTL-101920,NDG (Notre-Dame-de-Grâce),Condo,3,2.6,1474,0.0,1975.0,0.0,1,0,Excellent,1995.0,7.6,14.1,7.9,15,2022-08-04,711200,5150
MTL-101194,Westmount,Detached,4,2.9,3089,11106.0,1957.0,0.0,1,0,Good,,8.7,5.1,3.9,30,2023-08-06,1513200,15730
MTL-102100,Longueuil,Condo,1,1.0,762,,1933.0,0.0,0,0,Fair,,6.3,7.7,15.6,49,2023-06-24,175600,1820
MTL-101179,Rosemont-La Petite-Patrie,Detached,3,1.8,1961,6621.0,1975.0,0.0,0,0,Good,,8.9,19.7,5.2,41,2023-12-06,515200,4250
MTL-101221,Le Plateau-Mont-Royal,Triplex,5,4.1,3744,8463.0,1998.0,1.0,1,0,Good,,7.2,21.5,2.8,61,2023-09-20,1010000,10930
MTL-101707,Le Plateau-Mont-Royal,Semi-Detached,3,2.4,2338,3047.0,2003.0,0.0,1,0,Fair,2011.0,8.9,21.6,3.4,41,2022-02-12,865200,9150
MTL-100610,Westmount,Duplex,3,2.2,3000,5331.0,1920.0,2.0,1,0,Excellent,1938.0,8.6,5.5,4.0,20,2022-10-27,1160400,8210
MTL-100290,Westmount,Duplex,4,3.0,3393,5156.0,1963.0,0.0,0,0,Good,2008.0,8.1,8.8,2.3,41,2021-02-14,1034300,7580
MTL-100037,Outremont,Condo,3,2.0,2154,0.0,1967.0,2.0,0,1,Good,1974.0,9.2,8.1,4.2,12,2023-02-11,1309100,9220
MTL-100474,Rosemont-La Petite-Patrie,Detached,2,1.5,2241,6038.0,1945.0,2.0,0,0,Fair,2003.0,7.3,15.7,5.6,27,2022-10-02,557600,5460
MTL-101218,NDG (Notre-Dame-de-Grâce),Detached,3,,2473,7884.0,1976.0,0.0,1,0,Excellent,1992.0,8.5,15.9,9.5,11,2021-10-05,750400,7300
MTL-100815,Verdun,Duplex,3,2.0,3181,7143.0,2005.0,1.0,1,0,Good,2009.0,6.4,11.4,7.7,36,2022-07-03,811500,8770
MTL-102321,Ahuntsic-Cartierville,Condo,2,1.6,1116,0.0,1992.0,1.0,1,0,Excellent,,8.8,12.5,10.6,5,2021-06-10,484700,4310
MTL-102144,Verdun,Duplex,6,4.1,3334,5711.0,1958.0,2.0,1,0,Good,,6.3,11.4,6.9,68,2023-05-28,717200,5350
MTL-100633,Rosemont-La Petite-Patrie,Semi-Detached,3,2.0,2642,4150.0,1989.0,0.0,0,0,Good,,6.7,20.0,4.4,5,2023-08-05,798200,7700
MTL-100144,Ville-Marie (Downtown),Condo,2,1.2,1485,0.0,1930.0,,0,0,,,7.0,33.2,0.9,35,2022-09-22,482900,3610
MTL-101192,Griffintown,Triplex,5,3.2,3829,12074.0,1969.0,0.0,1,0,Fair,2022.0,5.5,17.4,3.4,11,2023-12-09,964100,7200
MTL-102375,Ville-Marie (Downtown),Duplex,3,1.7,3182,10414.0,2021.0,0.0,1,0,Excellent,,5.6,25.2,1.7,43,2023-08-07,973700,7490
MTL-101941,Ville-Marie (Downtown),Triplex,6,3.5,4827,5774.0,1935.0,0.0,1,0,Good,,6.1,26.8,1.1,9,2023-04-03,877100,8090
MTL-101271,Laval,Townhouse,5,3.2,2364,3682.0,2020.0,1.0,0,0,Excellent,,6.2,,13.6,37,2023-12-22,688900,6350
MTL-100382,NDG (Notre-Dame-de-Grâce),Condo,1,1.0,1238,0.0,1925.0,2.0,1,0,Excellent,1967.0,8.9,6.6,9.5,15,2022-06-22,475800,4180
MTL-102167,Le Plateau-Mont-Royal,Triplex,4,2.5,4138,10855.0,1957.0,2.0,0,0,Excellent,,7.3,13.1,4.2,40,2022-02-25,1021200,10920
MTL-102377,Ahuntsic-Cartierville,Duplex,4,2.7,3325,11708.0,1949.0,2.0,1,0,Poor,2001.0,8.3,7.8,13.0,25,2022-08-31,563900,4900
MTL-101112,Le Plateau-Mont-Royal,Detached,5,4.5,2093,3529.0,2004.0,0.0,1,0,Excellent,,8.0,15.5,2.3,23,2023-10-03,915700,7640
MTL-101865,Longueuil,Duplex,4,2.9,3103,8294.0,2021.0,0.0,0,0,Good,,7.6,10.4,18.9,18,2022-03-02,485900,4000
MTL-101824,NDG (Notre-Dame-de-Grâce),Triplex,3,1.8,3559,5698.0,1970.0,3.0,1,1,Good,,7.1,8.2,9.5,17,2021-08-03,689300,5010
MTL-100370,Outremont,Townhouse,3,2.5,1477,3008.0,1990.0,1.0,1,0,Excellent,,9.1,5.8,3.1,27,2021-08-13,951600,8160
MTL-101703,Verdun,Townhouse,3,2.2,1828,4313.0,2017.0,2.0,0,0,Good,2018.0,8.2,13.2,7.3,27,2023-09-18,672300,6850
MTL-102449,Griffintown,Triplex,3,2.1,3731,5197.0,,0.0,0,0,Fair,,5.3,22.9,3.8,21,2021-11-06,713700,6700
MTL-100281,Ville-Marie (Downtown),Triplex,4,2.2,4095,6522.0,2022.0,1.0,1,0,Excellent,,7.2,31.2,2.1,32,2022-07-02,1155800,9500
MTL-100126,Laval,Condo,2,1.7,814,0.0,1979.0,1.0,1,0,Excellent,2013.0,7.8,11.8,16.5,30,2023-12-15,303800,2880
MTL-100433,Outremont,Semi-Detached,2,1.3,2227,3252.0,1989.0,0.0,1,0,Good,1995.0,,6.4,2.5,24,2021-03-02,875700,8660
MTL-100400,Outremont,Condo,1,1.0,1445,0.0,2020.0,0.0,1,0,Good,2023.0,9.1,9.7,2.8,18,2022-08-15,1004000,10720
MTL-102234,NDG (Notre-Dame-de-Grâce),Detached,3,2.4,2163,6420.0,1980.0,2.0,0,0,Poor,,8.2,15.7,8.3,33,2023-04-19,503300,4680
MTL-100475,Saint-Laurent,Condo,2,1.2,1114,0.0,1935.0,1.0,1,0,Good,1999.0,9.0,13.4,13.7,19,2023-04-03,336700,2950
MTL-100297,Le Plateau-Mont-Royal,Duplex,5,3.0,4064,11996.0,1997.0,2.0,1,0,Good,,,14.4,2.3,23,2023-04-15,1241200,11550
MTL-102314,Saint-Laurent,Duplex,3,-2.0,2387,5139.0,2009.0,,1,0,Fair,,8.8,10.8,12.5,64,2023-06-18,419400,3740
MTL-102411,Le Plateau-Mont-Royal,Semi-Detached,3,2.6,2032,5583.0,2020.0,1.0,0,0,Fair,,6.7,15.8,4.8,47,2022-07-08,699200,6920
MTL-101748,Ahuntsic-Cartierville,Semi-Detached,5,,2700,3900.0,1951.0,0.0,1,0,Good,,6.9,15.2,10.9,57,2022-06-30,563800,4330
MTL-101496,Rosemont-La Petite-Patrie,Condo,2,1.2,1383,0.0,2015.0,2.0,1,0,Good,,7.4,13.8,7.6,28,2021-07-02,605000,5170
MTL-100004,Le Plateau-Mont-Royal,Condo,3,2.2,1736,0.0,1930.0,1.0,0,0,Fair,,8.3,10.1,1.2,32,2021-06-05,649000,6920
MTL-102196,Verdun,Semi-Detached,2,1.3,2215,7472.0,1968.0,1.0,1,0,Good,1997.0,8.4,11.9,6.2,27,2021-06-04,665700,6330
MTL-102443,Laval,Detached,4,3.1,2390,7346.0,1927.0,0.0,1,0,Poor,1940.0,6.8,4.4,14.5,38,2022-12-18,414200,3840
MTL-102376,Ville-Marie (Downtown),Semi-Detached,3,1.7,2237,8009.0,2021.0,1.0,0,0,Fair,,5.4,21.1,2.1,24,2021-12-09,853300,6040
MTL-101309,Laval,Condo,3,1.8,1663,0.0,1945.0,1.0,1,1,Good,,8.2,4.6,16.7,29,2023-03-23,470100,3740
MTL-100914,Rosemont-La Petite-Patrie,Triplex,4,2.4,4100,12199.0,1941.0,3.0,1,0,Fair,1997.0,8.1,12.2,5.4,15,2022-08-11,687300,6160
MTL-100443,Griffintown,Duplex,6,3.6,3174,8651.0,1972.0,2.0,1,0,Fair,2006.0,7.8,13.1,4.0,42,2021-10-01,800600,6170
MTL-100101,NDG (Notre-Dame-de-Grâce),Condo,2,1.2,1018,0.0,2013.0,2.0,1,0,Good,2016.0,8.5,10.9,7.3,31,2023-07-07,526700,4600
MTL-101413,Westmount,Townhouse,3,1.9,1922,4997.0,2010.0,2.0,1,0,Good,2011.0,8.2,5.4,2.7,35,2021-08-15,1157900,10090
MTL-102364,Rosemont-La Petite-Patrie,Condo,2,1.6,1424,0.0,1957.0,1.0,0,0,Good,,6.1,16.4,8.7,27,2023-12-25,491900,4240
MTL-100609,NDG (Notre-Dame-de-Grâce),Semi-Detached,3,2.5,2389,7100.0,2001.0,0.0,1,0,Good,,7.9,15.2,7.4,43,2021-04-12,753500,6800
MTL-100982,Outremont,Condo,3,2.6,1693,0.0,1994.0,2.0,1,0,Fair,2000.0,10.0,9.5,5.1,31,2022-04-19,1114800,11650
MTL-100285,Westmount,Condo,2,1.4,755,0.0,2002.0,0.0,1,0,Fair,2002.0,9.8,5.6,5.2,49,2023-02-10,561000,5710
MTL-101392,Le Plateau-Mont-Royal,Duplex,5,4.5,2898,7353.0,,2.0,0,0,Good,2014.0,8.8,20.7,4.9,35,2021-08-06,776200,5850
MTL-102135,Longueuil,Townhouse,4,2.5,1991,6695.0,1971.0,0.0,0,0,Fair,,5.8,13.9,17.6,56,2022-02-05,374700,3860
MTL-100464,Saint-Laurent,Triplex,4,3.0,4280,12149.0,1963.0,1.0,0,0,Fair,2007.0,7.7,14.0,10.7,59,2022-01-19,609500,4540
MTL-100891,Laval,Townhouse,4,2.3,2014,3193.0,1990.0,1.0,0,0,Good,1990.0,8.5,8.0,16.0,28,2023-10-05,479200,4400
MTL-100734,Griffintown,Detached,4,2.3,2344,5575.0,1970.0,0.0,0,0,Excellent,2019.0,6.3,13.9,2.7,61,2022-04-10,875700,6960
MTL-100438,NDG (Notre-Dame-de-Grâce),Townhouse,2,1.4,1797,2062.0,1996.0,0.0,0,0,Poor,2011.0,8.8,7.8,6.2,22,2022-09-16,478900,3920
MTL-101155,Ahuntsic-Cartierville,Condo,1,1.0,759,0.0,1972.0,1.0,1,0,Excellent,2008.0,7.8,15.0,7.3,54,2022-11-18,287800,2510
MTL-102089,Griffintown,Duplex,3,2.5,2753,3622.0,1970.0,3.0,1,0,Good,,7.0,17.5,1.3,36,2022-10-14,937100,7160
MTL-100853,Longueuil,Semi-Detached,4,3.0,2279,4013.0,1961.0,,1,0,Excellent,,5.6,6.2,12.8,67,2023-12-10,532100,4430
MTL-100932,Saint-Laurent,Duplex,3,1.7,2844,4563.0,2008.0,0.0,0,1,Good,,6.9,5.2,9.6,23,2022-01-25,581800,5370
MTL-101895,Ahuntsic-Cartierville,Triplex,6,3.3,4798,12052.0,1977.0,0.0,0,0,Good,1979.0,9.0,,10.4,43,2023-07-05,782100,7290
MTL-102098,Laval,Detached,3,1.9,2658,5479.0,1992.0,0.0,1,0,Good,1996.0,9.0,8.8,16.3,33,2022-06-21,572400,4220
MTL-101127,Griffintown,Townhouse,3,2.6,2292,3667.0,1960.0,0.0,1,0,Excellent,,5.8,19.2,2.8,16,2022-03-17,917400,9290
MTL-102497,Laval,Condo,3,2.6,1859,0.0,1957.0,2.0,0,0,Good,,7.4,7.6,20.1,36,2022-12-20,518200,5610
MTL-101201,Westmount,Duplex,4,3.4,3527,9461.0,1934.0,2.0,0,0,Good,1991.0,8.3,6.8,3.6,18,2022-10-13,1150200,11420
MTL-100504,NDG (Notre-Dame-de-Grâce),Semi-Detached,3,2.2,2632,8505.0,1933.0,1.0,1,0,Good,1961.0,8.1,11.9,7.7,63,2021-06-30,593900,4860
MTL-100086,Ahuntsic-Cartierville,Condo,2,1.4,1250,0.0,1929.0,1.0,1,0,Good,2001.0,8.8,13.0,11.6,36,2023-02-01,386500,4060
MTL-101457,NDG (Notre-Dame-de-Grâce),Detached,3,2.5,2739,6037.0,,1.0,1,0,Excellent,1980.0,7.9,12.7,5.3,34,2022-06-23,810400,7490
MTL-102203,Westmount,Semi-Detached,2,1.7,1784,6024.0,1994.0,2.0,0,0,Fair,2007.0,9.2,4.4,2.2,19,2023-03-21,834000,6480
MTL-100221,Rosemont-La Petite-Patrie,Triplex,4,3.5,3622,10427.0,1999.0,1.0,0,0,Excellent,2003.0,8.2,17.4,7.2,14,2022-08-07,862700,6200
MTL-100670,Le Plateau-Mont-Royal,Duplex,6,5.0,3369,4977.0,2001.0,3.0,0,0,Fair,2010.0,8.0,20.2,3.8,25,2023-05-14,833400,8370
MTL-100781,Rosemont-La Petite-Patrie,Condo,2,1.8,1212,0.0,1996.0,1.0,0,0,Good,2014.0,7.0,11.5,8.2,14,2022-08-04,500500,4440
MTL-100744,Le Plateau-Mont-Royal,Duplex,3,,3080,,2022.0,3.0,1,0,Good,,,21.8,2.9,34,2021-03-07,973300,8810
MTL-100197,Longueuil,Condo,1,1.0,1352,0.0,1981.0,0.0,1,0,Fair,,5.9,12.9,11.6,37,2023-06-27,337000,3360
MTL-102005,Ahuntsic-Cartierville,Condo,2,1.4,777,0.0,2009.0,1.0,1,0,Good,2020.0,8.4,13.8,10.8,65,2023-09-14,360800,2850
MTL-100708,Ville-Marie (Downtown),Detached,4,2.6,1897,3134.0,,1.0,1,0,Poor,,5.1,28.3,2.9,22,2021-08-25,528100,3940
MTL-101046,Le Plateau-Mont-Royal,Condo,1,1.0,916,0.0,1941.0,0.0,1,1,Fair,,8.0,15.4,4.4,51,2023-12-23,383500,4210
MTL-100756,NDG (Notre-Dame-de-Grâce),Duplex,5,3.2,3286,9639.0,1998.0,0.0,0,0,Fair,,8.8,10.7,9.3,54,2023-02-11,633200,4510
MTL-100898,Westmount,Condo,3,2.6,1781,0.0,1971.0,1.0,0,0,Fair,1974.0,9.7,5.8,5.3,33,2023-10-10,1087300,9050
MTL-101647,Laval,Detached,5,3.5,3138,9318.0,2010.0,1.0,0,0,Fair,,7.5,4.0,13.1,17,2023-09-28,688600,5300
MTL-101540,NDG (Notre-Dame-de-Grâce),Triplex,3,1.8,3237,,2019.0,0.0,1,0,Good,,8.5,13.3,6.1,40,2021-05-16,639400,5050
MTL-100284,Rosemont-La Petite-Patrie,Triplex,4,3.5,4017,11552.0,2017.0,1.0,1,1,Good,,9.0,13.2,6.1,23,2021-08-12,979600,10620
MTL-100115,Laval,Condo,2,1.4,1610,0.0,1968.0,0.0,1,0,Fair,,6.2,5.9,16.8,13,2021-09-10,371100,2890
MTL-101085,Verdun,Condo,2,1.4,1713,0.0,,2.0,1,0,Good,,8.0,8.3,8.9,38,2022-12-19,720100,6690
MTL-101300,Westmount,Condo,2,1.6,1712,0.0,1925.0,2.0,1,0,Fair,,8.4,5.1,3.5,44,2021-03-20,901700,8470
MTL-100867,Le Plateau-Mont-Royal,Condo,1,1.0,1039,0.0,1967.0,3.0,0,0,Good,2020.0,6.0,22.0,3.4,15,2021-08-30,547600,4930
MTL-100763,Ahuntsic-Cartierville,Condo,1,1.0,1512,,1928.0,0.0,0,0,Good,1965.0,8.1,8.4,9.4,30,2023-08-27,440400,4520
MTL-102337,Griffintown,Detached,3,1.9,2440,5150.0,1971.0,1.0,1,0,Poor,2013.0,,24.7,1.0,46,2023-07-14,684300,5770
MTL-101775,Ville-Marie (Downtown),Semi-Detached,3,2.0,2675,8111.0,1971.0,,1,0,Good,,5.8,27.4,1.5,29,2023-07-18,861800,7540
MTL-101948,Ville-Marie (Downtown),Condo,3,2.0,1114,0.0,1962.0,2.0,0,0,Excellent,,5.0,18.3,1.9,37,2021-04-10,590500,6190
MTL-101031,Rosemont-La Petite-Patrie,Triplex,4,,4056,14960.0,1955.0,2.0,1,0,Excellent,,6.1,16.4,6.7,28,2021-10-12,931000,7690
MTL-100265,Ahuntsic-Cartierville,Townhouse,3,2.3,2907,10169.0,,0.0,0,0,Fair,2015.0,7.7,10.8,10.2,33,2022-03-19,743200,7430
MTL-101991,Le Plateau-Mont-Royal,Duplex,3,1.7,3293,4587.0,2018.0,1.0,1,0,Good,,7.0,15.6,1.0,24,2023-12-26,882800,8170
MTL-101255,Verdun,Condo,2,1.7,1031,0.0,1974.0,1.0,1,0,Good,2012.0,6.8,13.6,6.6,23,2023-01-17,437400,3890
MTL-100193,NDG (Notre-Dame-de-Grâce),Detached,5,3.8,2743,7603.0,1927.0,1.0,1,0,Good,,7.6,15.4,5.3,29,2021-04-15,722800,5420
MTL-101767,Verdun,Condo,1,1.0,857,0.0,1986.0,0.0,1,0,Excellent,1986.0,8.8,11.2,4.7,29,2023-11-11,416600,4010
MTL-102029,NDG (Notre-Dame-de-Grâce),Condo,1,,1155,0.0,1936.0,0.0,1,0,Good,,8.4,12.2,6.9,9,2022-02-19,415500,3790
MTL-100782,Ville-Marie (Downtown),Triplex,4,,3460,12526.0,2006.0,3.0,1,0,Poor,,5.3,21.7,2.9,24,2022-02-16,804200,5720
MTL-100604,Le Plateau-Mont-Royal,Condo,1,1.0,540,0.0,1933.0,,0,0,Poor,,7.2,14.9,4.4,39,2022-03-09,199900,1590
MTL-101833,Ahuntsic-Cartierville,Duplex,6,4.8,3201,,1931.0,2.0,1,0,Excellent,1970.0,6.9,10.8,10.6,40,2023-04-17,628300,6880
MTL-101432,Verdun,Duplex,6,3.7,3416,10003.0,1957.0,1.0,1,0,Good,,6.8,9.5,6.7,20,2022-08-09,799500,7250
MTL-100536,Laval,Detached,2,1.3,2350,6118.0,1966.0,2.0,1,0,Fair,,6.3,11.7,13.1,13,2021-07-17,493000,5010
MTL-101559,Longueuil,Townhouse,5,3.1,2285,4717.0,1973.0,0.0,1,0,Good,,5.1,10.9,16.5,41,2021-08-23,469800,4250
MTL-101567,Outremont,Townhouse,4,2.9,1554,,1978.0,2.0,0,0,Fair,,9.8,4.8,4.8,10,2023-10-14,686100,4920
MTL-101729,Rosemont-La Petite-Patrie,Condo,3,2.4,2032,0.0,1969.0,1.0,0,0,Good,2023.0,6.5,12.9,4.3,23,2021-03-01,810500,6980
MTL-101490,Le Plateau-Mont-Royal,Condo,2,1.3,1141,,1976.0,3.0,1,1,Good,1978.0,6.6,12.0,2.5,46,2023-04-09,668700,6500
MTL-100811,Laval,Duplex,6,3.9,3455,9334.0,1977.0,0.0,0,0,Fair,1985.0,7.7,4.0,17.4,16,2022-07-27,471900,4660
MTL-100627,Ahuntsic-Cartierville,Condo,1,1.0,1047,0.0,1980.0,0.0,1,0,Excellent,,8.0,12.5,9.3,18,2022-07-25,418300,3640
MTL-102006,Verdun,Duplex,4,2.3,3403,7636.0,1994.0,2.0,1,0,Excellent,2020.0,6.4,13.0,6.6,43,2022-02-11,894300,7070
MTL-100890,Ahuntsic-Cartierville,Condo,2,1.5,503,,1941.0,2.0,1,0,Excellent,,7.0,12.8,9.1,38,2021-02-21,191200,1980
MTL-100226,Saint-Laurent,Condo,2,1.2,1461,0.0,2005.0,0.0,0,0,Good,,8.8,12.3,15.4,40,2023-09-09,518900,5410
MTL-100973,Le Plateau-Mont-Royal,Duplex,6,3.7,3503,5456.0,2018.0,1.0,1,0,Excellent,2018.0,7.3,14.5,2.3,37,2021-12-14,1169100,9410
MTL-100122,Ville-Marie (Downtown),Detached,2,1.2,1720,,1938.0,1.0,1,0,Fair,,5.0,22.0,1.0,21,2022-05-01,465800,3590
MTL-101013,Westmount,Triplex,4,3.2,4090,13480.0,2006.0,0.0,1,0,Poor,,9.8,5.5,3.3,36,2023-07-05,1137600,8420
MTL-102263,Verdun,Condo,1,1.0,947,0.0,1979.0,1.0,1,0,,,7.5,10.2,5.9,24,2022-08-15,431900,4500
MTL-101483,Westmount,Condo,1,1.0,658,0.0,1947.0,0.0,1,0,Good,1966.0,9.4,4.1,4.3,8,2022-05-05,419800,3930
MTL-101462,Outremont,Condo,3,2.1,1370,0.0,1929.0,3.0,1,0,Excellent,1930.0,8.8,9.2,2.8,35,2021-03-20,915400,9720
MTL-100381,NDG (Notre-Dame-de-Grâce),Triplex,4,2.8,4439,9154.0,1922.0,0.0,1,0,Good,,7.8,8.6,8.7,21,2023-11-13,733500,6750
MTL-100729,Le Plateau-Mont-Royal,Condo,3,2.2,1160,0.0,1920.0,2.0,0,0,Good,,7.0,16.5,2.8,25,2022-08-31,513200,4090
MTL-101942,Ahuntsic-Cartierville,Condo,2,1.3,1004,,2016.0,0.0,1,0,Excellent,,8.4,10.7,8.7,27,2022-05-27,422600,4270
MTL-100915,Verdun,Semi-Detached,2,1.1,2021,6147.0,,3.0,1,1,Good,1984.0,6.8,12.3,7.5,54,2023-01-28,658700,5070
MTL-101873,Laval,Detached,3,2.6,2432,8521.0,1966.0,,1,0,Fair,2013.0,8.5,9.3,18.8,23,2022-08-02,571900,6130
MTL-101123,Laval,Townhouse,5,4.2,2631,4182.0,2014.0,1.0,0,0,Excellent,,6.4,4.8,14.0,17,2023-03-29,770600,7350
MTL-101843,Rosemont-La Petite-Patrie,Triplex,3,2.4,3860,12303.0,1968.0,,0,0,Good,,6.8,11.1,6.5,27,2022-03-15,718000,7470
MTL-100669,Ville-Marie (Downtown),Detached,4,2.5,2148,3211.0,1972.0,1.0,0,0,Good,2015.0,7.4,24.4,0.1,21,2021-10-31,801400,6590
MTL-100725,Laval,Townhouse,4,3.0,2217,4695.0,1982.0,0.0,1,0,Good,,8.5,8.7,15.4,42,2022-03-19,567400,5560
MTL-101347,Griffintown,Semi-Detached,5,,2282,4733.0,1984.0,2.0,0,1,Good,,5.3,20.2,3.6,19,2023-03-09,945400,8980
MTL-100105,Ville-Marie (Downtown),Semi-Detached,2,1.6,2182,8037.0,,1.0,1,0,Good,2011.0,5.2,32.3,1.6,9,2021-06-04,705800,6160
MTL-102327,Westmount,Condo,2,1.5,1207,0.0,1945.0,0.0,1,0,Good,1961.0,9.7,8.6,2.5,28,2021-09-02,635100,6160
MTL-100181,Le Plateau-Mont-Royal,Triplex,5,3.7,4564,9720.0,2018.0,1.0,1,0,Good,2018.0,7.1,13.8,3.2,25,2021-10-01,1242400,11820
MTL-101387,Le Plateau-Mont-Royal,Duplex,5,4.0,3525,12341.0,,2.0,1,0,Excellent,,8.6,10.1,1.2,26,2022-05-23,1064300,10710
MTL-101733,Griffintown,Townhouse,3,2.1,1728,4723.0,1978.0,1.0,0,0,Fair,,7.0,21.2,1.3,42,2021-10-13,602800,5860
MTL-101222,Verdun,Townhouse,3,1.9,2168,2754.0,1928.0,2.0,1,0,Poor,2003.0,7.0,8.8,6.7,23,2022-05-11,497600,5170
MTL-102281,Griffintown,Condo,1,1.0,1051,0.0,2020.0,2.0,1,0,Fair,,7.2,13.4,3.3,43,2023-05-08,585700,6340
MTL-100258,Rosemont-La Petite-Patrie,Duplex,4,3.4,3339,11384.0,1950.0,2.0,1,0,Good,1989.0,8.4,17.8,5.4,30,2021-09-18,728000,6780
MTL-101281,NDG (Notre-Dame-de-Grâce),Condo,2,1.7,1055,0.0,1995.0,,0,0,Good,2012.0,8.9,12.5,8.9,27,2021-05-25,503500,3820
MTL-100866,Le Plateau-Mont-Royal,Condo,2,1.4,1505,0.0,1923.0,2.0,1,0,Good,,8.0,16.2,1.4,35,2021-07-29,730400,7420
MTL-100874,Westmount,Triplex,4,3.0,4458,7593.0,1989.0,1.0,1,0,Good,,9.2,3.0,2.1,32,2023-08-12,1314700,14060
MTL-100965,Griffintown,Duplex,6,3.8,4007,11292.0,1985.0,1.0,0,0,Good,2023.0,5.1,13.8,3.8,28,2023-07-05,1262000,10690
MTL-101070,Ville-Marie (Downtown),Condo,3,2.1,1254,0.0,1981.0,1.0,0,0,Fair,,5.1,20.0,0.2,27,2021-09-04,569000,6160
MTL-101325,Ville-Marie (Downtown),Condo,1,1.0,1037,0.0,1961.0,0.0,0,0,Excellent,,6.3,29.5,0.1,11,2021-01-28,413100,3910
MTL-101840,Griffintown,Detached,5,3.9,2639,4843.0,1951.0,0.0,1,0,Excellent,1978.0,6.9,16.2,1.8,32,2021-06-21,943200,7090
MTL-100906,Laval,Triplex,4,2.2,3722,11608.0,1937.0,1.0,1,0,Good,1963.0,8.0,6.6,18.1,32,2022-05-11,555300,4280
MTL-102291,Ville-Marie (Downtown),Townhouse,2,1.5,1664,5317.0,2001.0,0.0,1,1,Good,2006.0,7.4,28.6,1.5,16,2022-06-01,689700,7340
MTL-100920,Laval,Duplex,3,2.3,3121,9326.0,1982.0,1.0,1,0,Fair,2004.0,7.0,10.4,14.3,13,2021-07-30,517000,3680
MTL-100679,Laval,Duplex,3,1.7,3137,6908.0,2011.0,2.0,1,0,Fair,,,10.8,12.7,21,2021-04-19,577500,6050
MTL-101110,Laval,Semi-Detached,5,3.5,2709,8597.0,1971.0,1.0,0,0,Poor,,8.8,6.7,17.2,36,2022-05-11,455000,4060
MTL-101805,Ahuntsic-Cartierville,Condo,2,1.2,921,0.0,1958.0,0.0,1,0,Excellent,,7.3,16.0,8.6,24,2023-11-09,321900,3130
MTL-101741,Ahuntsic-Cartierville,Detached,2,1.6,2419,8586.0,1964.0,,0,0,Excellent,,6.9,,9.0,53,2022-09-14,576800,4320
MTL-102261,Rosemont-La Petite-Patrie,Townhouse,3,1.8,1895,2891.0,2003.0,0.0,1,0,Good,,6.4,11.7,5.9,15,2023-07-04,630300,5760
MTL-102211,Laval,Detached,3,2.6,3096,10310.0,1951.0,0.0,1,1,Excellent,,8.4,10.5,18.5,30,2021-10-05,763100,7830
MTL-101217,NDG (Notre-Dame-de-Grâce),Condo,2,1.6,1413,,1963.0,2.0,1,0,Excellent,,8.0,8.7,7.4,9,2022-06-05,643900,6190
MTL-100693,Ville-Marie (Downtown),Condo,2,1.2,1223,0.0,1949.0,1.0,1,0,Fair,,6.4,20.1,2.8,51,2021-12-17,560000,5460
MTL-101610,Longueuil,Semi-Detached,4,3.5,1634,,1995.0,1.0,1,0,Good,,6.6,8.1,19.5,36,2023-09-12,420900,4630
MTL-101751,Le Plateau-Mont-Royal,Condo,2,1.5,1396,0.0,1988.0,0.0,1,0,Poor,,7.1,10.6,2.8,31,2023-04-05,517400,4040
MTL-101181,Griffintown,Condo,1,1.0,1493,0.0,,1.0,1,0,Poor,,5.0,21.6,3.2,48,2023-12-19,587700,4270
MTL-102433,Ville-Marie (Downtown),Detached,3,1.7,2451,5030.0,1945.0,0.0,0,0,Fair,2003.0,7.8,31.4,1.5,21,2022-03-30,704300,6050
MTL-101850,Ville-Marie (Downtown),Triplex,3,1.8,3644,10358.0,1927.0,2.0,1,0,Excellent,2005.0,7.0,22.8,0.8,32,2023-09-12,953700,9050
MTL-101735,Longueuil,Condo,2,1.4,729,0.0,2021.0,2.0,0,0,,,7.6,11.3,17.0,60,2023-10-03,254300,2450
MTL-100271,Laval,Condo,1,1.0,1384,0.0,1922.0,1.0,0,0,Good,,8.0,11.6,21.7,38,2023-08-01,361000,3440
MTL-100099,Outremont,Condo,1,1.0,1644,0.0,1933.0,0.0,1,0,Excellent,,9.0,4.1,5.6,17,2023-07-01,968200,6810
MTL-100169,Rosemont-La Petite-Patrie,Condo,2,1.3,1064,0.0,2017.0,1.0,1,0,Fair,2023.0,8.7,11.5,8.0,18,2022-05-27,522200,5110
MTL-101169,Ville-Marie (Downtown),Detached,2,1.7,2531,5270.0,1965.0,2.0,0,0,Fair,,7.2,26.5,0.4,48,2023-12-08,781500,7990
MTL-102181,Le Plateau-Mont-Royal,Condo,2,1.1,761,0.0,,1.0,1,0,Good,,6.1,12.0,2.8,71,2023-09-06,376400,3970
MTL-102243,Saint-Laurent,Townhouse,3,2.4,1685,,1930.0,2.0,1,0,Good,1931.0,6.9,10.4,11.5,32,2021-03-10,433400,4390
MTL-100544,Rosemont-La Petite-Patrie,Duplex,5,3.5,3460,12654.0,1977.0,0.0,1,0,Good,,8.3,12.6,8.0,11,2023-01-16,757900,8270
MTL-100709,NDG (Notre-Dame-de-Grâce),Semi-Detached,5,3.0,2353,6926.0,1955.0,1.0,0,0,Good,1975.0,8.9,11.2,7.3,29,2022-10-07,584700,4890
MTL-102133,Rosemont-La Petite-Patrie,Triplex,3,2.3,3626,4110.0,1942.0,2.0,1,0,Good,1999.0,8.4,10.3,7.7,43,2021-03-17,715800,5280
MTL-100303,NDG (Notre-Dame-de-Grâce),Townhouse,5,3.3,2093,2831.0,1979.0,2.0,0,0,Poor,,7.7,12.4,6.6,20,2022-06-08,579800,5990
MTL-102487,Laval,Semi-Detached,5,3.3,2468,2929.0,1945.0,1.0,0,0,Fair,,8.7,11.4,13.5,49,2021-01-17,486000,4400
MTL-101791,Ahuntsic-Cartierville,Condo,1,1.0,883,0.0,1995.0,3.0,1,0,Good,,6.4,6.6,12.1,29,2021-08-26,322700,3250
MTL-102044,Laval,Detached,5,3.3,2838,3167.0,1987.0,0.0,0,0,Poor,,8.4,8.8,16.3,48,2023-09-21,479000,4090
MTL-100509,Ahuntsic-Cartierville,Condo,2,1.1,1166,0.0,2004.0,2.0,1,0,Good,2009.0,6.3,12.6,9.7,38,2023-06-28,445000,3520
MTL-100149,Ville-Marie (Downtown),Detached,2,1.5,2326,8593.0,1973.0,0.0,1,0,Good,,5.8,31.4,0.0,52,2021-07-21,849100,7490
MTL-100247,Saint-Laurent,Condo,3,2.4,1912,0.0,1958.0,0.0,0,0,Poor,,7.4,8.0,12.1,37,2023-12-26,452000,3230
MTL-100745,Longueuil,Condo,2,1.6,549,0.0,1993.0,0.0,1,0,,,6.3,8.0,17.3,13,2021-05-15,160000,1680
MTL-100699,Verdun,Detached,3,1.7,2610,9572.0,1929.0,2.0,0,0,Fair,,6.0,8.2,6.5,45,2023-10-20,672500,6320
MTL-101713,Verdun,Condo,3,2.1,780,0.0,2000.0,2.0,1,0,Poor,2003.0,8.6,16.9,5.1,22,2022-07-05,269900,2780
MTL-100427,Longueuil,Townhouse,3,2.6,1872,5515.0,1996.0,0.0,0,1,Good,2001.0,5.0,11.9,14.5,59,2023-07-27,409500,3180
MTL-100660,Griffintown,Detached,3,2.7,2371,3428.0,,0.0,0,0,Fair,,5.4,24.4,3.4,38,2023-11-23,749100,5250
MTL-100966,Ahuntsic-Cartierville,Detached,5,3.5,2988,,1924.0,0.0,0,0,Fair,,7.7,7.7,9.0,56,2022-03-29,579600,4620
MTL-100153,Verdun,Condo,2,1.7,1023,0.0,2009.0,0.0,1,0,Good,2021.0,7.6,13.9,7.0,29,2023-05-22,525300,5530
MTL-101516,NDG (Notre-Dame-de-Grâce),Townhouse,4,2.3,2704,3936.0,1963.0,1.0,1,0,Good,,7.9,,9.3,32,2021-10-30,837400,9080
MTL-100542,Le Plateau-Mont-Royal,Condo,3,1.7,1304,0.0,1965.0,1.0,1,0,Fair,,7.6,18.7,3.2,34,2023-12-30,582500,4520
MTL-101384,NDG (Notre-Dame-de-Grâce),Townhouse,3,2.5,2013,,2020.0,1.0,1,0,Good,,7.7,13.5,5.2,33,2021-03-21,671400,6880
MTL-101785,Longueuil,Semi-Detached,5,4.0,2917,9321.0,1950.0,0.0,1,0,Excellent,2008.0,5.0,7.4,18.7,19,2021-11-18,674200,5660
MTL-102444,Verdun,Triplex,4,2.6,4197,9865.0,,1.0,1,0,Good,,8.9,17.5,6.7,47,2021-10-18,993100,8020
MTL-100825,Longueuil,Duplex,4,3.4,3079,11004.0,1929.0,2.0,1,0,Excellent,,6.5,9.5,10.7,12,2023-03-27,536100,5050
MTL-100339,Outremont,Detached,2,1.7,1991,3640.0,,3.0,0,0,Good,,8.8,3.4,2.2,31,2023-08-19,702700,7240
MTL-101611,NDG (Notre-Dame-de-Grâce),Semi-Detached,4,2.9,2073,4313.0,1936.0,2.0,0,0,Fair,,7.3,10.0,6.6,53,2021-04-27,460000,3350
MTL-101249,Rosemont-La Petite-Patrie,Townhouse,2,1.2,1883,2520.0,1938.0,1.0,1,1,Good,,8.1,11.0,7.9,10,2022-03-25,586700,6140
MTL-101491,Griffintown,Condo,1,1.0,1464,0.0,2004.0,3.0,1,1,Poor,,7.2,,3.9,15,2021-09-18,609400,5670
MTL-100340,Verdun,Detached,4,3.0,2768,6119.0,1948.0,1.0,0,0,Good,2022.0,6.1,14.3,4.3,32,2023-06-14,837500,9020
MTL-101404,NDG (Notre-Dame-de-Grâce),Triplex,3,2.3,4118,13194.0,1961.0,0.0,0,0,Excellent,,7.3,12.6,7.0,27,2023-06-03,936900,6910
MTL-100829,Verdun,Duplex,4,,3125,11719.0,1961.0,0.0,1,0,Fair,,8.7,15.5,5.5,44,2021-09-06,629700,6000
MTL-101546,Laval,Condo,2,1.4,923,0.0,2000.0,1.0,1,0,Fair,2015.0,7.1,10.2,21.5,19,2022-01-06,287400,2060
MTL-101105,Le Plateau-Mont-Royal,Condo,1,1.0,610,0.0,1994.0,1.0,1,0,Excellent,,7.2,16.9,4.1,15,2021-06-25,356700,3320
MTL-102179,Verdun,Duplex,4,2.7,2867,5623.0,2016.0,0.0,0,0,Good,2019.0,7.1,11.3,5.1,24,2021-01-26,865800,8700
MTL-102210,Ahuntsic-Cartierville,Detached,3,1.8,2277,3424.0,1987.0,0.0,1,0,Fair,2013.0,8.3,9.0,11.4,57,2023-04-05,584000,4940
MTL-102190,Ville-Marie (Downtown),Detached,4,3.6,2559,4105.0,2013.0,0.0,1,0,Excellent,,8.0,32.0,2.2,32,2022-04-28,1058600,11260
MTL-101275,Outremont,Townhouse,4,2.4,2029,4267.0,1997.0,3.0,1,0,Good,,8.9,4.5,2.2,43,2023-03-29,1079200,10560
MTL-101301,Longueuil,Townhouse,3,1.9,1797,4702.0,2009.0,2.0,1,0,Fair,,6.1,10.6,18.4,73,2023-07-26,434800,3190
MTL-100962,Ville-Marie (Downtown),Duplex,4,2.6,3063,7813.0,1982.0,1.0,1,0,,,5.9,23.5,2.0,18,2023-06-18,623800,6760
MTL-101986,Ahuntsic-Cartierville,Condo,2,,1135,0.0,2008.0,2.0,1,0,Good,,7.6,8.1,11.1,34,2023-01-10,441700,4280
MTL-101390,Le Plateau-Mont-Royal,Duplex,3,1.9,2784,4444.0,1963.0,0.0,1,0,Good,,7.7,15.6,1.6,35,2022-06-18,708900,7400
MTL-100843,Saint-Laurent,Condo,1,1.0,1263,0.0,1965.0,2.0,0,0,Good,,7.0,8.8,14.1,26,2022-04-03,443400,3450
MTL-101074,Saint-Laurent,Townhouse,3,2.6,2211,7310.0,1964.0,0.0,1,0,Fair,,6.2,13.7,15.9,43,2023-10-26,536200,5600
MTL-100420,Laval,Condo,1,1.0,400,0.0,2003.0,1.0,1,0,Fair,,6.2,10.2,14.3,38,2023-12-05,105800,810
MTL-101495,NDG (Notre-Dame-de-Grâce),Detached,2,1.5,2524,3026.0,,1.0,1,0,Excellent,,8.9,15.3,6.6,41,2022-06-11,800900,7190
MTL-100498,Saint-Laurent,Condo,2,1.7,1396,0.0,1982.0,2.0,1,1,Good,,8.8,5.6,10.2,26,2023-08-18,523800,3730
MTL-100416,Ville-Marie (Downtown),Duplex,4,3.2,3139,8156.0,2012.0,0.0,1,0,Good,,5.6,29.4,0.5,53,2023-06-09,952400,8190
MTL-100620,Le Plateau-Mont-Royal,Condo,1,1.0,905,0.0,2011.0,2.0,1,0,Good,2011.0,6.3,13.9,3.1,17,2022-12-18,434200,4240
MTL-101730,Ville-Marie (Downtown),Duplex,4,2.9,3841,6896.0,1931.0,1.0,0,0,Fair,,6.8,23.3,1.1,47,2022-01-07,751200,6240
MTL-100311,Outremont,Duplex,5,2.8,3605,,,1.0,1,0,Fair,2016.0,9.3,6.4,4.1,39,2022-05-29,1089100,11480
MTL-100123,Le Plateau-Mont-Royal,Townhouse,3,2.4,1645,5519.0,1986.0,1.0,1,0,Good,,8.3,12.6,1.6,60,2021-07-14,649000,5560
MTL-101989,Ahuntsic-Cartierville,Semi-Detached,2,1.4,1641,5288.0,1964.0,1.0,0,0,Good,1977.0,6.1,8.4,9.5,8,2021-05-10,372200,4020
MTL-100360,Griffintown,Triplex,5,2.8,4034,9545.0,1955.0,2.0,0,0,Excellent,,5.9,15.4,1.3,49,2021-02-09,1086500,8330
MTL-100507,Laval,Condo,1,1.0,434,0.0,1928.0,1.0,0,0,Fair,1931.0,8.1,4.4,17.9,8,2021-10-25,105500,1030
MTL-101386,Ahuntsic-Cartierville,Townhouse,4,3.2,2287,8598.0,1954.0,1.0,1,0,Excellent,,7.0,11.3,10.5,29,2021-05-06,646000,5470
MTL-101665,Laval,Detached,4,3.3,2733,8810.0,1973.0,0.0,1,0,Poor,2019.0,8.4,5.3,21.3,35,2021-02-19,537200,4910
MTL-101734,Le Plateau-Mont-Royal,Condo,1,1.0,958,0.0,1964.0,0.0,1,0,Good,,8.4,15.8,2.4,40,2021-01-19,465300,4120
MTL-101975,Longueuil,Detached,3,2.5,2493,7323.0,1957.0,1.0,0,0,Good,2015.0,5.1,7.1,19.0,13,2023-08-12,479800,4340
MTL-101952,Rosemont-La Petite-Patrie,Triplex,4,2.4,4219,15019.0,1922.0,1.0,0,0,Excellent,1954.0,7.3,9.9,8.6,45,2022-10-12,874900,8180
MTL-102394,Longueuil,Detached,3,2.4,2532,3926.0,1936.0,1.0,0,0,Good,,6.1,13.6,17.1,55,2023-03-22,387600,3970
MTL-102154,Outremont,Detached,3,2.2,2146,5403.0,1994.0,2.0,1,0,Good,,9.6,9.9,2.7,39,2022-08-24,918000,8470
MTL-101476,Laval,Detached,3,2.0,1839,5389.0,1972.0,2.0,1,0,Poor,,6.6,11.2,17.6,26,2021-03-04,335700,2420
MTL-101136,Laval,Townhouse,3,2.5,1960,2825.0,1933.0,1.0,0,0,Excellent,1982.0,6.2,9.9,16.4,17,2022-12-22,443800,3160
MTL-101635,Le Plateau-Mont-Royal,Condo,1,1.0,830,,1939.0,,0,0,Excellent,,6.6,17.1,3.7,42,2023-06-29,447600,4120
MTL-101063,Griffintown,Detached,4,3.4,2626,5961.0,,2.0,1,0,Good,,6.1,12.2,3.8,61,2022-04-10,1008800,8240
MTL-100137,NDG (Notre-Dame-de-Grâce),Duplex,3,2.3,2550,6107.0,1936.0,2.0,1,0,Poor,,7.4,15.8,8.6,21,2021-07-07,416000,3810
MTL-100421,Ahuntsic-Cartierville,Duplex,4,3.2,2776,4540.0,1976.0,0.0,0,0,Good,,,13.6,12.0,22,2022-06-16,444500,4000
MTL-100441,Saint-Laurent,Semi-Detached,3,2.3,2194,4179.0,1966.0,2.0,1,0,Excellent,,8.9,6.4,9.4,11,2022-03-08,657400,4880
MTL-100005,Le Plateau-Mont-Royal,Condo,1,1.0,957,0.0,1925.0,2.0,1,0,Good,,8.7,11.8,3.0,20,2022-06-20,386700,3190
MTL-100840,Westmount,Townhouse,3,2.5,1709,5661.0,1920.0,2.0,0,0,Fair,,9.5,9.2,5.2,27,2022-08-09,747700,6070
MTL-101553,Longueuil,Semi-Detached,2,1.3,2073,6068.0,1973.0,1.0,1,0,Excellent,,7.9,13.2,15.8,26,2022-08-25,499600,4810
MTL-101111,Le Plateau-Mont-Royal,Condo,2,1.7,764,0.0,1952.0,3.0,1,0,Good,1969.0,6.3,12.5,5.0,79,2023-06-11,331700,3200
MTL-101053,Laval,Semi-Detached,3,2.1,2025,7119.0,1924.0,2.0,0,0,Good,,7.2,5.6,17.6,31,2023-02-23,449300,3150
MTL-100976,Rosemont-La Petite-Patrie,Townhouse,2,1.2,1661,5776.0,2021.0,0.0,0,0,Poor,,6.4,8.9,4.6,36,2021-10-29,451100,4760
MTL-100899,Outremont,Semi-Detached,3,2.7,2580,6759.0,1950.0,0.0,0,0,Good,,9.3,7.1,2.1,33,2023-03-07,1057500,9930
MTL-100875,Le Plateau-Mont-Royal,Triplex,4,2.7,3559,12055.0,2000.0,1.0,0,0,Poor,,8.9,17.6,1.3,24,2021-03-23,749100,5620
MTL-102126,NDG (Notre-Dame-de-Grâce),Condo,1,1.0,1058,0.0,1940.0,1.0,1,0,,1955.0,7.2,7.5,6.4,35,2022-10-05,357600,3370
MTL-100050,Saint-Laurent,Detached,3,2.6,2047,,1992.0,1.0,0,0,Good,,7.5,11.5,12.6,67,2021-08-08,547600,4860
MTL-102106,Laval,Triplex,3,2.5,4120,,2003.0,0.0,1,0,Good,,6.9,6.8,21.6,50,2022-08-22,639300,4540
MTL-102336,Verdun,Detached,2,1.7,2671,3348.0,1920.0,1.0,1,0,Fair,1976.0,7.4,13.7,5.3,38,2021-12-26,614000,5590
MTL-100691,Griffintown,Townhouse,3,2.1,1426,2759.0,2012.0,0.0,1,0,Good,,5.8,23.7,2.6,22,2023-06-07,664200,5960
MTL-101351,Rosemont-La Petite-Patrie,Condo,2,1.4,1716,0.0,2016.0,,1,0,Excellent,2022.0,6.5,16.0,6.7,19,2023-08-23,924200,7870
MTL-100814,Laval,Condo,1,1.0,1334,0.0,,1.0,1,0,Poor,,7.2,5.9,12.0,41,2023-08-31,328100,2930
MTL-100820,Laval,Semi-Detached,4,2.4,2300,,1971.0,3.0,0,0,Fair,,6.8,4.7,13.1,17,2022-05-23,500400,4780
MTL-100266,NDG (Notre-Dame-de-Grâce),Semi-Detached,3,1.9,2758,5919.0,1939.0,1.0,1,0,Good,1977.0,8.0,8.6,5.0,19,2022-09-01,750100,6520
MTL-101027,Laval,Duplex,3,2.5,2903,9970.0,2004.0,3.0,0,0,Poor,,6.1,7.7,13.7,42,2021-02-16,415300,3970
MTL-100224,Ville-Marie (Downtown),Detached,3,2.6,2393,4354.0,1968.0,,0,0,Fair,,7.3,18.6,3.0,29,2023-03-29,831600,7280
MTL-101912,Saint-Laurent,Duplex,3,2.4,3123,7288.0,1956.0,1.0,1,0,Good,,7.6,13.2,14.6,22,2022-03-04,638600,6570
MTL-100995,Outremont,Condo,2,1.8,1834,0.0,1923.0,1.0,0,0,Good,,8.6,6.5,3.0,37,2021-02-21,1024600,8190
MTL-101117,Laval,Triplex,6,3.5,4164,,2016.0,2.0,0,0,Excellent,,8.9,10.3,20.5,50,2023-10-27,789000,7490
MTL-101306,Ahuntsic-Cartierville,Detached,3,2.1,2836,3425.0,2012.0,0.0,0,0,Excellent,2017.0,6.6,13.7,11.3,6,2023-05-22,813600,7040
MTL-102045,Ahuntsic-Cartierville,Triplex,4,2.4,3429,4213.0,1933.0,0.0,1,0,Excellent,,8.6,14.5,12.6,50,2023-06-09,547200,4560
MTL-100080,Laval,Condo,1,1.0,682,0.0,1929.0,1.0,0,0,,,7.6,11.0,12.6,29,2023-04-20,157300,1530
MTL-100033,Longueuil,Condo,2,1.5,1615,0.0,1978.0,,0,0,Fair,,6.8,6.5,17.7,19,2022-01-01,423400,4170
MTL-101094,Le Plateau-Mont-Royal,Detached,3,2.4,2493,4040.0,1990.0,,1,0,Good,,6.4,19.7,3.4,33,2023-04-18,805700,8720
MTL-101507,Rosemont-La Petite-Patrie,Detached,5,3.8,2763,8718.0,1994.0,2.0,0,0,Good,,7.9,10.3,4.3,41,2022-09-06,846200,8880
MTL-100999,Verdun,Duplex,3,2.0,3199,5746.0,,0.0,1,0,Fair,2019.0,6.6,17.0,4.2,30,2023-12-22,775400,8100
MTL-101732,Rosemont-La Petite-Patrie,Detached,5,4.4,2804,8683.0,1928.0,0.0,1,0,Excellent,,8.2,8.1,8.2,35,2022-11-11,800700,8380
MTL-101361,Le Plateau-Mont-Royal,Semi-Detached,3,2.5,2677,7268.0,,1.0,1,0,Fair,,7.0,16.4,3.1,47,2022-01-24,939200,10050
MTL-100804,Griffintown,Condo,2,1.1,1738,0.0,1977.0,1.0,1,1,Excellent,,6.9,18.4,1.4,65,2023-05-06,1111100,10960
MTL-100134,Longueuil,Duplex,6,4.7,3495,8563.0,1981.0,1.0,1,0,Good,,7.1,13.2,16.9,29,2022-06-15,546700,5380
MTL-100324,Saint-Laurent,Condo,1,1.0,1274,0.0,2012.0,0.0,1,0,Fair,,6.8,10.3,13.2,18,2022-05-10,475900,5130
MTL-102185,Longueuil,Detached,5,3.5,2956,3336.0,1966.0,2.0,1,0,Fair,2009.0,6.6,8.2,13.1,55,2021-11-30,503100,4960
MTL-100879,Le Plateau-Mont-Royal,Duplex,4,2.8,3145,11820.0,1996.0,1.0,1,0,Excellent,,7.3,11.0,3.7,21,2023-10-05,932800,9610
MTL-100913,Griffintown,Detached,3,,2719,10103.0,2005.0,0.0,0,0,Fair,,6.0,23.3,3.4,49,2021-12-02,988400,8050
MTL-101769,Griffintown,Townhouse,3,2.0,2036,3892.0,1929.0,2.0,0,0,,,6.3,14.8,3.9,22,2022-04-03,690600,6900
MTL-102406,Griffintown,Townhouse,4,3.4,2154,3578.0,1985.0,2.0,0,0,Fair,1993.0,,22.1,1.6,20,2022-05-13,880500,6470
MTL-102076,Le Plateau-Mont-Royal,Detached,4,3.2,3235,10397.0,2022.0,2.0,0,0,Good,,8.8,13.1,1.4,17,2023-06-18,1376100,12080
MTL-102254,Laval,Triplex,4,2.5,4024,9264.0,2018.0,,0,0,Good,,7.4,8.4,15.3,51,2022-11-20,574100,5130
MTL-101141,Griffintown,Townhouse,3,2.1,2044,2370.0,1985.0,0.0,0,0,Excellent,,6.9,15.9,2.9,27,2022-11-13,952200,6990
MTL-102467,Westmount,Duplex,5,2.9,3572,11843.0,1954.0,3.0,0,0,,,8.0,8.5,5.9,21,2021-10-27,1085400,8150
MTL-100863,Verdun,Condo,2,1.4,1365,0.0,1993.0,1.0,1,0,Good,,7.7,15.8,5.7,34,2021-02-27,602300,5420
MTL-100023,Griffintown,Detached,4,3.2,3112,10354.0,1989.0,2.0,0,0,Good,,5.3,15.8,2.3,37,2023-06-05,1165800,10900
MTL-100148,Westmount,Detached,4,2.6,2286,4527.0,1939.0,2.0,1,0,Good,,8.9,5.7,2.2,37,2021-05-12,921800,7340
MTL-101473,Griffintown,Duplex,6,3.5,3705,11052.0,1989.0,0.0,0,0,Good,1994.0,7.1,24.1,1.6,30,2023-09-28,1060900,10890
MTL-101352,Verdun,Semi-Detached,2,1.1,1860,,2019.0,1.0,1,0,Good,,7.6,11.1,8.8,18,2021-03-08,587600,5570
MTL-102481,Laval,Condo,1,1.0,1283,0.0,2000.0,1.0,0,0,Fair,,7.7,,15.5,24,2023-07-21,329300,3360
MTL-101587,Griffintown,Semi-Detached,2,1.8,2382,8932.0,1990.0,1.0,1,0,Fair,,7.6,24.2,2.8,33,2021-06-30,841700,7640
MTL-100930,Le Plateau-Mont-Royal,Semi-Detached,2,1.2,1877,6268.0,1987.0,0.0,1,0,Good,,8.1,10.3,2.5,23,2022-10-30,697200,7140
MTL-101753,Ville-Marie (Downtown),Semi-Detached,2,1.3,2485,,2005.0,2.0,1,0,Fair,2016.0,5.5,23.0,0.5,36,2022-09-07,1008900,7830
MTL-101834,Laval,Detached,5,3.4,3334,11475.0,1928.0,0.0,0,0,Good,2014.0,7.6,9.1,18.9,26,2022-05-20,553300,5640
MTL-101243,Laval,Condo,2,1.1,1054,0.0,,3.0,1,0,Excellent,2000.0,7.0,,15.4,19,2023-06-15,335400,3570
MTL-100076,Ahuntsic-Cartierville,Townhouse,4,3.0,27495,2485.0,1922.0,1.0,0,1,Excellent,,6.3,9.6,8.9,42,2021-05-21,466300,4670
MTL-101494,Rosemont-La Petite-Patrie,Detached,5,3.3,2954,4611.0,1982.0,1.0,1,0,,,6.1,13.5,4.9,57,2022-03-26,838800,7870
MTL-101644,Outremont,Townhouse,3,2.4,2400,5189.0,1967.0,0.0,0,0,Excellent,,8.4,8.2,2.9,39,2021-07-12,1146400,8330
MTL-101443,Verdun,Detached,2,,2442,8545.0,1957.0,1.0,1,0,Excellent,,7.4,9.5,5.1,28,2023-04-16,867900,6080
MTL-102350,NDG (Notre-Dame-de-Grâce),Townhouse,3,2.3,1771,2366.0,2007.0,2.0,1,0,Fair,,7.7,10.0,6.8,55,2022-11-16,593200,6010
MTL-101199,Le Plateau-Mont-Royal,Condo,1,1.0,820,0.0,1951.0,2.0,1,0,Fair,2001.0,7.3,12.1,2.0,51,2023-08-08,352400,3730
MTL-102480,Ville-Marie (Downtown),Townhouse,3,2.0,2701,5166.0,1966.0,1.0,1,0,Fair,,7.8,27.9,1.1,25,2022-03-28,865800,6980
MTL-101435,Westmount,Semi-Detached,4,3.1,2340,8166.0,2007.0,0.0,0,0,Fair,,8.3,,5.0,39,2022-07-17,992800,8590
MTL-100500,NDG (Notre-Dame-de-Grâce),Duplex,4,3.2,3274,11921.0,1941.0,0.0,1,0,Fair,,7.6,7.0,8.4,39,2021-10-14,657400,6750
MTL-101487,NDG (Notre-Dame-de-Grâce),Detached,3,2.6,3058,7930.0,1975.0,0.0,1,0,Good,,7.6,12.6,8.2,45,2022-01-05,914400,8470
MTL-100505,Le Plateau-Mont-Royal,Triplex,3,2.0,3043,4820.0,1935.0,0.0,0,0,Fair,,,14.0,2.0,30,2023-10-24,605500,6590
MTL-102455,Le Plateau-Mont-Royal,Duplex,6,4.0,4423,5176.0,1935.0,0.0,0,1,Good,1991.0,6.8,16.4,1.0,23,2021-12-22,1069500,9500
MTL-101605,Verdun,Duplex,3,2.0,3317,10588.0,1921.0,0.0,1,0,Good,1988.0,,9.2,8.5,30,2023-03-24,670100,5080
MTL-101938,Verdun,Townhouse,3,1.7,1630,,1976.0,1.0,1,0,Good,2001.0,6.1,16.4,8.2,28,2023-06-04,504100,5010
MTL-101331,Ahuntsic-Cartierville,Triplex,5,3.5,4409,13863.0,1991.0,2.0,1,0,Excellent,,6.1,14.9,10.8,31,2021-10-31,768400,7240
MTL-100957,Westmount,Duplex,4,2.7,3242,4096.0,1953.0,2.0,1,0,Fair,,8.9,5.0,5.4,19,2021-12-11,1083800,10510
MTL-101958,NDG (Notre-Dame-de-Grâce),Detached,4,3.1,2877,5256.0,1945.0,1.0,1,0,Good,1962.0,7.7,12.4,7.5,40,2021-03-19,776900,5750
MTL-101699,Rosemont-La Petite-Patrie,Semi-Detached,3,,2096,,1973.0,2.0,0,0,Fair,1995.0,7.9,16.5,8.6,21,2022-11-04,484500,3680
MTL-100201,Outremont,Townhouse,5,4.1,2132,3270.0,1948.0,1.0,1,0,Good,,8.8,9.7,4.4,52,2021-01-13,945300,8920
MTL-101237,Verdun,Duplex,5,2.9,3736,10372.0,1993.0,2.0,0,0,Good,,8.1,8.6,6.7,31,2023-09-11,960600,10270
MTL-100238,NDG (Notre-Dame-de-Grâce),Townhouse,2,1.6,1232,4279.0,1979.0,1.0,0,0,Excellent,,7.2,15.3,9.7,32,2022-05-21,434500,4020
MTL-101811,Ahuntsic-Cartierville,Townhouse,2,1.3,1966,5241.0,,1.0,1,0,Good,,6.9,6.9,9.1,42,2022-10-15,573800,5540
MTL-100985,Verdun,Semi-Detached,2,1.6,2137,5078.0,1992.0,1.0,0,0,Excellent,,8.2,14.4,5.7,48,2021-09-09,753700,6160
MTL-100552,Rosemont-La Petite-Patrie,Condo,3,2.7,1096,0.0,1933.0,2.0,1,0,Good,,8.2,10.4,7.0,33,2023-08-28,460700,3630
MTL-101668,Le Plateau-Mont-Royal,Condo,1,1.0,1670,0.0,1929.0,2.0,0,0,,,7.8,,1.3,24,2022-04-19,558300,5880
MTL-101506,Rosemont-La Petite-Patrie,Detached,4,2.6,2316,4707.0,2011.0,0.0,0,0,Good,2021.0,7.1,17.2,5.2,39,2022-03-18,693700,5660
MTL-101572,Ahuntsic-Cartierville,Semi-Detached,2,1.4,1405,3543.0,1995.0,0.0,0,1,Fair,,8.6,9.1,8.7,47,2021-07-11,362000,2780
MTL-100989,Laval,Detached,4,2.5,2615,5365.0,1956.0,2.0,1,0,Good,,6.1,7.9,16.3,17,2022-12-06,577700,6250
MTL-100623,Verdun,Detached,4,3.1,2374,5646.0,1991.0,1.0,0,0,Good,,6.8,17.5,6.4,43,2021-01-06,674100,6900
MTL-100048,Rosemont-La Petite-Patrie,Detached,3,2.5,2812,,1988.0,2.0,1,0,Fair,,6.3,10.0,6.7,41,2023-02-11,696500,7460
MTL-101234,NDG (Notre-Dame-de-Grâce),Condo,2,1.4,692,0.0,1958.0,3.0,1,0,Good,,8.9,9.7,6.4,27,2023-07-30,274600,2410
MTL-102035,Griffintown,Semi-Detached,4,,2439,6235.0,2007.0,1.0,0,0,Good,,,17.1,3.3,13,2022-10-19,953200,7040
MTL-102360,Westmount,Duplex,5,4.2,3412,7583.0,1956.0,2.0,1,0,Good,1966.0,8.5,3.6,5.8,12,2021-01-21,1281800,13240
MTL-101818,NDG (Notre-Dame-de-Grâce),Detached,4,,2890,8508.0,1928.0,3.0,1,0,Good,1957.0,7.4,11.2,7.2,31,2023-02-01,837700,7810
MTL-100114,NDG (Notre-Dame-de-Grâce),Condo,1,1.0,859,0.0,2007.0,0.0,1,0,,,7.3,10.1,9.7,39,2023-09-24,335300,2670
MTL-100790,Le Plateau-Mont-Royal,Condo,1,1.0,1143,0.0,1961.0,0.0,1,0,Fair,,8.9,15.7,3.0,30,2021-02-25,498300,4050
MTL-102397,Westmount,Condo,3,2.4,1883,0.0,2003.0,1.0,1,0,Good,,,6.3,2.0,11,2022-07-09,1330100,10850
MTL-102107,Longueuil,Condo,1,1.0,729,0.0,1999.0,0.0,1,0,Good,,6.3,10.8,10.8,59,2023-07-14,228800,1890
MTL-100896,Ville-Marie (Downtown),Triplex,6,4.5,4235,11438.0,1989.0,0.0,1,0,Good,1998.0,7.8,31.1,1.5,16,2022-06-13,966300,6840
MTL-101096,Le Plateau-Mont-Royal,Condo,1,1.0,1353,0.0,1949.0,2.0,0,0,Excellent,,7.4,15.4,2.6,13,2021-10-18,684200,6360
MTL-100220,NDG (Notre-Dame-de-Grâce),Townhouse,3,2.2,2314,8718.0,1964.0,1.0,0,0,Fair,1990.0,8.2,6.1,5.8,21,2023-03-25,742100,7030
MTL-100514,Westmount,Duplex,3,2.4,2814,7893.0,2015.0,1.0,1,0,Good,2016.0,9.4,6.9,4.2,28,2023-08-11,1254700,10270
MTL-100150,Longueuil,Condo,1,1.0,634,0.0,1974.0,2.0,0,0,Poor,,5.5,10.1,11.1,39,2021-10-21,154800,1490
MTL-100715,Longueuil,Condo,1,1.0,667,,2006.0,2.0,1,0,Excellent,,7.6,10.3,15.4,29,2021-10-20,239500,2410
MTL-102348,Rosemont-La Petite-Patrie,Duplex,5,3.8,3655,9225.0,1982.0,2.0,1,0,Excellent,,6.5,15.9,6.0,19,2021-06-30,950800,9730
MTL-101945,Verdun,Townhouse,4,2.3,2073,3810.0,1931.0,3.0,1,0,Good,,6.3,13.2,5.1,28,2021-06-11,653800,5230
MTL-101095,Le Plateau-Mont-Royal,Duplex,5,3.7,3432,5664.0,1979.0,1.0,1,0,Excellent,,6.5,15.6,4.1,19,2023-06-21,1071900,10190
MTL-100953,Longueuil,Detached,4,,2059,4862.0,1970.0,2.0,0,0,Fair,,,9.5,15.8,33,2021-11-07,373500,2690
MTL-100862,Rosemont-La Petite-Patrie,Duplex,3,1.9,2619,7313.0,1927.0,2.0,0,0,Poor,2020.0,8.1,10.4,6.6,25,2021-05-09,416500,3530
MTL-102054,Laval,Detached,3,2.3,2581,3560.0,1980.0,1.0,1,0,Good,,7.5,7.9,20.6,18,2023-09-07,621000,6270
MTL-101482,Rosemont-La Petite-Patrie,Condo,2,1.5,777,0.0,1960.0,2.0,0,1,Fair,,8.3,14.2,8.5,20,2023-08-23,300600,2980
MTL-101861,NDG (Notre-Dame-de-Grâce),Semi-Detached,5,4.2,2325,2684.0,1998.0,2.0,1,0,Good,2015.0,8.9,12.1,6.4,7,2022-01-22,728700,5800
MTL-100188,Rosemont-La Petite-Patrie,Detached,5,3.3,3040,10012.0,1971.0,,0,0,Excellent,,8.3,10.4,4.4,26,2023-07-27,1006500,10930
MTL-100923,Laval,Condo,2,1.1,972,0.0,2005.0,,0,0,Good,,6.6,8.2,16.0,34,2022-03-17,332200,2790
MTL-101747,Ville-Marie (Downtown),Condo,1,1.0,970,0.0,1970.0,2.0,1,0,Fair,1980.0,5.4,22.1,2.4,58,2021-04-05,478700,4650
MTL-102423,Verdun,Townhouse,3,2.3,1861,6072.0,1967.0,1.0,0,0,Poor,,8.8,9.1,5.5,37,2022-01-09,506800,4940
MTL-101244,Ahuntsic-Cartierville,Condo,2,1.5,1042,0.0,1979.0,0.0,1,0,Poor,2017.0,6.1,14.1,8.8,25,2023-10-21,297200,2580
MTL-102273,NDG (Notre-Dame-de-Grâce),Triplex,3,2.1,3914,9598.0,1981.0,,1,0,Good,,8.4,12.9,9.6,26,2023-07-05,774800,6430
MTL-101054,Saint-Laurent,Condo,3,2.1,1289,0.0,1960.0,0.0,0,0,Good,,8.6,8.3,9.1,8,2022-03-29,392800,2900
MTL-101921,Westmount,Townhouse,2,1.5,1876,,2010.0,3.0,0,0,Excellent,,9.7,3.9,5.6,39,2021-05-03,1233100,9930
MTL-102346,NDG (Notre-Dame-de-Grâce),Townhouse,3,2.5,1523,4954.0,1982.0,2.0,1,0,Good,,8.7,9.2,9.1,11,2021-10-29,481500,3840
MTL-102003,Ville-Marie (Downtown),Condo,2,1.8,1166,0.0,2015.0,0.0,1,0,Good,,,,0.5,41,2021-01-04,590900,4670
MTL-100268,Griffintown,Semi-Detached,4,2.3,2158,7218.0,1982.0,0.0,0,0,Good,,5.7,15.6,3.9,35,2022-04-14,719100,7320
MTL-100308,Laval,Detached,5,3.2,2555,4447.0,1933.0,0.0,0,0,Good,1961.0,6.3,8.4,18.6,24,2023-04-24,512300,5440
MTL-101745,Verdun,Townhouse,5,4.4,2256,4099.0,1935.0,1.0,1,0,Fair,,8.2,10.3,4.8,50,2022-11-02,632800,5620
MTL-101866,Westmount,Condo,2,1.5,1478,0.0,1923.0,0.0,1,0,Fair,,,4.5,5.1,21,2023-04-29,792800,7090
MTL-101283,Westmount,Triplex,5,3.9,4306,5203.0,2002.0,,0,0,Good,,8.2,7.4,5.3,14,2023-05-17,1468000,15460
MTL-101090,Longueuil,Townhouse,3,2.5,2462,,1961.0,1.0,0,0,Fair,1995.0,6.6,8.2,10.1,29,2021-02-23,458400,4530
MTL-100821,Westmount,Condo,2,1.6,1241,0.0,1956.0,2.0,1,0,Good,,,8.3,2.6,43,2023-06-10,814700,7020
MTL-102431,Laval,Detached,3,1.8,2329,7188.0,1921.0,1.0,0,0,Fair,2000.0,8.4,8.9,17.2,36,2022-09-05,387200,3550
MTL-100107,Ahuntsic-Cartierville,Condo,1,1.0,1459,0.0,1946.0,,1,0,Excellent,,6.1,15.2,11.3,40,2021-10-28,576600,4920
MTL-102470,Le Plateau-Mont-Royal,Detached,4,2.3,2452,,1920.0,3.0,1,1,Fair,1955.0,,11.9,2.2,55,2022-03-02,832200,9040
MTL-101770,Verdun,Duplex,3,2.0,3059,8083.0,1947.0,2.0,1,0,Excellent,,,8.3,7.5,71,2023-10-03,839000,8590
MTL-101363,NDG (Notre-Dame-de-Grâce),Condo,2,1.5,934,0.0,2005.0,1.0,0,0,Excellent,2006.0,8.3,14.9,9.3,45,2022-03-05,438700,3850
MTL-100457,Verdun,Triplex,4,3.4,3715,8597.0,1966.0,1.0,1,0,Fair,2008.0,7.3,9.1,6.3,36,2021-06-04,714100,5840
MTL-102381,Laval,Detached,3,2.2,2480,4197.0,1939.0,0.0,0,0,Excellent,,7.2,4.5,20.3,61,2022-01-25,525000,5330
MTL-100706,Ville-Marie (Downtown),Triplex,6,,3945,11475.0,1954.0,0.0,1,0,Excellent,2009.0,7.0,26.6,2.5,43,2021-08-27,1039700,8210
MTL-102286,Saint-Laurent,Townhouse,3,1.7,1541,5432.0,1938.0,0.0,1,0,,1991.0,6.4,6.5,11.0,57,2022-04-04,474600,4030
MTL-100092,Ahuntsic-Cartierville,Semi-Detached,4,3.2,2924,4577.0,1969.0,1.0,0,0,Fair,2016.0,8.3,13.0,9.9,56,2022-11-06,673700,5490
MTL-100816,Rosemont-La Petite-Patrie,Detached,2,,2506,8952.0,1971.0,0.0,1,0,Good,,,18.0,6.8,32,2023-09-22,713400,7380
MTL-102395,Griffintown,Condo,1,1.0,893,,2009.0,0.0,1,0,Excellent,,5.0,19.3,2.5,22,2022-11-14,510200,5440
MTL-100855,Le Plateau-Mont-Royal,Condo,2,1.3,1586,0.0,1954.0,1.0,1,0,Good,,8.7,11.3,5.0,17,2022-10-03,758500,6880
MTL-100869,Longueuil,Duplex,4,2.4,3449,3973.0,1957.0,2.0,0,0,Poor,,6.2,6.0,13.3,33,2021-08-03,465600,4200
MTL-101025,Verdun,Condo,1,1.0,1185,0.0,2004.0,0.0,1,0,,,7.3,8.1,6.5,12,2022-09-28,401700,3430
MTL-100142,Verdun,Triplex,4,2.8,3538,9350.0,1926.0,0.0,1,0,Poor,,7.2,11.5,7.3,57,2022-07-11,512400,5490
MTL-101439,NDG (Notre-Dame-de-Grâce),Detached,3,2.0,2506,6090.0,1933.0,0.0,1,0,Fair,,8.7,13.3,5.9,53,2023-08-23,678900,6690
MTL-100162,NDG (Notre-Dame-de-Grâce),Condo,1,1.0,499,0.0,1990.0,0.0,1,0,Fair,,,6.3,5.1,40,2022-09-10,187400,1830
MTL-101855,Ville-Marie (Downtown),Semi-Detached,3,2.5,2534,8310.0,1999.0,,1,0,Good,,6.4,24.2,1.2,63,2022-11-23,1029100,9980
MTL-100861,Verdun,Condo,2,1.2,765,0.0,2015.0,1.0,1,0,Fair,,7.0,17.7,7.2,60,2023-11-05,266700,2880
MTL-101970,Westmount,Townhouse,3,2.1,1968,5909.0,1939.0,1.0,1,0,Fair,1962.0,10.0,9.6,5.7,66,2021-09-16,871900,7030
MTL-100616,Outremont,Duplex,6,4.8,3303,12238.0,2010.0,1.0,0,0,Fair,,8.8,7.3,5.7,29,2021-02-03,1125700,9490
MTL-100570,Verdun,Duplex,6,4.2,3575,,1943.0,0.0,0,0,Good,2003.0,7.8,9.8,8.9,16,2023-08-25,691000,6050
MTL-100710,Ahuntsic-Cartierville,Condo,1,1.0,833,0.0,2008.0,0.0,1,0,Good,,6.1,10.5,7.3,48,2022-12-02,333400,3360
MTL-101594,Ahuntsic-Cartierville,Condo,2,1.5,883,0.0,1982.0,0.0,0,0,Good,,6.4,15.3,9.5,18,2021-09-09,316900,2360
MTL-100931,Laval,Townhouse,3,2.3,1756,4789.0,1926.0,2.0,1,0,,,7.7,6.7,14.0,29,2021-01-16,306600,2170
MTL-100327,Rosemont-La Petite-Patrie,Condo,1,1.0,1679,0.0,1938.0,2.0,1,1,Good,,8.4,16.4,4.1,16,2022-09-30,630300,4840
MTL-100579,Ville-Marie (Downtown),Townhouse,3,2.2,1518,3574.0,1953.0,0.0,1,0,Poor,1985.0,6.1,23.3,0.3,45,2022-02-28,471400,5140
MTL-100857,Verdun,Detached,2,1.5,2394,,2004.0,0.0,0,0,Excellent,,7.5,10.8,7.3,30,2021-05-25,741100,8080
MTL-100925,Westmount,Semi-Detached,4,2.6,1962,3729.0,1961.0,0.0,1,0,Fair,2011.0,,3.8,2.6,26,2022-07-05,846600,7270
MTL-101001,Rosemont-La Petite-Patrie,Triplex,3,2.0,3868,7546.0,1970.0,0.0,1,0,Fair,,7.4,15.9,9.0,50,2021-11-07,641200,4560
MTL-100951,NDG (Notre-Dame-de-Grâce),Duplex,3,1.8,2758,6122.0,1983.0,1.0,1,1,,1997.0,,,5.6,41,2021-04-27,682700,5040
MTL-100244,Westmount,Duplex,5,3.6,3747,12920.0,2007.0,1.0,0,0,Fair,,8.4,3.1,2.2,30,2021-03-17,1486700,15300
MTL-100321,Ahuntsic-Cartierville,Condo,1,1.0,1289,0.0,1945.0,,1,0,Fair,,8.7,7.2,7.2,24,2021-05-14,392400,2920
MTL-100787,Griffintown,Triplex,5,2.8,4641,16767.0,1963.0,1.0,1,0,Excellent,,6.6,15.4,1.9,21,2022-01-04,1174600,8470
MTL-101598,Outremont,Condo,3,,1401,0.0,1970.0,1.0,1,0,Good,,8.0,6.9,4.7,49,2021-06-07,743000,5600
MTL-102318,Griffintown,Townhouse,3,2.0,2329,2927.0,1943.0,1.0,1,0,Good,,5.4,24.0,2.6,36,2022-12-29,893900,8370
MTL-101131,Verdun,Condo,2,1.3,1103,,1982.0,2.0,1,0,Excellent,,8.8,8.8,8.2,27,2022-01-19,504800,4730
MTL-101827,Saint-Laurent,Townhouse,3,1.9,1509,3963.0,,2.0,1,0,Poor,1999.0,6.6,13.9,9.8,62,2022-01-19,348200,3620
MTL-101750,Rosemont-La Petite-Patrie,Detached,3,1.7,2859,4125.0,1975.0,0.0,1,0,Good,1993.0,7.0,,6.4,28,2021-11-26,741000,6670
MTL-102208,Ville-Marie (Downtown),Triplex,4,2.7,3975,9380.0,1978.0,3.0,1,0,Good,2001.0,7.8,23.9,2.4,19,2021-08-08,936100,9600
MTL-101650,Westmount,Condo,1,1.0,1095,0.0,1985.0,1.0,0,0,Fair,,8.2,5.0,4.7,13,2021-04-18,711500,5950
MTL-100881,NDG (Notre-Dame-de-Grâce),Detached,4,2.4,3005,11142.0,1997.0,2.0,0,0,Fair,2006.0,8.2,10.5,5.2,25,2022-07-16,861100,9370
MTL-102403,Ville-Marie (Downtown),Condo,2,1.5,871,0.0,1944.0,0.0,0,0,Good,,6.8,33.5,0.1,33,2021-06-03,334100,3030
MTL-102051,Verdun,Condo,2,1.8,1252,0.0,1998.0,1.0,0,1,Excellent,,6.4,,5.3,18,2023-05-18,566500,4110
MTL-101030,Westmount,Condo,2,1.7,1062,0.0,1969.0,0.0,0,0,Fair,,8.6,4.2,2.4,39,2023-05-12,588000,6430
MTL-102060,Outremont,Duplex,6,5.0,3257,12323.0,1969.0,1.0,1,0,Good,1977.0,8.8,9.8,2.9,23,2021-01-24,1250700,13690
MTL-100884,Laval,Condo,2,1.3,794,0.0,2002.0,2.0,1,0,Fair,2016.0,8.6,5.4,17.4,52,2022-05-30,256800,2190
MTL-101977,Griffintown,Detached,4,3.4,2264,,1947.0,2.0,1,0,Fair,,5.3,19.8,1.9,10,2023-12-09,679500,5220
MTL-100519,Le Plateau-Mont-Royal,Triplex,5,4.3,4036,5846.0,2020.0,0.0,1,0,Fair,2022.0,8.1,12.1,3.2,37,2021-08-16,1034800,10330
MTL-102043,Le Plateau-Mont-Royal,Condo,1,1.0,1565,0.0,1941.0,0.0,1,0,Fair,,8.6,18.5,2.4,12,2023-01-19,625700,4590
MTL-101151,Laval,Detached,3,2.1,2138,3115.0,1934.0,1.0,1,0,Poor,1985.0,6.7,8.7,19.7,27,2023-02-03,340500,2710
MTL-100844,Le Plateau-Mont-Royal,Detached,5,4.4,3556,9533.0,1978.0,1.0,1,1,Good,1991.0,6.6,20.2,1.8,19,2021-02-20,1218900,10980
MTL-101458,Le Plateau-Mont-Royal,Condo,1,1.0,853,0.0,2005.0,2.0,1,0,Good,2015.0,,16.6,2.8,38,2023-06-24,496300,4710
MTL-101355,Laval,Condo,3,1.8,1227,0.0,1950.0,2.0,0,0,Excellent,,6.2,9.9,14.6,32,2023-10-16,355800,2730
MTL-101927,Verdun,Condo,2,1.7,987,0.0,1938.0,1.0,1,0,Fair,,8.3,10.5,5.2,19,2022-05-15,339900,3450
MTL-100255,Rosemont-La Petite-Patrie,Condo,2,1.6,1056,0.0,2022.0,1.0,0,0,Excellent,2023.0,8.1,16.0,8.9,25,2023-05-27,530100,3740
MTL-100235,Ahuntsic-Cartierville,Triplex,3,2.3,3760,8800.0,1953.0,0.0,1,0,Good,1978.0,8.3,15.8,8.1,36,2022-03-27,615300,4730
MTL-101889,Saint-Laurent,Condo,2,1.5,987,0.0,1991.0,2.0,1,0,Fair,,8.5,6.1,11.9,39,2021-12-14,297800,2140
MTL-100343,Verdun,Townhouse,3,2.1,2378,8120.0,2002.0,0.0,1,0,Fair,,7.6,17.6,4.8,50,2023-12-25,718300,5660
MTL-100338,Verdun,Duplex,6,4.1,4117,7389.0,1982.0,2.0,0,0,Fair,,6.9,16.9,4.4,28,2023-05-30,901300,8680
MTL-100696,Ville-Marie (Downtown),Townhouse,3,2.4,1810,,1948.0,0.0,1,0,Fair,1982.0,7.6,28.3,2.8,73,2022-10-20,629500,4770
MTL-100990,Laval,Condo,1,1.0,883,0.0,2015.0,,1,0,Good,,8.0,11.9,15.4,37,2021-01-29,293700,2630
MTL-101764,Le Plateau-Mont-Royal,Duplex,5,4.2,3210,4723.0,2017.0,3.0,1,0,Poor,,6.6,19.1,3.9,28,2022-07-08,787800,5590
MTL-100315,NDG (Notre-Dame-de-Grâce),Triplex,4,2.9,4076,8620.0,2009.0,0.0,1,0,Good,,8.3,13.2,5.4,30,2021-04-05,843700,7000
MTL-101282,Rosemont-La Petite-Patrie,Condo,2,1.3,1110,0.0,1934.0,1.0,1,0,Good,1951.0,6.7,11.6,7.6,47,2021-06-10,418800,3910
MTL-101144,Ville-Marie (Downtown),Duplex,5,,3303,12434.0,1994.0,2.0,0,0,Excellent,,7.6,31.6,0.8,46,2022-03-25,1068500,10780
MTL-100207,NDG (Notre-Dame-de-Grâce),Condo,2,1.6,1442,0.0,2017.0,1.0,0,0,Poor,,7.7,7.0,7.6,19,2023-04-03,515100,5360
MTL-101455,Longueuil,Triplex,3,2.0,3954,,1990.0,2.0,1,0,Poor,1993.0,7.7,13.3,16.8,27,2023-05-16,481800,4430
MTL-101066,Le Plateau-Mont-Royal,Semi-Detached,3,2.6,2083,2517.0,,0.0,1,0,Fair,,6.2,11.6,3.2,35,2022-07-13,660000,7180
MTL-100593,Griffintown,Triplex,6,5.3,4222,13797.0,2008.0,1.0,1,0,Fair,,6.7,22.9,2.4,32,2022-08-08,1105100,10560
MTL-100656,Ville-Marie (Downtown),Townhouse,4,3.2,2037,7536.0,1929.0,2.0,0,0,Good,1977.0,6.2,26.3,2.8,18,2023-08-13,627300,5080
MTL-101034,Outremont,Condo,2,1.5,1380,0.0,2019.0,1.0,0,0,Excellent,,8.8,4.4,3.7,23,2022-12-13,1003000,8880
MTL-101381,Griffintown,Duplex,4,2.8,3234,,1977.0,1.0,1,0,Good,,6.4,,3.8,36,2023-10-30,940000,9690
MTL-102425,Longueuil,Condo,2,1.2,759,0.0,1921.0,1.0,0,1,Poor,,,8.9,11.3,41,2023-08-22,181700,1350
MTL-101459,NDG (Notre-Dame-de-Grâce),Condo,1,1.0,1078,0.0,1967.0,0.0,1,0,Excellent,1993.0,8.9,13.3,8.7,8,2022-07-02,436100,3600
MTL-100796,Longueuil,Duplex,3,2.3,3750,10196.0,1977.0,1.0,1,0,Good,,6.4,7.1,10.3,24,2021-12-03,630100,5840
MTL-101338,Outremont,Townhouse,3,2.6,1681,6189.0,2021.0,2.0,1,0,Poor,,9.5,,2.9,16,2023-12-02,651400,6570
MTL-100178,Longueuil,Condo,2,1.2,1294,0.0,1990.0,1.0,0,0,Fair,,6.2,13.4,17.3,45,2023-07-23,334900,3260
MTL-101549,NDG (Notre-Dame-de-Grâce),Condo,2,1.5,1416,0.0,2018.0,3.0,0,0,Good,,7.4,11.5,6.2,32,2023-07-11,592600,6000
MTL-100535,Longueuil,Condo,1,1.0,1028,0.0,,0.0,1,0,Good,1973.0,7.7,14.0,10.4,37,2021-03-11,292500,2880
MTL-100608,Verdun,Semi-Detached,3,,2007,6226.0,1999.0,1.0,1,0,,,7.8,10.5,7.2,48,2023-03-27,793900,7670
MTL-100001,Saint-Laurent,Duplex,4,3.4,2839,3474.0,2002.0,1.0,0,0,Good,,6.8,6.0,12.2,36,2023-01-07,575100,5840
MTL-100335,Westmount,Townhouse,5,3.5,2602,6723.0,2012.0,1.0,1,0,,,9.9,9.3,3.7,33,2022-04-11,1452200,10750
MTL-101868,Le Plateau-Mont-Royal,Condo,2,1.7,1405,0.0,1992.0,2.0,0,0,Good,,8.7,17.0,1.5,14,2021-10-21,618600,4400
MTL-101412,Ville-Marie (Downtown),Condo,3,,1725,0.0,1976.0,2.0,1,0,Fair,,5.6,18.8,2.6,44,2022-07-17,852500,7350
MTL-101196,Saint-Laurent,Townhouse,3,2.7,1545,5219.0,1958.0,2.0,1,0,Good,,8.9,5.1,11.2,28,2023-05-07,414100,4410
MTL-100648,Ahuntsic-Cartierville,Triplex,5,3.3,4060,4846.0,1978.0,1.0,0,0,Fair,1997.0,7.2,8.2,8.7,60,2021-06-25,609600,6560
MTL-100559,NDG (Notre-Dame-de-Grâce),Townhouse,4,3.0,2658,9175.0,2015.0,3.0,1,0,Good,,,8.7,9.0,55,2021-07-26,1017300,10120
MTL-101002,Laval,Townhouse,5,3.2,2037,7054.0,2013.0,2.0,1,0,Good,2023.0,8.5,4.9,15.5,21,2022-08-14,612200,5600
MTL-100187,Rosemont-La Petite-Patrie,Detached,3,2.0,2414,8169.0,1976.0,1.0,1,0,Good,,6.5,17.2,6.7,15,2023-01-28,733200,6700
MTL-102365,Westmount,Duplex,4,2.2,3328,9687.0,1979.0,1.0,1,0,Good,,8.8,7.0,3.9,43,2021-05-29,1027700,9310
MTL-100231,Verdun,Detached,3,1.8,2687,4515.0,,1.0,1,0,Poor,,8.4,12.9,8.4,25,2023-04-11,618800,6670
MTL-102310,Verdun,Condo,3,1.8,1280,0.0,2003.0,1.0,1,0,Fair,,8.0,15.6,8.8,26,2022-01-25,574100,4620
MTL-100774,Laval,Triplex,3,2.2,3690,13655.0,1931.0,0.0,1,0,Fair,2004.0,7.1,10.1,20.9,34,2021-11-17,440600,4770
MTL-100799,Longueuil,Triplex,3,2.5,3422,5614.0,1940.0,0.0,1,0,Poor,,7.1,8.9,11.4,17,2022-08-30,349300,2680
MTL-101441,Outremont,Townhouse,2,1.4,1774,3610.0,1980.0,1.0,1,0,Poor,2017.0,9.6,8.1,3.2,15,2021-07-09,666700,5790
MTL-100755,Laval,Condo,2,1.7,804,0.0,1977.0,,1,0,Good,,8.5,6.7,16.9,34,2021-01-27,258400,2640
MTL-100614,Laval,Condo,2,1.4,1041,0.0,1979.0,0.0,1,0,Good,,8.5,11.8,21.6,15,2022-02-17,270700,2740
MTL-102229,Ville-Marie (Downtown),Condo,2,1.2,812,0.0,2016.0,0.0,1,0,Good,,,28.1,3.0,16,2022-02-20,439800,3980
MTL-101311,Longueuil,Detached,3,2.1,2204,,2010.0,0.0,0,0,Excellent,2011.0,6.7,9.3,16.5,42,2023-12-08,498700,4780
MTL-101287,Griffintown,Detached,3,2.4,2625,9308.0,1926.0,1.0,0,0,Good,1951.0,7.3,20.4,1.7,9,2022-06-18,838900,6170
MTL-100386,Ville-Marie (Downtown),Semi-Detached,3,1.9,2248,3849.0,1980.0,1.0,1,0,Good,,6.6,32.6,1.4,45,2021-06-15,818700,8240
MTL-100186,Laval,Condo,2,1.6,544,0.0,2014.0,1.0,0,0,Poor,,8.0,10.8,14.6,33,2021-05-14,139500,1230
MTL-101264,Westmount,Detached,4,,3000,6124.0,2017.0,0.0,1,0,Excellent,,8.9,7.4,4.0,33,2021-07-13,1441800,15710
MTL-101972,Ville-Marie (Downtown),Condo,1,1.0,877,0.0,2017.0,,1,0,Fair,2020.0,6.7,26.4,0.6,30,2023-12-18,442000,3890
MTL-100904,Griffintown,Duplex,3,,3128,5019.0,1924.0,1.0,1,0,Good,1997.0,5.8,20.3,3.3,48,2021-03-03,687800,5840
MTL-101723,Outremont,Triplex,4,2.6,4285,7086.0,2006.0,1.0,1,0,,,8.6,4.8,4.0,56,2022-07-03,1274300,11900
MTL-100252,Laval,Condo,2,1.2,1018,0.0,1984.0,0.0,1,0,Good,,,7.6,19.9,26,2022-02-24,287100,2060
MTL-102390,Griffintown,Condo,2,1.6,860,0.0,1998.0,0.0,1,0,Excellent,2008.0,6.2,16.9,3.1,40,2022-07-30,461300,3820
MTL-100678,Saint-Laurent,Triplex,5,2.8,3478,8749.0,1945.0,2.0,0,0,Excellent,2004.0,7.6,6.9,9.7,13,2023-11-14,646700,5630
MTL-101885,Verdun,Semi-Detached,5,4.3,2665,7910.0,1932.0,0.0,0,0,Good,,7.2,16.6,5.8,48,2021-09-16,729900,5110
MTL-100598,Le Plateau-Mont-Royal,Condo,2,,610,0.0,1978.0,2.0,1,0,Fair,1982.0,6.6,13.6,4.9,25,2023-11-06,257800,1890
MTL-100316,Griffintown,Detached,3,1.9,2975,10724.0,1931.0,0.0,0,0,Fair,1935.0,6.7,14.2,3.4,39,2021-06-17,972700,7920
MTL-100937,Longueuil,Semi-Detached,3,1.7,1768,2247.0,1992.0,2.0,0,0,Fair,,7.0,12.8,11.4,38,2021-02-15,348600,3160
MTL-101147,NDG (Notre-Dame-de-Grâce),Detached,3,1.7,2480,5216.0,1992.0,1.0,0,0,Good,,7.2,7.4,8.2,77,2023-09-27,715600,5460
MTL-101364,Ahuntsic-Cartierville,Condo,2,1.1,881,0.0,1984.0,1.0,1,1,Good,,6.6,13.2,8.8,25,2021-01-17,337800,3100
MTL-101679,NDG (Notre-Dame-de-Grâce),Condo,2,1.1,1071,0.0,2018.0,1.0,1,0,Poor,,8.0,15.4,7.4,35,2022-01-25,385700,3290
MTL-101836,Le Plateau-Mont-Royal,Semi-Detached,3,2.3,2333,5788.0,2002.0,0.0,0,0,Good,,8.8,17.7,2.6,20,2021-05-31,870900,8210
MTL-101593,Outremont,Townhouse,4,3.2,2275,,2018.0,0.0,1,0,Good,2018.0,8.5,6.1,5.2,40,2023-04-09,1230600,9930
MTL-100635,Verdun,Semi-Detached,2,1.1,2227,3978.0,1942.0,0.0,1,0,Fair,,7.0,8.2,6.5,36,2021-12-12,555600,4950
MTL-101624,Le Plateau-Mont-Royal,Triplex,5,3.4,3904,5044.0,1953.0,2.0,0,0,Good,2020.0,8.9,13.4,3.2,40,2023-07-06,1045400,9860
MTL-102075,Laval,Condo,1,1.0,806,,1934.0,0.0,1,0,Good,1997.0,6.4,10.4,13.6,41,2023-08-27,208400,1480
MTL-101838,Longueuil,Detached,3,2.0,2795,4529.0,1973.0,,1,0,Fair,,5.7,12.5,18.7,29,2023-11-24,522800,5200
MTL-101209,Saint-Laurent,Townhouse,2,1.6,1884,3619.0,2019.0,1.0,1,0,Poor,,8.5,10.7,9.4,22,2022-10-05,439600,3800
MTL-101892,Laval,Duplex,6,3.8,3657,10089.0,2000.0,2.0,0,0,Good,,7.3,4.3,13.8,4,2022-02-17,739600,6640
MTL-100743,Verdun,Duplex,6,4.2,3659,,1950.0,0.0,0,0,Good,,8.8,17.3,4.8,18,2023-09-06,803100,7480
MTL-101998,Westmount,Condo,1,1.0,1496,0.0,1943.0,1.0,1,0,Good,,8.7,4.4,5.0,12,2023-09-15,853800,6870
MTL-101643,NDG (Notre-Dame-de-Grâce),Triplex,6,4.4,4217,7811.0,1947.0,1.0,1,0,Good,,8.1,10.7,9.0,53,2022-04-09,706800,7460
MTL-100152,Le Plateau-Mont-Royal,Detached,5,2.9,2764,6845.0,1998.0,1.0,0,0,,,8.2,10.7,3.1,27,2021-01-18,1045800,8310
MTL-102499,Griffintown,Semi-Detached,4,2.5,1801,3540.0,1985.0,1.0,1,1,Good,,5.9,13.2,2.2,12,2022-10-18,747700,6820
MTL-101584,Saint-Laurent,Condo,2,1.3,702,0.0,1940.0,1.0,0,0,Good,,7.2,9.6,9.0,15,2022-07-22,195100,1370
MTL-100761,Ville-Marie (Downtown),Semi-Detached,5,3.1,2152,3987.0,1983.0,0.0,0,1,Good,,6.1,24.9,0.1,37,2021-03-10,822100,8130
MTL-100477,Rosemont-La Petite-Patrie,Condo,2,1.6,882,0.0,1942.0,1.0,1,0,Good,,8.6,14.1,7.5,34,2022-10-21,332400,2890
MTL-100984,Ahuntsic-Cartierville,Semi-Detached,2,1.6,2556,6237.0,1994.0,0.0,0,0,Fair,,7.4,13.7,8.7,36,2021-03-18,608300,5150
MTL-102093,Rosemont-La Petite-Patrie,Condo,1,1.0,500,0.0,1951.0,2.0,1,0,Excellent,1967.0,,10.1,5.7,50,2021-10-29,212300,2280
MTL-100262,Le Plateau-Mont-Royal,Duplex,4,2.7,3453,12309.0,1996.0,1.0,1,0,Good,,7.3,19.9,1.7,50,2021-07-27,1076200,7900
MTL-101081,Outremont,Triplex,6,4.9,4838,16141.0,2015.0,0.0,0,0,Good,2022.0,9.6,3.7,3.5,7,2023-02-02,1625900,13640
MTL-100429,Le Plateau-Mont-Royal,Detached,4,2.4,2660,5964.0,1961.0,0.0,1,0,Poor,,8.0,12.6,1.8,64,2023-04-04,763400,5690
MTL-100249,Laval,Duplex,4,3.1,3021,6003.0,2019.0,2.0,1,0,Good,,8.3,5.1,21.2,38,2023-07-26,586400,5310
MTL-100019,Ville-Marie (Downtown),Duplex,6,3.4,3749,6005.0,1986.0,0.0,1,0,Good,1996.0,6.3,34.8,0.4,44,2022-02-03,1006700,9750
MTL-102418,Westmount,Duplex,3,,3362,10478.0,1974.0,0.0,1,0,Good,1978.0,8.1,4.0,3.0,44,2023-12-24,1180000,9610
MTL-102341,Outremont,Townhouse,3,2.7,1743,6575.0,1926.0,0.0,1,0,Good,,9.4,4.0,2.3,31,2022-10-18,674000,6690
MTL-102034,Rosemont-La Petite-Patrie,Semi-Detached,3,,2219,5595.0,2017.0,0.0,0,0,Good,,8.1,18.3,6.5,17,2022-01-02,626200,6710
MTL-101276,Ville-Marie (Downtown),Triplex,4,3.6,4402,7160.0,2022.0,1.0,1,0,Good,,6.5,25.9,1.7,32,2022-02-16,1169200,9870
MTL-101407,Laval,Condo,1,1.0,1099,,1924.0,2.0,1,0,Poor,,7.4,10.4,17.2,17,2023-05-16,261400,2270
MTL-101961,Griffintown,Semi-Detached,3,1.7,2351,8817.0,1988.0,2.0,1,0,Excellent,,5.5,21.6,3.7,46,2022-04-30,1000100,9450
MTL-101781,Longueuil,Duplex,4,3.5,2756,8751.0,1945.0,0.0,1,0,Fair,2013.0,5.3,9.9,11.4,55,2021-04-16,416800,4320
MTL-100921,Verdun,Duplex,6,,4029,12428.0,1947.0,1.0,1,0,Good,2008.0,7.1,13.1,8.2,16,2023-07-24,870500,7720
MTL-100818,Westmount,Triplex,6,5.1,4567,9941.0,1989.0,1.0,1,0,Fair,2000.0,9.3,6.4,5.3,24,2022-09-06,1349400,10660
MTL-101661,Verdun,Condo,2,1.5,922,0.0,1984.0,2.0,1,0,Fair,2021.0,7.7,16.0,8.3,65,2023-09-17,385800,3460
MTL-100353,Le Plateau-Mont-Royal,Townhouse,3,2.0,1621,3108.0,1949.0,0.0,0,1,Fair,,6.4,17.5,2.8,26,2022-11-16,514800,5210
MTL-100520,Rosemont-La Petite-Patrie,Condo,3,2.2,1471,,1990.0,0.0,1,0,Excellent,,6.6,16.2,5.4,17,2022-03-21,667700,5900
MTL-101353,Ahuntsic-Cartierville,Townhouse,4,3.2,1729,4179.0,1937.0,1.0,0,0,Good,1994.0,8.8,11.5,11.0,39,2022-11-28,476800,3970
MTL-100015,Le Plateau-Mont-Royal,Townhouse,3,2.5,1950,6620.0,1975.0,1.0,0,0,Fair,,7.1,16.5,4.7,18,2023-01-08,641000,4680
MTL-101312,Rosemont-La Petite-Patrie,Condo,2,1.7,1568,0.0,1933.0,2.0,1,0,Good,1988.0,8.1,10.6,5.1,28,2023-07-22,523100,3770
MTL-100842,Le Plateau-Mont-Royal,Duplex,3,1.8,3041,6224.0,1984.0,2.0,1,0,Excellent,,6.3,12.2,4.0,23,2021-11-07,910200,8730
MTL-100564,Griffintown,Duplex,6,5.3,3916,5311.0,1986.0,0.0,0,0,Good,2002.0,7.7,17.9,1.2,27,2023-03-26,1190400,9830
MTL-101599,Longueuil,Condo,2,1.4,1712,0.0,1975.0,1.0,1,0,Fair,,7.8,10.9,11.9,28,2022-07-23,478600,5160
MTL-102240,Laval,Duplex,5,2.8,3342,6582.0,1978.0,1.0,1,0,Excellent,,7.8,12.0,15.8,34,2023-05-27,619100,4680
MTL-100051,Ahuntsic-Cartierville,Condo,3,2.1,1692,0.0,1966.0,0.0,1,0,Excellent,,7.4,10.5,11.5,24,2023-03-09,649800,4750
MTL-102351,Longueuil,Detached,2,1.8,2618,7515.0,1949.0,2.0,0,0,Good,,,10.3,18.1,39,2021-07-11,451600,3820
MTL-102250,Outremont,Detached,4,2.7,2710,,1926.0,1.0,0,0,Excellent,,9.4,8.6,4.1,21,2021-05-28,993400,10790
MTL-100394,Griffintown,Condo,2,1.4,1462,0.0,2019.0,0.0,1,0,Fair,,,16.9,2.0,48,2021-07-26,756700,5890
MTL-101923,Griffintown,Duplex,4,2.8,3053,7978.0,1946.0,3.0,0,0,Fair,,5.4,22.3,3.2,64,2021-08-23,763200,6250
MTL-100831,Verdun,Duplex,4,3.1,3158,11247.0,1928.0,2.0,0,0,Good,1929.0,8.5,8.0,5.1,30,2023-02-22,724300,7000
MTL-100447,Ahuntsic-Cartierville,Semi-Detached,4,,2501,3024.0,2001.0,1.0,1,0,Good,,6.9,7.6,7.7,51,2023-03-14,778600,7520
MTL-100971,Longueuil,Triplex,3,1.9,3826,13225.0,2013.0,1.0,1,0,Good,2018.0,6.7,11.6,14.7,80,2023-08-12,676300,7350
MTL-101638,Saint-Laurent,Duplex,3,2.2,2587,,1965.0,1.0,1,0,Excellent,,6.4,5.8,12.3,49,2022-09-01,582100,6090
MTL-102102,Le Plateau-Mont-Royal,Townhouse,5,3.0,2158,7736.0,1930.0,0.0,0,0,Fair,,8.9,14.4,4.3,46,2021-08-29,628300,5530
MTL-100042,Westmount,Triplex,3,2.3,3337,10733.0,1920.0,1.0,0,0,Excellent,1947.0,9.0,9.7,2.2,49,2021-09-08,861200,9220
MTL-102312,Verdun,Condo,1,1.0,1194,0.0,2017.0,0.0,1,0,Fair,,6.3,14.5,5.8,28,2021-09-13,509700,3800
MTL-102101,Rosemont-La Petite-Patrie,Triplex,3,2.5,3702,12548.0,1970.0,1.0,1,0,Fair,,8.3,8.9,8.2,18,2023-05-10,731700,6680
MTL-100430,Le Plateau-Mont-Royal,Semi-Detached,4,3.4,2331,6071.0,1973.0,0.0,1,0,Good,,8.5,19.8,2.4,28,2023-06-02,791800,7530
MTL-100075,Ahuntsic-Cartierville,Duplex,4,2.4,3302,6001.0,2000.0,0.0,0,0,Good,,8.6,13.5,10.7,29,2023-09-23,584000,6200
MTL-101251,Verdun,Townhouse,3,1.9,2024,7129.0,1994.0,0.0,1,0,Fair,,8.6,8.9,5.9,46,2023-05-25,670700,6940
MTL-100638,Ville-Marie (Downtown),Semi-Detached,2,1.5,2106,6027.0,1947.0,2.0,1,0,Fair,,7.7,34.4,1.1,26,2022-09-06,646600,4710
MTL-102027,Saint-Laurent,Townhouse,5,2.9,2274,7189.0,1921.0,2.0,1,0,Excellent,,8.9,,14.3,37,2022-08-08,728500,6520
MTL-101835,NDG (Notre-Dame-de-Grâce),Condo,1,1.0,934,,1968.0,0.0,1,0,Excellent,,7.6,9.1,5.4,34,2022-04-08,418800,3930
MTL-101550,Saint-Laurent,Townhouse,3,2.5,1894,7040.0,1980.0,2.0,1,0,Good,,8.1,10.9,14.9,35,2022-05-01,534800,4130
MTL-101176,Ahuntsic-Cartierville,Condo,2,1.2,1072,0.0,1996.0,1.0,1,0,Excellent,2021.0,6.5,9.2,7.2,43,2021-12-05,528600,5000
MTL-100352,NDG (Notre-Dame-de-Grâce),Condo,1,1.0,400,0.0,2014.0,1.0,0,1,,,8.0,6.6,7.4,44,2022-01-28,157800,1660
MTL-102082,Verdun,Triplex,4,,4168,11042.0,1943.0,2.0,1,0,Excellent,,7.0,11.0,8.9,55,2021-10-26,910000,6640
MTL-101946,Verdun,Condo,1,1.0,1065,,2022.0,0.0,1,0,Good,2022.0,8.1,8.8,5.8,21,2023-09-18,504300,4980
MTL-101793,NDG (Notre-Dame-de-Grâce),Townhouse,3,2.2,1877,2889.0,2019.0,1.0,0,0,Fair,2021.0,8.2,15.2,9.6,10,2021-12-02,695100,5340
MTL-101398,Rosemont-La Petite-Patrie,Semi-Detached,3,1.7,2241,3316.0,1958.0,0.0,1,0,Fair,,8.6,12.9,7.8,21,2021-06-22,568500,5560
MTL-100119,Rosemont-La Petite-Patrie,Condo,1,1.0,1292,0.0,1994.0,,1,0,Good,2013.0,6.1,19.6,5.6,56,2022-05-14,560300,6020
MTL-101336,Le Plateau-Mont-Royal,Townhouse,3,2.2,2121,5167.0,2014.0,2.0,0,0,Fair,,6.6,21.2,4.3,32,2023-05-27,818400,8550
MTL-101502,Westmount,Duplex,4,3.2,2692,8170.0,1944.0,0.0,1,0,Fair,1994.0,8.7,,3.9,20,2023-06-05,918300,7220
MTL-100746,Griffintown,Semi-Detached,4,2.5,1695,2042.0,2007.0,1.0,0,0,,,5.8,19.7,1.8,62,2021-02-26,602900,5990
MTL-101499,Laval,Condo,2,1.8,1384,0.0,2018.0,2.0,1,0,Good,,8.7,,21.4,23,2022-06-10,483200,3530
MTL-101845,Ville-Marie (Downtown),Detached,3,2.7,2708,9421.0,1935.0,2.0,0,0,Fair,,6.9,19.7,1.8,19,2022-11-14,795300,6000
MTL-101787,Rosemont-La Petite-Patrie,Semi-Detached,4,3.3,1912,3818.0,1928.0,0.0,0,0,Good,,6.3,8.0,6.4,50,2021-04-18,496700,4600
MTL-100956,Verdun,Semi-Detached,3,2.3,2266,4421.0,1925.0,2.0,0,0,Excellent,1948.0,7.0,8.1,6.3,16,2022-07-25,681800,6020
MTL-100851,Ahuntsic-Cartierville,Detached,5,2.8,3072,10137.0,2009.0,0.0,1,0,Fair,,7.0,14.1,11.6,22,2021-09-23,643300,4650
MTL-101844,Longueuil,Semi-Detached,5,2.9,2783,3812.0,1973.0,0.0,1,0,Good,,5.9,9.7,17.8,55,2022-07-24,546200,3820
MTL-101522,Griffintown,Duplex,5,3.6,3493,,2011.0,2.0,0,0,Fair,,5.4,14.5,3.0,35,2022-07-29,1011200,8750
MTL-101225,NDG (Notre-Dame-de-Grâce),Townhouse,4,3.2,2170,2557.0,1996.0,2.0,1,0,Fair,,,11.6,7.3,25,2023-10-23,591700,5300
MTL-100064,Ville-Marie (Downtown),Detached,4,2.9,2521,7713.0,1953.0,1.0,1,0,Good,,8.0,33.7,1.3,68,2022-03-18,715400,5050
MTL-100849,Rosemont-La Petite-Patrie,Condo,2,1.6,1080,0.0,1991.0,2.0,1,0,Excellent,1996.0,6.3,14.5,6.4,18,2023-01-21,496000,4260
MTL-102379,Laval,Triplex,3,2.2,4180,14842.0,1938.0,2.0,1,0,Excellent,,6.7,8.8,17.1,45,2022-07-02,691000,7530
MTL-102413,Westmount,Condo,3,2.3,1639,0.0,1990.0,0.0,1,0,Good,2005.0,8.6,8.8,3.1,37,2022-06-09,985900,8910
MTL-101914,Verdun,Detached,3,2.1,2457,6635.0,1949.0,0.0,1,0,Good,,6.4,13.9,7.8,11,2021-08-02,639000,5330
MTL-100740,Verdun,Detached,5,4.0,3417,5355.0,2014.0,1.0,1,0,Good,,6.9,8.6,8.7,14,2023-05-25,1095900,9750
MTL-101698,Saint-Laurent,Detached,4,3.1,2882,8510.0,1924.0,1.0,1,0,Fair,,8.1,9.5,10.9,23,2021-12-19,568400,4830
MTL-101867,Le Plateau-Mont-Royal,Detached,3,2.5,2520,5802.0,1960.0,0.0,1,0,Good,1980.0,9.0,16.2,2.5,8,2023-01-17,846200,8040
MTL-102238,Outremont,Detached,4,2.6,3025,7270.0,1967.0,2.0,1,0,Excellent,,8.5,5.7,2.7,21,2021-09-19,1713900,16860
MTL-101214,NDG (Notre-Dame-de-Grâce),Townhouse,4,3.4,2154,5300.0,,1.0,0,0,Excellent,,7.6,9.6,9.8,18,2023-07-03,727700,5390
MTL-101576,Westmount,Detached,5,4.1,2986,7449.0,2000.0,0.0,0,1,Good,,9.8,6.0,3.5,25,2022-05-07,1292300,13680
MTL-100886,NDG (Notre-Dame-de-Grâce),Condo,2,1.8,1381,0.0,1922.0,0.0,1,0,Excellent,,8.8,15.7,8.4,60,2022-02-05,500400,4340
MTL-101330,Rosemont-La Petite-Patrie,Detached,2,1.3,2283,8269.0,1976.0,1.0,1,0,Excellent,1986.0,6.5,8.1,7.6,6,2021-06-12,722900,7000
MTL-100839,NDG (Notre-Dame-de-Grâce),Duplex,5,4.1,2925,4396.0,2004.0,0.0,1,0,Excellent,2008.0,7.3,13.7,6.8,41,2022-04-27,770500,6590
MTL-101238,Saint-Laurent,Duplex,6,3.5,3404,12652.0,2009.0,1.0,1,0,Poor,,8.4,13.6,15.1,34,2023-05-27,688800,6070
MTL-101589,Ahuntsic-Cartierville,Condo,2,1.5,1266,0.0,1976.0,,1,0,Excellent,,7.4,12.1,10.0,37,2023-11-22,541400,5150
MTL-100587,Le Plateau-Mont-Royal,Condo,2,1.6,864,0.0,1953.0,2.0,0,0,Excellent,,8.3,14.5,2.1,8,2022-05-08,451000,4080
MTL-100063,Griffintown,Condo,1,1.0,1215,0.0,1993.0,,1,0,Excellent,1999.0,5.1,20.1,2.8,46,2022-11-19,695900,6780
MTL-102339,Griffintown,Condo,2,1.7,1448,0.0,2021.0,2.0,0,1,,2022.0,6.2,16.0,2.1,50,2023-07-19,880400,7460
MTL-101691,Verdun,Townhouse,3,1.7,1850,4110.0,1955.0,1.0,1,0,Excellent,,8.3,11.1,8.3,20,2022-10-24,715900,6650
MTL-102456,Verdun,Detached,4,3.2,2859,7509.0,1925.0,0.0,1,0,Poor,1969.0,,11.9,7.6,38,2021-11-11,673000,5800
MTL-101098,Ahuntsic-Cartierville,Detached,3,2.2,2280,7420.0,1968.0,0.0,0,0,Good,,8.5,10.9,12.0,25,2021-10-05,583400,4970
MTL-101689,Ahuntsic-Cartierville,Duplex,3,2.5,3255,7270.0,1994.0,2.0,1,1,Good,,7.2,10.0,9.3,41,2022-07-01,658600,6660
MTL-101121,Saint-Laurent,Condo,1,1.0,1494,0.0,1956.0,0.0,1,0,Excellent,,7.0,,11.4,41,2023-10-23,511300,5150
MTL-101307,Laval,Detached,3,2.5,1910,6408.0,1939.0,3.0,1,0,Fair,,7.8,10.3,14.2,26,2021-03-22,396200,4270
MTL-100677,Griffintown,Townhouse,3,2.4,1634,5661.0,1930.0,1.0,1,1,Good,,6.5,19.9,1.4,64,2022-01-30,607600,5320
MTL-101021,Ville-Marie (Downtown),Detached,4,2.8,2825,9883.0,1981.0,2.0,1,0,Fair,2012.0,5.5,23.1,2.3,19,2021-10-24,1017300,8590
MTL-101320,Ville-Marie (Downtown),Detached,4,2.3,2791,8711.0,1928.0,2.0,1,0,Fair,,7.1,21.8,1.4,48,2021-07-10,784500,5710
MTL-101752,Westmount,Condo,1,1.0,1041,0.0,1936.0,0.0,1,0,Fair,1984.0,8.3,3.7,2.8,16,2022-10-23,505500,4600
MTL-102245,Rosemont-La Petite-Patrie,Condo,1,1.0,1337,0.0,1980.0,1.0,0,0,Good,2020.0,8.0,15.8,5.8,30,2023-02-09,573400,4590
MTL-100450,Ahuntsic-Cartierville,Triplex,4,3.5,3517,5592.0,1959.0,2.0,0,0,Good,1969.0,8.3,11.8,8.8,27,2021-06-03,580200,4400
MTL-101492,Le Plateau-Mont-Royal,Duplex,4,2.7,3130,4360.0,1952.0,0.0,1,0,Good,1988.0,7.0,18.0,2.0,28,2021-01-28,744000,7090
MTL-101497,Verdun,Detached,2,1.8,2147,6796.0,1941.0,1.0,1,0,Good,2002.0,6.5,10.5,7.2,55,2022-01-11,646500,6820
MTL-102476,Le Plateau-Mont-Royal,Condo,2,1.4,1487,0.0,1977.0,0.0,1,1,Fair,,8.4,17.1,4.3,25,2023-10-01,658100,5450
MTL-100442,Griffintown,Condo,1,,1806,0.0,1931.0,1.0,1,0,Excellent,1947.0,7.8,23.2,3.7,16,2023-07-24,926000,9960
MTL-100163,Rosemont-La Petite-Patrie,Duplex,4,2.9,3518,10323.0,1941.0,2.0,0,0,Excellent,1960.0,8.0,16.8,4.9,44,2022-09-02,749300,6140
MTL-101652,Ville-Marie (Downtown),Duplex,4,2.4,3377,11103.0,2005.0,0.0,1,0,Fair,,5.8,28.5,1.8,26,2022-01-25,791100,8370
MTL-101978,Laval,Semi-Detached,4,2.6,2044,3669.0,1996.0,0.0,0,0,Poor,1999.0,6.9,9.6,15.5,33,2022-03-19,386100,3560
MTL-101219,Ville-Marie (Downtown),Condo,1,1.0,1420,0.0,1928.0,2.0,1,0,Good,,6.2,29.2,2.2,25,2023-06-25,612900,4850
MTL-102010,Westmount,Condo,1,1.0,1049,0.0,1935.0,0.0,0,0,Fair,,9.1,7.6,4.4,14,2022-08-31,486600,4970
MTL-101071,Le Plateau-Mont-Royal,Semi-Detached,3,2.1,2673,9115.0,2001.0,2.0,1,0,Excellent,,8.2,13.3,3.3,40,2022-11-30,1098400,10280
MTL-101655,Longueuil,Condo,2,1.2,1822,,1933.0,2.0,0,0,Fair,,7.3,8.4,18.9,55,2023-11-25,448600,3430
MTL-100132,Le Plateau-Mont-Royal,Condo,1,1.0,1431,0.0,1973.0,2.0,0,0,Poor,,8.4,13.5,3.9,32,2022-08-09,552200,5080
MTL-102334,Le Plateau-Mont-Royal,Semi-Detached,3,1.8,1723,4059.0,1925.0,3.0,1,1,,1981.0,6.2,17.7,3.7,36,2023-10-01,555200,5020
MTL-101513,Westmount,Condo,2,1.1,1050,0.0,2016.0,0.0,1,0,Good,2019.0,8.4,4.9,3.9,14,2023-07-04,726300,6520
MTL-100143,Ville-Marie (Downtown),Duplex,5,3.2,3702,8543.0,1933.0,0.0,0,0,Fair,,5.4,31.8,2.7,18,2023-09-26,721200,5820
MTL-101162,Ville-Marie (Downtown),Condo,1,1.0,1108,0.0,2013.0,0.0,1,0,Good,,6.8,33.7,1.4,94,2021-10-30,555500,5100
MTL-102368,Griffintown,Semi-Detached,3,2.6,2152,2497.0,,2.0,0,0,Fair,,7.4,25.0,3.8,31,2021-04-23,745700,6010
MTL-100302,Rosemont-La Petite-Patrie,Townhouse,4,3.6,1977,5466.0,2021.0,0.0,1,0,Poor,,6.3,16.5,4.3,48,2021-08-22,537200,5580
MTL-102170,NDG (Notre-Dame-de-Grâce),Detached,3,2.1,2358,,2019.0,2.0,1,0,Good,2022.0,7.4,7.1,8.3,38,2023-01-27,751500,6060
MTL-101424,Saint-Laurent,Townhouse,3,1.8,1487,4718.0,1941.0,0.0,0,0,Fair,1943.0,7.0,,15.7,40,2022-03-15,334000,3560
MTL-100380,Le Plateau-Mont-Royal,Condo,1,1.0,878,0.0,1947.0,2.0,1,0,Good,,7.4,18.7,3.2,36,2023-10-16,428800,3920
MTL-102067,Ville-Marie (Downtown),Condo,2,1.7,1176,0.0,1958.0,3.0,0,0,Excellent,2012.0,6.7,34.8,1.1,30,2021-03-18,589400,5150
MTL-100801,Le Plateau-Mont-Royal,Townhouse,2,1.3,1561,5268.0,1991.0,2.0,0,0,Good,,7.9,21.7,4.2,49,2021-11-17,661200,5240
MTL-100314,Laval,Semi-Detached,3,1.9,2037,,1973.0,3.0,1,1,Excellent,,7.5,8.1,17.5,22,2021-05-20,610600,6300
MTL-102345,NDG (Notre-Dame-de-Grâce),Detached,3,2.1,2333,3387.0,1939.0,3.0,1,0,Good,2004.0,8.3,14.7,7.5,52,2022-08-22,586100,4830
MTL-100359,Rosemont-La Petite-Patrie,Condo,2,1.2,1266,0.0,1937.0,2.0,1,0,Fair,1973.0,8.7,17.0,6.0,27,2022-06-30,458300,4170
MTL-101721,Le Plateau-Mont-Royal,Semi-Detached,2,1.5,1836,2815.0,1969.0,2.0,1,0,Fair,,6.5,17.6,3.2,36,2022-05-06,597500,4320
MTL-100846,Outremont,Condo,1,1.0,948,0.0,1926.0,3.0,1,0,Excellent,,8.3,4.3,2.2,44,2022-07-17,617500,6130
MTL-102473,Ahuntsic-Cartierville,Duplex,4,2.3,3019,5277.0,1920.0,0.0,1,0,Good,,7.4,6.7,7.7,42,2023-09-05,433100,4390
MTL-101278,Le Plateau-Mont-Royal,Duplex,5,,3071,9516.0,1991.0,2.0,1,0,Good,2001.0,,20.4,4.8,33,2023-08-27,886800,7500
MTL-100919,Le Plateau-Mont-Royal,Condo,2,1.2,1265,0.0,1964.0,2.0,0,0,Fair,,6.2,13.0,3.9,35,2022-12-22,510200,3990
MTL-100612,NDG (Notre-Dame-de-Grâce),Duplex,5,4.5,3476,9725.0,1920.0,0.0,0,0,Good,,7.8,7.7,7.6,47,2021-11-17,635800,4850
MTL-101017,Rosemont-La Petite-Patrie,Detached,3,2.6,2337,7393.0,2006.0,1.0,1,1,Excellent,,6.2,19.9,8.3,42,2021-02-14,893200,7090
MTL-101685,Laval,Duplex,3,2.4,2496,3034.0,1989.0,0.0,0,0,Good,,7.9,6.0,18.4,27,2021-01-04,415200,4240
MTL-100687,Ville-Marie (Downtown),Detached,5,4.4,2214,3972.0,1922.0,3.0,1,0,Fair,1945.0,5.7,31.2,1.3,53,2021-07-31,681300,7300
MTL-100007,Laval,Detached,4,2.7,2610,,1951.0,2.0,1,0,Good,,7.4,4.8,15.1,29,2022-08-27,632000,6360
MTL-101659,Verdun,Semi-Detached,3,2.1,2092,4213.0,1922.0,1.0,1,0,Fair,,7.7,15.5,4.7,68,2021-01-24,515800,5410
MTL-100116,Laval,Detached,3,2.0,2265,8430.0,1976.0,2.0,1,0,Poor,2000.0,6.4,6.8,13.2,41,2023-08-02,387600,3500
MTL-101333,Saint-Laurent,Detached,3,2.2,2457,4236.0,1958.0,0.0,1,0,Good,2004.0,8.8,13.2,14.5,13,2023-02-21,582900,4620
MTL-100978,Verdun,Detached,3,2.3,2681,9179.0,1959.0,1.0,1,0,Good,,8.6,17.7,5.7,59,2021-05-01,756800,6600
MTL-100960,Outremont,Condo,2,1.8,1274,0.0,1944.0,3.0,1,1,Poor,1952.0,8.6,5.5,3.5,13,2023-10-25,681200,6160
MTL-101262,Ville-Marie (Downtown),Semi-Detached,3,2.2,2414,3604.0,1993.0,2.0,0,0,Excellent,2003.0,6.3,26.0,1.0,47,2023-08-16,972700,8200
MTL-100871,Ville-Marie (Downtown),Semi-Detached,3,2.1,2701,5774.0,2006.0,3.0,1,0,Poor,,6.2,34.1,2.4,20,2023-03-25,818700,8090
MTL-100078,Griffintown,Detached,3,2.6,2527,3029.0,1955.0,1.0,1,0,Good,,,19.5,2.2,32,2021-08-09,1014900,9560
MTL-102151,Le Plateau-Mont-Royal,Duplex,3,1.8,3203,11628.0,1960.0,1.0,1,0,Excellent,2010.0,7.7,12.2,2.6,60,2022-05-29,908000,6880
MTL-101388,Saint-Laurent,Duplex,4,2.6,3206,,2000.0,2.0,0,0,Good,,6.9,,13.0,28,2022-01-10,604000,5100
MTL-101140,Laval,Condo,2,1.7,1249,0.0,1971.0,1.0,1,0,Good,1993.0,7.8,6.1,18.6,28,2022-01-22,378400,3980
MTL-100323,Ville-Marie (Downtown),Condo,3,2.4,1523,0.0,1964.0,0.0,0,0,Good,,5.5,20.8,0.6,24,2022-12-05,628300,4910
MTL-100548,Rosemont-La Petite-Patrie,Detached,3,2.6,2248,3615.0,2015.0,1.0,1,0,Fair,,6.3,17.5,6.7,32,2023-08-12,634100,5050
MTL-100924,Griffintown,Triplex,3,1.8,4082,13119.0,1940.0,1.0,0,0,,,6.1,14.5,1.3,42,2021-09-03,880200,7030
MTL-100173,Le Plateau-Mont-Royal,Condo,1,1.0,725,0.0,1946.0,1.0,0,0,Good,,6.7,,3.2,46,2021-07-07,286700,2290
MTL-100547,NDG (Notre-Dame-de-Grâce),Detached,2,1.1,3007,9865.0,1920.0,0.0,1,0,Excellent,,8.5,12.3,8.7,50,2023-01-25,777300,6840
MTL-100735,Laval,Condo,2,1.5,806,,1943.0,1.0,1,0,Good,,7.2,5.3,16.1,14,2023-09-20,188600,1500
MTL-101690,Le Plateau-Mont-Royal,Duplex,5,4.3,3680,5977.0,1941.0,2.0,1,0,Excellent,1946.0,7.1,19.3,4.1,39,2022-07-10,974000,9580
MTL-100436,Outremont,Triplex,3,2.2,3489,4872.0,1973.0,0.0,1,0,Good,,9.8,3.8,5.6,53,2022-11-16,926700,9600
MTL-102122,Saint-Laurent,Condo,2,1.4,1615,0.0,2016.0,0.0,0,0,Excellent,,7.5,9.2,11.1,48,2023-02-04,653200,7040
MTL-101968,Ville-Marie (Downtown),Townhouse,4,2.9,2271,8251.0,1936.0,2.0,1,0,Fair,1946.0,7.4,28.9,1.5,45,2021-12-17,693800,6790
MTL-100806,Longueuil,Detached,3,1.8,2565,2887.0,1992.0,1.0,0,0,Good,1995.0,7.5,5.9,17.0,29,2021-12-28,517500,3780
MTL-102401,Outremont,Detached,4,2.7,2387,5192.0,1949.0,1.0,1,0,Fair,,8.6,8.2,5.4,59,2022-02-09,877700,6480
MTL-101188,Ville-Marie (Downtown),Condo,1,1.0,938,0.0,1969.0,0.0,1,0,Good,2014.0,6.7,27.5,2.6,23,2021-07-02,410800,4000
MTL-101442,NDG (Notre-Dame-de-Grâce),Condo,2,1.7,1626,0.0,1951.0,1.0,0,0,Fair,,8.7,6.4,6.1,45,2022-08-01,516800,5610
MTL-102030,Le Plateau-Mont-Royal,Condo,2,1.2,954,0.0,1992.0,2.0,1,0,Excellent,2006.0,6.1,16.2,1.1,30,2022-10-27,480400,5230
MTL-101247,Westmount,Detached,4,2.3,2546,3076.0,1971.0,2.0,1,0,Excellent,1976.0,8.3,7.0,2.4,53,2023-06-13,1288800,9990
MTL-102246,Outremont,Condo,2,1.7,805,0.0,1965.0,1.0,0,0,Good,,9.9,5.4,3.7,55,2023-03-22,449300,3390
MTL-100237,Westmount,Semi-Detached,4,2.5,2593,9571.0,2021.0,1.0,1,0,Good,,8.8,3.3,4.6,33,2023-02-04,1254600,12830
MTL-102031,Rosemont-La Petite-Patrie,Condo,1,,709,0.0,1955.0,1.0,0,0,Good,,7.6,18.6,6.6,44,2023-11-06,260900,2310
MTL-102298,Outremont,Condo,2,1.4,1593,0.0,1961.0,0.0,1,0,Good,,9.6,8.5,3.2,31,2022-10-30,991400,7070
MTL-101410,Le Plateau-Mont-Royal,Condo,1,1.0,1595,,2013.0,1.0,0,0,Fair,,7.3,11.0,4.4,73,2022-02-04,756800,5620
MTL-100747,Rosemont-La Petite-Patrie,Detached,5,3.8,2829,3386.0,2016.0,0.0,1,0,Good,,6.0,17.3,4.2,30,2023-03-01,869800,6610
MTL-102244,Laval,Condo,1,1.0,1052,0.0,1944.0,0.0,1,0,,,7.4,10.8,22.0,41,2021-03-24,269000,2440
MTL-100095,Verdun,Triplex,4,3.6,4707,,1921.0,2.0,1,0,Good,,8.3,13.6,8.6,15,2021-08-04,885600,8200
MTL-102103,NDG (Notre-Dame-de-Grâce),Detached,4,2.3,2735,6325.0,1997.0,2.0,1,1,Excellent,,8.8,10.0,8.0,18,2022-01-30,1030600,8530
MTL-100045,NDG (Notre-Dame-de-Grâce),Detached,4,2.3,2398,4153.0,2005.0,,0,0,Good,,7.1,14.0,8.4,52,2022-09-12,668600,7330
MTL-101634,Longueuil,Semi-Detached,4,3.3,2662,7169.0,1994.0,0.0,0,0,Good,2006.0,6.5,5.3,11.9,47,2021-05-12,606200,4520
MTL-100727,Laval,Detached,2,1.2,2607,3122.0,1939.0,1.0,1,1,Good,1940.0,6.1,6.7,20.4,57,2021-07-01,500300,3990
MTL-101406,Laval,Semi-Detached,3,2.3,2465,9250.0,2006.0,0.0,1,0,Good,,6.0,7.0,15.7,28,2022-11-19,620100,4430
MTL-102437,Griffintown,Semi-Detached,3,2.4,2719,8149.0,1973.0,1.0,1,0,Good,,6.7,15.0,3.2,23,2021-02-03,1095700,8730
MTL-101000,Le Plateau-Mont-Royal,Condo,2,1.4,1142,0.0,2022.0,1.0,0,0,Poor,,8.6,15.8,2.9,25,2021-01-19,440200,3500
MTL-100897,Longueuil,Triplex,4,2.8,4287,6113.0,1992.0,1.0,0,0,Fair,2019.0,5.6,10.6,13.5,19,2022-12-25,622900,6430
MTL-100952,Le Plateau-Mont-Royal,Duplex,5,4.0,2867,6509.0,,2.0,0,0,Fair,2006.0,7.8,17.4,1.1,53,2022-03-13,682100,7100
MTL-100817,Griffintown,Condo,2,1.6,1226,0.0,1995.0,2.0,0,0,Good,,5.5,22.0,1.3,35,2023-10-01,670500,5940
MTL-100190,Outremont,Semi-Detached,3,1.7,1863,6338.0,2015.0,,0,0,Good,,8.3,8.5,3.6,21,2021-06-10,861400,8750
MTL-101841,Verdun,Condo,1,1.0,607,0.0,1954.0,3.0,0,0,Fair,1997.0,7.0,12.5,8.9,32,2023-12-30,205500,1960
MTL-101018,Longueuil,Condo,2,1.4,631,0.0,1958.0,0.0,1,1,Poor,1985.0,6.5,8.2,15.6,45,2022-08-28,165900,1640
MTL-101509,Ahuntsic-Cartierville,Condo,2,1.5,1613,0.0,1958.0,1.0,1,0,Fair,,8.7,9.5,11.9,21,2023-10-06,540200,4900
MTL-101801,Ahuntsic-Cartierville,Townhouse,2,1.4,1892,3838.0,1949.0,3.0,1,0,Fair,,6.1,14.1,12.0,51,2023-10-17,424600,4160
MTL-100206,Outremont,Condo,3,2.2,1367,0.0,1981.0,2.0,1,0,Good,2002.0,8.5,8.1,2.6,52,2023-10-10,813500,7330
MTL-101279,Verdun,Townhouse,3,2.0,1803,5731.0,2020.0,2.0,0,0,Fair,2020.0,7.3,16.3,6.9,22,2021-08-16,618000,4380
MTL-100091,Ahuntsic-Cartierville,Triplex,3,2.5,3792,7517.0,1964.0,1.0,1,0,Good,,6.8,6.8,9.9,62,2023-07-01,683100,5150
MTL-100697,Rosemont-La Petite-Patrie,Townhouse,3,2.0,2285,4647.0,1949.0,0.0,1,0,Excellent,,6.0,17.4,5.2,46,2021-03-06,698300,5080
MTL-102343,Griffintown,Condo,2,1.6,1345,0.0,1930.0,,1,0,,2006.0,6.8,21.7,2.2,26,2022-04-08,542100,4380
MTL-102228,Ville-Marie (Downtown),Duplex,6,3.7,3653,7152.0,1980.0,2.0,1,0,Excellent,,7.2,33.7,2.1,31,2021-09-26,1146400,11170
MTL-101561,Le Plateau-Mont-Royal,Condo,1,1.0,967,0.0,2008.0,1.0,1,0,Poor,,6.4,16.4,1.4,4,2021-09-30,420500,3640
MTL-100762,Ville-Marie (Downtown),Detached,5,4.1,3154,4265.0,1949.0,0.0,0,0,Fair,,6.9,22.7,1.2,28,2022-11-14,961900,9280
MTL-100502,Ville-Marie (Downtown),Condo,1,1.0,1180,0.0,1925.0,1.0,1,0,Good,,6.8,21.3,2.5,18,2023-06-06,481000,3930
MTL-101394,Ville-Marie (Downtown),Duplex,6,3.3,4224,8547.0,2002.0,,1,0,Fair,,7.0,23.1,2.2,71,2021-11-01,1086200,11470
MTL-102422,Ahuntsic-Cartierville,Semi-Detached,3,2.3,2531,6844.0,1996.0,2.0,1,0,Fair,1998.0,8.4,6.1,10.9,25,2023-11-17,529100,4510
MTL-101662,Longueuil,Semi-Detached,3,2.5,2382,4101.0,1973.0,0.0,0,0,Good,,7.5,11.8,12.4,11,2022-01-07,435300,4140
MTL-100585,Ville-Marie (Downtown),Duplex,3,2.3,3242,7856.0,2011.0,2.0,1,0,Fair,2015.0,6.9,28.5,0.2,52,2021-06-12,972600,8040
MTL-102299,Ville-Marie (Downtown),Duplex,5,4.4,3498,5577.0,1948.0,2.0,1,1,Excellent,1970.0,5.3,23.7,2.4,40,2021-09-13,974500,9140
MTL-100905,Longueuil,Triplex,5,3.1,3555,8277.0,1993.0,2.0,0,0,Good,,7.5,5.0,10.4,36,2021-01-05,535400,4920
MTL-101536,Le Plateau-Mont-Royal,Townhouse,4,2.4,2186,7909.0,1960.0,1.0,0,0,Good,,7.5,11.9,3.0,11,2021-07-22,789100,8010
MTL-100423,Verdun,Condo,2,1.2,1705,0.0,1947.0,2.0,0,0,Excellent,,7.3,13.8,4.0,64,2023-09-10,880100,9500
MTL-101371,Le Plateau-Mont-Royal,Condo,1,1.0,1389,0.0,1990.0,1.0,1,0,Fair,2003.0,8.5,13.0,4.5,18,2022-02-05,611700,4710
MTL-102237,Le Plateau-Mont-Royal,Detached,4,2.2,2113,4609.0,1963.0,1.0,1,0,Fair,,7.0,13.1,1.8,33,2023-07-21,688400,6950
MTL-102451,Saint-Laurent,Condo,2,1.6,692,0.0,1988.0,1.0,1,0,,,8.7,13.9,11.7,53,2023-03-17,293600,2430
MTL-100521,Griffintown,Detached,4,3.4,3001,9069.0,1922.0,2.0,0,0,Good,,5.5,21.0,1.8,49,2023-02-17,831100,7500
MTL-102037,Le Plateau-Mont-Royal,Semi-Detached,3,2.5,2474,3373.0,1921.0,1.0,1,0,Poor,1930.0,7.6,13.1,4.3,50,2023-06-22,638500,6300
MTL-100156,NDG (Notre-Dame-de-Grâce),Triplex,3,2.4,3825,13051.0,1943.0,0.0,1,0,Fair,1970.0,8.9,8.2,6.9,37,2021-06-10,570800,5590
MTL-101872,Verdun,Condo,2,1.1,724,0.0,2020.0,1.0,0,0,Good,2023.0,7.8,16.9,7.7,13,2021-10-16,316400,2660
MTL-102230,Ahuntsic-Cartierville,Condo,1,1.0,1083,0.0,1932.0,1.0,1,0,Fair,1993.0,8.3,9.5,7.5,61,2022-06-06,332900,2890
MTL-102426,Le Plateau-Mont-Royal,Detached,2,1.4,2344,7539.0,2002.0,2.0,1,0,Good,,7.7,12.1,1.1,33,2022-09-04,932300,10200
MTL-100296,Ahuntsic-Cartierville,Condo,2,1.8,1385,0.0,1961.0,1.0,1,0,Fair,1997.0,8.8,13.0,12.8,37,2023-03-10,466300,4310
MTL-100100,Westmount,Duplex,4,3.1,3189,10151.0,1993.0,2.0,1,0,Poor,,8.2,3.6,5.0,55,2021-03-13,996200,7570
MTL-101139,Rosemont-La Petite-Patrie,Condo,3,2.3,1377,0.0,1975.0,2.0,1,0,Poor,,6.7,17.9,8.3,26,2021-09-24,412300,3870
MTL-100184,Ville-Marie (Downtown),Condo,2,,713,0.0,1927.0,2.0,0,0,Good,,7.8,32.7,0.0,53,2021-03-12,286100,2290
MTL-100026,Le Plateau-Mont-Royal,Condo,1,1.0,690,0.0,1967.0,0.0,1,0,Excellent,,7.9,14.6,2.5,29,2021-12-13,329800,3340
MTL-100468,Le Plateau-Mont-Royal,Townhouse,4,2.8,2670,6683.0,2010.0,0.0,0,0,Fair,,7.0,17.5,1.3,46,2021-12-09,964500,9770
MTL-100688,Ahuntsic-Cartierville,Triplex,3,2.2,3576,9900.0,1935.0,0.0,0,0,Fair,1963.0,7.2,9.6,11.0,41,2021-07-06,473700,4680
MTL-100279,Laval,Condo,1,1.0,899,0.0,1921.0,2.0,0,0,Excellent,,7.2,10.7,18.8,40,2022-07-10,295200,2770
MTL-101474,Ville-Marie (Downtown),Condo,2,1.4,921,0.0,2014.0,1.0,1,0,Excellent,2020.0,7.4,25.1,1.4,57,2022-06-21,501800,5330
MTL-100539,Le Plateau-Mont-Royal,Semi-Detached,3,2.7,2363,3139.0,2013.0,2.0,1,0,Good,,7.3,13.5,3.7,36,2021-07-13,877200,7910
MTL-101284,Ville-Marie (Downtown),Triplex,3,2.2,3745,14083.0,1967.0,0.0,0,0,Good,,5.4,33.5,1.8,41,2021-10-16,838900,6610
MTL-102384,Ville-Marie (Downtown),Condo,2,1.1,1218,0.0,1959.0,1.0,1,0,Good,,7.5,24.7,1.0,40,2023-08-29,581900,4520
MTL-101969,Westmount,Townhouse,3,2.0,1850,2602.0,2003.0,2.0,0,0,Good,,9.9,9.4,3.3,21,2022-11-05,932900,8650
MTL-100945,Westmount,Duplex,4,3.2,2962,,1936.0,1.0,1,0,Good,1970.0,9.8,5.2,5.5,26,2023-09-06,821900,6260
MTL-100574,Laval,Semi-Detached,4,3.4,2553,4136.0,2007.0,2.0,0,0,Good,,6.8,5.8,13.4,15,2022-11-07,687800,6600
MTL-102257,Verdun,Triplex,3,2.7,3600,4300.0,1924.0,,1,0,Good,1989.0,6.9,9.1,7.4,25,2021-05-29,576000,5070
MTL-102488,Rosemont-La Petite-Patrie,Duplex,4,2.2,3779,10471.0,1950.0,1.0,1,0,Good,,6.2,9.9,6.6,8,2022-11-10,821700,6840
MTL-101468,Laval,Semi-Detached,5,3.7,2912,9668.0,1997.0,0.0,1,0,Good,,8.6,10.0,12.7,31,2021-12-11,759500,5490
MTL-101860,Ahuntsic-Cartierville,Condo,1,1.0,525,0.0,2009.0,1.0,1,0,Fair,2015.0,,,11.9,34,2023-08-10,214300,2150
MTL-101411,Le Plateau-Mont-Royal,Condo,2,1.6,875,0.0,1958.0,1.0,1,0,Poor,,6.5,14.1,4.9,41,2023-03-06,308000,2310
MTL-101226,Griffintown,Condo,1,1.0,1162,0.0,1943.0,0.0,1,0,Good,,5.1,,3.3,24,2022-11-04,525000,4610
MTL-100810,Saint-Laurent,Duplex,3,2.2,2964,3880.0,,1.0,0,0,Poor,,8.0,6.9,15.7,48,2023-10-04,513000,4950
MTL-100528,Westmount,Duplex,4,2.9,2630,9831.0,1985.0,2.0,0,0,Excellent,,9.1,4.2,2.8,15,2023-04-30,1177100,11500
MTL-102207,Laval,Condo,2,1.4,1145,0.0,1941.0,3.0,0,0,Fair,,6.9,6.5,19.0,38,2023-12-06,284300,2870
MTL-102428,Ville-Marie (Downtown),Duplex,5,4.2,3565,10476.0,1980.0,1.0,1,0,Fair,1990.0,7.2,32.5,0.8,18,2022-11-19,948600,8480
MTL-100109,Outremont,Condo,3,1.9,1709,0.0,1928.0,2.0,1,0,Fair,,9.4,3.7,3.1,37,2023-11-16,873200,9500
MTL-102176,Ville-Marie (Downtown),Condo,3,2.6,1169,0.0,2015.0,1.0,1,1,Good,,5.4,20.1,1.3,8,2023-05-07,661000,4760
MTL-100783,Griffintown,Townhouse,2,1.3,2015,2406.0,1975.0,1.0,1,0,Good,,5.6,17.2,2.0,28,2022-07-10,694700,6060
MTL-102134,Ahuntsic-Cartierville,Condo,2,1.3,547,0.0,,2.0,0,0,Fair,,6.4,15.8,8.8,31,2021-09-20,167700,1400
MTL-102448,Westmount,Triplex,5,3.6,4449,15510.0,1940.0,2.0,0,0,Good,1940.0,8.5,3.8,3.4,21,2021-04-25,1102900,11100
MTL-100401,Longueuil,Duplex,6,3.8,3446,,2015.0,0.0,1,0,Excellent,,,9.1,13.1,21,2022-10-22,701800,5360
MTL-100158,Le Plateau-Mont-Royal,Condo,2,1.4,1238,0.0,1992.0,0.0,0,0,Fair,,6.4,11.8,2.6,10,2022-04-07,512000,4350
MTL-100445,Longueuil,Condo,1,1.0,1086,0.0,1947.0,2.0,0,0,Poor,2000.0,6.2,7.3,12.3,50,2023-06-04,228100,2020
MTL-102153,Laval,Triplex,6,3.8,4049,12097.0,1971.0,0.0,1,0,Good,,7.9,4.7,13.9,28,2021-09-19,619400,4380
MTL-100571,Ahuntsic-Cartierville,Semi-Detached,2,1.4,2492,,1973.0,0.0,1,0,Excellent,,7.7,9.4,9.3,27,2021-10-19,773000,5470
MTL-102265,NDG (Notre-Dame-de-Grâce),Townhouse,2,1.3,1910,3858.0,1935.0,2.0,1,0,Poor,,7.7,14.3,10.0,36,2022-11-28,437000,4600
MTL-101118,Ville-Marie (Downtown),Triplex,4,2.2,3937,9658.0,1981.0,2.0,1,0,Good,2017.0,7.4,30.1,3.0,13,2023-04-29,988900,8430
MTL-101726,Verdun,Detached,3,2.1,2559,5941.0,,0.0,1,0,Good,1991.0,6.9,13.5,5.0,27,2023-08-21,684700,4910
MTL-100214,Ahuntsic-Cartierville,Condo,2,1.2,895,0.0,1944.0,2.0,0,1,Good,,7.0,13.9,13.0,37,2023-02-27,318700,2420
MTL-100778,Ahuntsic-Cartierville,Condo,3,2.1,1515,0.0,1970.0,0.0,0,0,Poor,2020.0,8.2,,9.8,35,2022-12-02,441700,4570
MTL-101772,Longueuil,Condo,2,1.6,851,0.0,1958.0,2.0,1,0,Excellent,1983.0,7.0,8.9,13.3,23,2023-03-17,237000,2080
MTL-100309,Ville-Marie (Downtown),Duplex,6,3.3,3709,8462.0,1989.0,1.0,1,0,Fair,,5.6,26.9,0.8,53,2021-11-23,1012800,7110
MTL-101354,Verdun,Duplex,6,4.3,3670,11707.0,,1.0,1,0,Fair,2012.0,8.7,14.4,8.1,19,2021-10-30,903100,8890
MTL-101160,Laval,Semi-Detached,3,2.1,2167,4282.0,1973.0,1.0,0,0,Fair,,8.7,4.5,16.7,51,2021-10-31,409500,3000
MTL-102033,Saint-Laurent,Condo,2,1.7,948,0.0,2014.0,1.0,1,0,Good,,6.4,10.1,13.8,56,2021-03-28,365000,3240
MTL-100218,NDG (Notre-Dame-de-Grâce),Triplex,3,2.1,3725,4558.0,1995.0,2.0,1,0,Good,,8.8,9.8,8.5,20,2021-03-09,781200,8240
MTL-100428,Griffintown,Duplex,5,4.1,3418,5867.0,2018.0,2.0,1,0,Excellent,2023.0,6.8,,1.9,74,2021-04-06,1469600,14360
MTL-100712,Verdun,Condo,2,1.1,1249,0.0,1980.0,2.0,1,0,Excellent,,8.9,12.0,8.2,35,2022-02-26,559100,4690
MTL-101727,Saint-Laurent,Duplex,3,2.6,3768,,2008.0,1.0,1,0,Good,,6.6,13.3,13.3,23,2023-05-23,812400,6300
MTL-102264,Rosemont-La Petite-Patrie,Semi-Detached,4,3.4,1607,3752.0,1984.0,0.0,0,0,Good,2016.0,6.3,19.4,8.6,51,2021-09-21,400200,3990
MTL-101568,NDG (Notre-Dame-de-Grâce),Duplex,4,2.2,2980,4127.0,1976.0,0.0,0,0,Poor,2014.0,9.0,13.2,9.0,28,2021-06-28,490800,4680
MTL-102132,Rosemont-La Petite-Patrie,Triplex,5,2.9,4361,6707.0,1929.0,0.0,1,0,Good,,6.7,11.6,5.1,28,2022-11-27,805700,7150
MTL-101220,Saint-Laurent,Detached,4,2.6,1998,2403.0,1924.0,2.0,1,0,Excellent,1931.0,9.0,12.2,10.0,6,2022-05-17,556600,4620
MTL-102498,Saint-Laurent,Triplex,3,2.1,3713,13255.0,1949.0,1.0,0,1,Fair,,6.4,8.0,13.3,53,2022-06-26,481000,3560
MTL-101601,Ville-Marie (Downtown),Detached,4,3.3,3123,11498.0,1943.0,2.0,1,0,Excellent,,5.2,20.5,1.3,27,2021-01-09,1186200,8900
MTL-100595,Verdun,Duplex,4,3.5,3437,12482.0,1927.0,2.0,1,0,Good,1979.0,8.4,14.5,4.4,23,2021-08-14,813300,6930
MTL-101877,Verdun,Triplex,3,2.1,3853,11215.0,1967.0,2.0,1,0,Good,,9.0,10.9,4.9,20,2023-01-05,763100,5670
MTL-101471,Ahuntsic-Cartierville,Semi-Detached,4,3.0,2384,6113.0,,2.0,1,0,Fair,,7.6,14.2,10.2,44,2021-09-11,665000,7120
MTL-101774,Ahuntsic-Cartierville,Semi-Detached,3,2.4,2400,6471.0,1975.0,1.0,0,0,Fair,,8.3,13.2,10.6,42,2022-08-10,605800,6450
MTL-101682,NDG (Notre-Dame-de-Grâce),Duplex,6,3.5,3109,4454.0,1938.0,3.0,1,1,Fair,1958.0,7.2,6.7,8.2,21,2022-12-24,679400,6210
MTL-102319,Griffintown,Condo,3,2.0,1546,0.0,2001.0,0.0,1,0,Good,,6.5,21.4,1.9,24,2021-07-18,807600,6720
MTL-100516,Griffintown,Duplex,5,3.6,3379,12355.0,1922.0,1.0,1,1,Good,,6.9,12.7,1.2,21,2023-06-26,963300,8550
MTL-101832,Rosemont-La Petite-Patrie,Detached,3,2.1,2906,10920.0,2020.0,1.0,0,0,Good,2021.0,6.9,14.1,7.5,59,2022-04-30,1011800,9210
MTL-100758,Longueuil,Detached,3,,2521,5695.0,2015.0,2.0,1,0,Good,,7.1,7.3,11.6,37,2021-08-07,612200,6140
MTL-100272,Laval,Triplex,4,2.5,4084,14343.0,1929.0,2.0,0,0,Fair,,7.8,9.2,15.3,33,2023-05-26,539700,5380
MTL-100139,Saint-Laurent,Duplex,6,3.4,4321,11361.0,2003.0,1.0,1,0,Fair,2010.0,7.0,5.1,14.0,34,2023-08-21,823600,8130
MTL-101884,Le Plateau-Mont-Royal,Townhouse,5,3.7,1854,2540.0,2006.0,0.0,1,0,Fair,2008.0,9.0,20.9,1.4,33,2022-01-07,729600,7200
MTL-101216,Outremont,Condo,1,1.0,1496,,1920.0,0.0,1,0,Excellent,1974.0,9.2,3.8,3.4,39,2022-05-05,944600,9700
MTL-101266,Griffintown,Semi-Detached,5,4.1,2198,7723.0,1993.0,2.0,1,0,Good,,7.5,14.5,1.7,37,2023-06-08,8000,8930
MTL-100701,Westmount,Semi-Detached,3,2.1,1956,4613.0,1970.0,1.0,1,0,Good,,8.5,7.4,4.3,45,2022-01-05,881900,8640
MTL-101332,Le Plateau-Mont-Royal,Triplex,4,3.2,4022,5547.0,,1.0,1,0,Good,,7.6,12.6,2.5,16,2023-01-17,856100,9380
MTL-102000,Ville-Marie (Downtown),Semi-Detached,2,,2299,3259.0,2010.0,2.0,1,0,Fair,,7.7,19.9,1.8,27,2023-11-30,889800,9490
MTL-100674,Griffintown,Condo,3,,1333,0.0,1950.0,1.0,0,0,Good,,5.1,20.7,1.7,37,2021-01-06,571100,6210
MTL-100819,Ville-Marie (Downtown),Triplex,4,2.9,3743,11700.0,1992.0,,1,0,Poor,,7.9,28.4,1.6,77,2022-07-16,697800,7370
MTL-100431,Ahuntsic-Cartierville,Duplex,3,2.5,3365,,1951.0,1.0,0,0,Good,,6.6,,8.1,12,2022-05-25,642400,4500
MTL-102289,Le Plateau-Mont-Royal,Condo,3,1.7,2057,0.0,1936.0,0.0,1,0,Good,,9.0,14.5,1.3,17,2022-03-01,888700,8800
MTL-102046,Outremont,Condo,2,1.2,430,0.0,2017.0,0.0,1,0,Good,2020.0,9.5,5.7,3.8,73,2022-02-07,333000,3410
MTL-101068,Griffintown,Triplex,3,2.1,3970,8926.0,1987.0,0.0,0,0,Excellent,,6.9,23.5,1.9,45,2023-10-18,1149000,11280
MTL-101006,NDG (Notre-Dame-de-Grâce),Townhouse,3,1.7,2184,5108.0,1960.0,0.0,1,0,Good,,8.0,6.5,5.8,47,2023-08-16,646800,4630
MTL-102085,Verdun,Townhouse,2,1.7,1624,3092.0,1963.0,0.0,1,0,Good,,6.7,8.7,8.8,66,2021-08-13,503800,5450
MTL-100313,Saint-Laurent,Condo,3,2.1,1066,0.0,1946.0,2.0,0,1,Fair,,7.1,9.9,9.2,32,2022-10-27,312800,3010
MTL-101784,NDG (Notre-Dame-de-Grâce),Semi-Detached,4,3.4,2150,4599.0,1989.0,1.0,1,0,Good,2019.0,7.1,9.1,6.4,54,2021-09-22,684300,6830
MTL-101847,Le Plateau-Mont-Royal,Semi-Detached,3,2.6,1829,5243.0,1931.0,2.0,1,0,Fair,1980.0,8.2,14.7,3.5,30,2021-06-05,544300,4160
MTL-100940,Ville-Marie (Downtown),Detached,3,1.9,2273,6566.0,1992.0,2.0,0,0,Good,,5.8,26.9,0.0,33,2022-05-09,726100,7230
MTL-102280,Ville-Marie (Downtown),Condo,2,1.4,725,0.0,1947.0,3.0,1,1,Fair,2001.0,6.7,29.4,1.6,25,2023-11-21,349800,3760
MTL-100060,Griffintown,Triplex,6,4.8,4198,7280.0,1953.0,0.0,1,0,Fair,,6.8,16.8,2.6,19,2022-12-07,833500,8630
MTL-102137,Ahuntsic-Cartierville,Duplex,5,2.8,3299,5705.0,1974.0,0.0,0,0,Good,,7.1,13.5,10.1,17,2021-08-04,665300,7230
MTL-100682,Le Plateau-Mont-Royal,Condo,3,,861,0.0,1976.0,1.0,1,0,Good,1989.0,7.0,18.1,3.0,76,2023-03-08,459000,4300
MTL-100733,Rosemont-La Petite-Patrie,Condo,2,1.5,1546,0.0,1942.0,2.0,1,0,Good,,6.7,16.8,4.5,41,2023-03-12,537300,5520
MTL-102202,Griffintown,Duplex,4,3.2,2527,2871.0,1925.0,,1,0,Poor,,7.3,21.0,3.1,33,2022-02-09,519300,5280
MTL-101436,Ville-Marie (Downtown),Detached,4,2.3,3145,5599.0,1962.0,1.0,1,0,Excellent,,6.4,28.3,2.0,34,2023-04-29,1145500,11400
MTL-102305,Griffintown,Semi-Detached,5,4.1,2982,9842.0,1958.0,2.0,0,0,Good,,5.0,20.7,1.8,18,2021-05-03,963300,6990
MTL-102166,NDG (Notre-Dame-de-Grâce),Condo,3,1.7,1291,0.0,1935.0,2.0,1,0,Fair,,7.6,6.2,9.2,37,2022-06-19,424400,4520
MTL-100720,Longueuil,Semi-Detached,2,1.7,1747,3123.0,2014.0,2.0,1,0,Excellent,,7.1,9.8,19.1,19,2023-06-22,484000,3600
MTL-101152,NDG (Notre-Dame-de-Grâce),Triplex,3,1.9,3777,5318.0,1961.0,3.0,1,0,Fair,1966.0,,13.8,9.0,57,2023-01-15,723800,5440
MTL-100889,Ville-Marie (Downtown),Duplex,4,2.3,2972,4959.0,1921.0,2.0,1,0,Poor,,7.0,30.0,2.5,49,2022-05-25,644000,6310
MTL-101617,NDG (Notre-Dame-de-Grâce),Detached,3,2.7,2880,4619.0,1935.0,2.0,1,0,Good,1981.0,8.8,7.1,8.5,32,2023-03-18,698700,6470
MTL-100008,Rosemont-La Petite-Patrie,Triplex,3,2.3,4047,14885.0,1958.0,,0,0,Poor,,7.1,8.4,6.5,21,2021-11-27,674800,6580
MTL-102219,Le Plateau-Mont-Royal,Townhouse,5,4.0,1990,5866.0,1927.0,1.0,0,0,Good,1949.0,7.5,12.8,4.3,51,2022-07-07,658100,7010
MTL-101335,NDG (Notre-Dame-de-Grâce),Condo,2,1.1,760,0.0,1937.0,0.0,0,0,Excellent,1985.0,8.3,,8.0,34,2022-01-09,308200,2730
MTL-102269,Verdun,Detached,3,1.8,2335,4831.0,1980.0,2.0,0,0,Good,,7.7,13.6,6.6,34,2022-10-21,733500,6050
MTL-101917,Rosemont-La Petite-Patrie,Condo,3,1.9,1380,0.0,2007.0,3.0,1,0,,,8.8,12.3,8.8,36,2022-09-01,615500,4400
MTL-100273,Longueuil,Detached,4,2.7,2449,,1984.0,,1,0,Fair,,6.9,6.2,11.9,33,2022-04-06,430300,4430
MTL-100526,Griffintown,Townhouse,4,3.4,2415,6306.0,1923.0,1.0,1,1,Good,,6.2,20.5,2.3,55,2022-02-21,928100,7810
MTL-100977,Westmount,Semi-Detached,2,1.6,1608,4403.0,1921.0,0.0,1,0,Good,,8.1,8.2,3.4,22,2021-12-15,606600,5890
MTL-101543,Ville-Marie (Downtown),Semi-Detached,3,1.9,2225,3956.0,1963.0,2.0,1,0,Good,,5.7,24.2,2.2,34,2023-12-17,750600,5690
MTL-100506,Longueuil,Townhouse,3,2.4,2606,6899.0,1922.0,0.0,1,0,Fair,,6.0,9.1,16.6,33,2022-01-30,510300,5270
MTL-101230,Longueuil,Condo,2,1.2,1570,0.0,2022.0,2.0,1,0,Fair,,7.1,12.4,17.1,29,2023-12-06,469500,4930
MTL-100901,Westmount,Condo,2,,810,0.0,1955.0,1.0,1,0,Good,,9.6,4.9,2.6,47,2021-03-26,503400,4810
MTL-100002,Ahuntsic-Cartierville,Semi-Detached,4,2.4,2524,3536.0,1978.0,0.0,1,0,Good,1978.0,7.2,8.3,11.9,67,2021-05-29,622200,5450
MTL-101918,Griffintown,Condo,2,1.5,831,0.0,1982.0,1.0,1,0,Good,,5.7,16.8,3.2,15,2021-02-27,461900,4120
MTL-100716,Laval,Condo,1,1.0,500,0.0,1944.0,0.0,1,0,Poor,,6.4,8.9,21.0,46,2023-03-06,105600,1080
MTL-100270,Laval,Condo,1,1.0,806,0.0,1943.0,0.0,0,0,Fair,1962.0,6.5,4.9,20.4,33,2023-04-04,201400,2210
MTL-101016,Le Plateau-Mont-Royal,Condo,1,1.0,1544,0.0,1976.0,3.0,0,0,Good,,6.3,10.5,1.3,28,2023-10-31,780400,6010
MTL-101731,NDG (Notre-Dame-de-Grâce),Semi-Detached,3,1.8,2168,5568.0,1932.0,1.0,1,0,Poor,,7.8,11.7,6.1,27,2021-04-28,456000,4390
MTL-101227,Ville-Marie (Downtown),Condo,3,1.9,1119,0.0,1993.0,0.0,1,0,Good,,7.1,25.3,1.1,33,2021-03-05,558100,4960
MTL-100054,Rosemont-La Petite-Patrie,Condo,2,1.5,1612,0.0,1965.0,3.0,1,0,Excellent,,8.9,16.0,8.2,34,2021-12-02,778200,7210
MTL-101322,Laval,Triplex,4,2.4,4300,5307.0,2014.0,3.0,0,0,Fair,,6.3,8.8,19.7,32,2022-12-03,545300,5250
MTL-101512,Saint-Laurent,Duplex,5,2.9,3578,11733.0,2007.0,3.0,1,0,Poor,,,9.9,10.0,28,2023-07-14,657000,5790
MTL-100540,Saint-Laurent,Condo,1,1.0,725,0.0,2016.0,1.0,1,0,,,,9.5,11.6,23,2021-05-12,288500,3030
MTL-101999,Ville-Marie (Downtown),Detached,4,2.5,3002,3943.0,1951.0,2.0,1,0,Good,,6.3,32.9,1.2,38,2021-11-06,967200,9480
MTL-100766,Ahuntsic-Cartierville,Detached,3,,2185,2864.0,2005.0,1.0,1,0,Good,,7.8,13.9,9.0,30,2021-05-29,595200,5520
MTL-102062,Laval,Townhouse,4,3.2,2370,5637.0,1998.0,1.0,1,0,,2019.0,8.6,9.7,18.4,9,2023-10-11,514700,5220
MTL-101714,Westmount,Duplex,6,3.3,3455,4504.0,1924.0,2.0,1,0,Good,,8.7,8.0,2.0,30,2021-11-20,1053300,8250
MTL-100189,Ville-Marie (Downtown),Detached,3,2.5,2333,5567.0,1977.0,1.0,0,0,Good,1983.0,5.7,20.7,2.9,19,2021-07-21,771200,7980
MTL-100108,Le Plateau-Mont-Royal,Duplex,5,3.3,3299,6225.0,2004.0,1.0,1,0,Fair,,8.5,12.5,4.8,41,2021-07-14,903600,8680
MTL-100537,Ville-Marie (Downtown),Townhouse,5,4.2,2412,7778.0,1941.0,2.0,1,0,Good,,5.9,24.5,1.8,50,2023-10-14,881900,9640
MTL-100854,Le Plateau-Mont-Royal,Condo,2,,970,0.0,1970.0,3.0,1,0,Excellent,2013.0,7.8,20.3,1.9,13,2023-08-01,533200,4150
MTL-101967,Griffintown,Condo,2,1.7,1217,0.0,1941.0,1.0,1,0,Good,,7.1,20.5,3.8,49,2023-10-10,569500,5340
MTL-101545,Verdun,Detached,2,1.1,1743,5929.0,1985.0,0.0,0,0,Good,,6.1,15.7,4.6,79,2022-03-21,450700,3290
MTL-101606,Outremont,Townhouse,2,1.2,1711,5299.0,1921.0,1.0,1,0,Excellent,1945.0,9.9,8.8,4.8,20,2021-04-05,762100,7750
MTL-101574,Le Plateau-Mont-Royal,Duplex,3,2.0,2319,5304.0,2020.0,0.0,1,0,Fair,2023.0,7.8,21.8,2.3,40,2023-10-24,731700,7270
MTL-100022,Ville-Marie (Downtown),Condo,3,2.2,977,0.0,2007.0,0.0,0,0,Good,,5.2,32.6,1.5,35,2023-07-03,420800,4270
MTL-100376,Laval,Detached,4,3.1,3487,5614.0,2003.0,,0,0,,,6.7,5.4,13.6,26,2022-04-15,716300,7170
MTL-100736,Griffintown,Condo,2,1.6,1587,0.0,1932.0,0.0,1,0,Excellent,,5.2,19.3,2.8,11,2022-05-23,741300,6870
MTL-102155,Le Plateau-Mont-Royal,Condo,3,2.2,1518,0.0,1976.0,0.0,1,0,Fair,1980.0,8.1,19.4,3.9,22,2022-07-11,741200,6740
MTL-100594,Longueuil,Condo,2,1.5,863,0.0,,2.0,0,0,Excellent,,7.0,9.9,15.1,36,2021-04-10,291000,2250
MTL-100348,Griffintown,Semi-Detached,3,1.8,3280,8458.0,1924.0,0.0,1,0,Excellent,,5.2,18.3,2.2,38,2022-07-26,1154000,9730
MTL-100205,Westmount,Triplex,4,2.2,3366,,1925.0,0.0,1,0,Fair,,9.2,3.3,4.9,16,2023-02-14,886300,6920
MTL-100093,Rosemont-La Petite-Patrie,Semi-Detached,2,1.7,2290,,1983.0,1.0,1,0,Poor,,8.7,14.5,8.7,28,2022-11-14,583200,4890
MTL-100807,Longueuil,Condo,3,2.0,1510,0.0,2011.0,2.0,0,0,,,7.7,12.7,19.5,45,2021-08-10,425800,4460
MTL-101248,Longueuil,Detached,4,2.4,2534,6527.0,1931.0,1.0,0,0,Good,2002.0,7.7,8.5,12.2,48,2022-05-30,486100,4400
MTL-102323,Ville-Marie (Downtown),Detached,4,2.5,2837,10310.0,2003.0,0.0,1,1,Fair,,,26.8,0.6,12,2021-01-11,1007400,10480
MTL-102404,NDG (Notre-Dame-de-Grâce),Townhouse,3,2.6,2026,2834.0,2007.0,2.0,1,0,Fair,,7.5,7.7,10.0,47,2021-08-02,570300,5580
MTL-102355,Le Plateau-Mont-Royal,Condo,2,1.4,747,0.0,2016.0,0.0,1,0,Poor,2023.0,,10.6,3.3,63,2022-11-02,361700,3660
MTL-101911,Laval,Condo,3,2.4,1155,0.0,2021.0,1.0,1,0,Fair,,8.5,10.8,15.1,36,2021-04-14,346600,3380
MTL-101657,Ville-Marie (Downtown),Triplex,4,3.0,4234,13347.0,2019.0,1.0,0,0,Good,2021.0,7.6,20.8,1.8,45,2023-05-06,1270600,11230
MTL-102091,Saint-Laurent,Condo,3,1.8,1441,0.0,1922.0,1.0,1,0,Good,,,12.5,10.2,26,2022-12-12,411400,4270
MTL-101464,Saint-Laurent,Condo,3,2.2,1735,0.0,1989.0,0.0,1,0,Excellent,1991.0,8.4,12.1,14.3,28,2023-03-01,666800,6530
MTL-101612,Rosemont-La Petite-Patrie,Condo,1,1.0,1293,0.0,,0.0,1,0,Fair,,6.5,17.5,7.0,34,2021-12-26,490400,4990
MTL-100446,Saint-Laurent,Semi-Detached,3,2.3,2079,,1922.0,2.0,1,0,Excellent,,6.2,10.5,12.9,32,2023-05-06,551700,5240
MTL-102441,Rosemont-La Petite-Patrie,Detached,2,1.1,1659,5599.0,2101.0,2.0,0,0,Good,,8.9,18.2,5.4,41,2023-01-20,526200,4170
MTL-101839,Le Plateau-Mont-Royal,Condo,3,2.1,1509,0.0,1963.0,1.0,0,0,,,6.4,18.8,3.9,29,2022-01-04,768300,8400
MTL-101116,Outremont,Semi-Detached,4,3.5,1855,6115.0,1945.0,2.0,1,0,,1945.0,8.1,7.5,4.1,38,2022-09-14,776000,7010
MTL-100567,Verdun,Townhouse,4,2.7,2598,7616.0,1957.0,2.0,1,0,Poor,,8.5,11.6,4.2,12,2021-07-13,688700,7560
MTL-102055,NDG (Notre-Dame-de-Grâce),Semi-Detached,2,1.7,2223,5193.0,2004.0,1.0,0,0,Fair,,7.6,11.3,5.8,22,2023-01-05,620400,5670
MTL-100935,Ville-Marie (Downtown),Detached,4,2.5,2693,5314.0,,2.0,1,0,Fair,,5.7,31.8,1.5,25,2021-10-08,820300,8770
MTL-101294,Laval,Condo,3,2.1,1057,0.0,1987.0,0.0,1,1,Excellent,,7.1,7.2,19.6,43,2022-01-05,350100,3360
MTL-100256,Longueuil,Detached,2,1.3,2358,4726.0,1956.0,2.0,0,0,Good,,6.4,9.8,17.0,24,2021-12-26,427400,3730
MTL-102405,Rosemont-La Petite-Patrie,Condo,1,1.0,572,0.0,1993.0,1.0,1,1,Fair,,,14.7,4.3,27,2023-12-09,265700,2690
MTL-101099,Griffintown,Duplex,6,4.7,3856,10165.0,2014.0,0.0,0,0,Poor,2017.0,7.9,16.7,2.4,31,2021-05-22,1033300,8540
MTL-100777,Ahuntsic-Cartierville,Detached,2,1.4,2442,5336.0,1946.0,1.0,1,0,Fair,,7.0,13.6,12.6,56,2023-03-01,565700,4920
MTL-102020,Saint-Laurent,Triplex,4,2.7,3670,10348.0,1927.0,2.0,1,1,Good,,8.2,6.3,14.7,16,2021-09-09,686000,7060
MTL-101004,Laval,Townhouse,3,1.8,1814,4747.0,1958.0,0.0,1,0,Fair,2022.0,6.4,4.1,14.9,28,2022-10-18,432100,3590
MTL-101368,Le Plateau-Mont-Royal,Duplex,4,3.1,3771,9917.0,2004.0,0.0,0,0,Fair,,7.1,20.1,1.9,38,2022-01-27,882100,7500
MTL-100398,Ahuntsic-Cartierville,Detached,3,1.9,2440,9065.0,1982.0,3.0,1,0,Good,,6.5,6.3,10.9,39,2021-02-07,723600,6940
MTL-100707,Laval,Duplex,3,,3560,4045.0,1955.0,2.0,0,0,Good,,8.9,7.8,18.9,30,2021-10-20,568400,5590
MTL-100560,NDG (Notre-Dame-de-Grâce),Condo,1,1.0,739,0.0,1977.0,1.0,1,0,Fair,,8.6,8.1,6.7,23,2022-11-10,300800,3020
MTL-101828,Laval,Condo,2,1.3,1031,0.0,1980.0,0.0,1,0,Fair,,6.2,9.6,12.7,31,2023-08-05,272000,2550
MTL-100653,Ahuntsic-Cartierville,Detached,3,2.6,2502,9459.0,1955.0,1.0,1,0,Excellent,,7.3,11.5,9.6,55,2023-12-11,774500,6650
MTL-102157,Griffintown,Semi-Detached,3,,1661,3030.0,1922.0,1.0,1,0,Fair,,5.5,15.5,2.0,70,2023-10-16,522500,5100
MTL-101951,Le Plateau-Mont-Royal,Semi-Detached,3,2.3,2149,8078.0,1968.0,2.0,0,0,Fair,1974.0,8.0,13.7,3.2,29,2023-05-16,696000,7630
MTL-100955,Griffintown,Condo,2,1.2,967,0.0,2009.0,0.0,0,0,Good,2019.0,7.8,17.2,3.5,33,2021-08-05,556200,5980
MTL-101270,NDG (Notre-Dame-de-Grâce),Semi-Detached,3,1.9,1848,6457.0,1979.0,0.0,1,0,Good,,8.5,8.4,7.7,16,2022-11-03,557400,5310
MTL-101831,Rosemont-La Petite-Patrie,Condo,1,1.0,1350,0.0,2012.0,0.0,1,0,Good,2012.0,7.8,15.5,8.2,36,2021-05-25,590900,5540
MTL-100417,Ville-Marie (Downtown),Triplex,4,2.4,4268,7500.0,1984.0,1.0,1,0,Good,2008.0,7.5,29.4,2.3,29,2022-08-10,1076500,9560
MTL-100469,Saint-Laurent,Detached,3,2.6,2575,7572.0,1978.0,2.0,1,0,Good,2012.0,6.7,9.4,10.5,46,2023-05-06,689600,5690
MTL-100986,NDG (Notre-Dame-de-Grâce),Detached,4,2.3,2808,5444.0,1989.0,0.0,1,0,Good,,7.3,11.9,5.8,30,2022-07-26,858400,7950
MTL-102491,Le Plateau-Mont-Royal,Semi-Detached,3,2.0,2589,,,2.0,1,0,Poor,,6.3,20.0,4.0,58,2023-04-09,652300,5370
MTL-101124,NDG (Notre-Dame-de-Grâce),Condo,3,1.7,1395,0.0,2016.0,2.0,0,0,,2019.0,7.7,8.8,5.8,65,2021-08-16,779800,6810
MTL-100809,Le Plateau-Mont-Royal,Detached,3,2.2,2220,3058.0,2006.0,1.0,1,0,Excellent,,,11.2,2.4,20,2022-03-14,878300,7990
MTL-102119,Longueuil,Triplex,4,2.5,4574,,2017.0,1.0,1,0,Excellent,2019.0,7.9,12.4,10.6,30,2021-08-21,967900,8260
MTL-100130,Griffintown,Duplex,4,2.9,3067,5905.0,,1.0,0,0,Excellent,,6.0,21.9,2.0,53,2023-05-30,1088300,11540
MTL-100981,Ahuntsic-Cartierville,Semi-Detached,2,1.3,1881,2539.0,2017.0,0.0,0,0,Poor,,6.5,8.7,8.0,88,2021-07-27,418900,3210
MTL-100847,Saint-Laurent,Condo,2,1.1,1092,0.0,1985.0,2.0,0,0,Good,,6.6,6.3,14.3,30,2023-09-10,400000,3960
MTL-101149,Laval,Townhouse,5,3.1,2636,,2010.0,0.0,1,0,Excellent,,7.9,11.2,14.2,39,2022-02-26,755200,5350
MTL-100944,Le Plateau-Mont-Royal,Townhouse,5,3.1,2489,7265.0,1950.0,1.0,1,1,Good,,7.9,10.3,1.6,39,2022-11-01,926800,8430
MTL-100024,Verdun,Triplex,6,4.0,4298,10583.0,1930.0,1.0,1,0,Fair,,7.9,11.3,8.3,26,2022-06-03,682500,6540
MTL-100583,Ville-Marie (Downtown),Semi-Detached,4,2.3,1976,7389.0,1937.0,0.0,1,0,Fair,,5.6,25.3,2.1,11,2021-11-26,549800,4550
MTL-100391,Griffintown,Duplex,4,,3907,4611.0,1956.0,1.0,0,0,Good,,6.0,21.0,1.3,43,2022-11-30,1041100,11020
MTL-100342,Le Plateau-Mont-Royal,Townhouse,2,1.1,1694,2454.0,2022.0,2.0,0,0,Good,,6.3,20.9,2.1,38,2021-01-25,683700,5740
MTL-101547,Rosemont-La Petite-Patrie,Semi-Detached,3,2.2,2023,5067.0,1949.0,2.0,1,0,Good,,7.8,15.2,7.9,21,2023-07-28,596900,6240
MTL-101527,Ville-Marie (Downtown),Condo,3,1.8,1184,0.0,1944.0,0.0,0,0,Poor,,6.7,24.8,1.0,21,2023-08-02,410700,3880
MTL-100406,Griffintown,Townhouse,5,3.0,1894,,1944.0,0.0,1,0,Good,,7.1,,1.4,41,2022-11-15,654300,6890
MTL-101049,Westmount,Semi-Detached,5,2.9,2779,3789.0,1978.0,,1,0,Good,1997.0,9.6,8.4,5.7,23,2022-02-27,1361100,13350
MTL-100155,Ville-Marie (Downtown),Detached,3,,2649,8234.0,1949.0,1.0,1,0,Fair,,5.7,26.4,0.2,26,2021-07-27,777800,7310
MTL-102478,Le Plateau-Mont-Royal,Condo,3,2.6,1325,0.0,1932.0,1.0,0,1,Poor,1988.0,6.5,16.3,2.4,32,2022-10-22,454500,3740
MTL-101754,Saint-Laurent,Condo,1,1.0,1114,0.0,1958.0,1.0,0,0,Good,,6.7,12.3,10.1,10,2021-11-06,394500,3340
MTL-102042,Rosemont-La Petite-Patrie,Condo,2,1.3,1827,0.0,1990.0,1.0,1,0,Excellent,,6.7,13.5,8.3,35,2021-10-03,813300,7490
MTL-101022,Longueuil,Condo,3,1.8,1031,0.0,2002.0,,1,0,Fair,,5.7,6.8,11.3,50,2022-01-12,293000,3000
MTL-100872,NDG (Notre-Dame-de-Grâce),Condo,2,1.4,927,0.0,1924.0,1.0,1,0,Poor,1945.0,8.8,7.5,7.3,114,2021-03-25,261600,2300
MTL-101566,NDG (Notre-Dame-de-Grâce),Condo,2,1.3,1638,0.0,2000.0,1.0,0,0,Fair,,7.9,14.3,9.0,34,2021-06-29,544600,4640
MTL-102465,Le Plateau-Mont-Royal,Condo,2,1.5,1386,0.0,2011.0,1.0,1,0,Poor,2018.0,8.4,20.6,3.6,27,2022-02-09,691900,7100
MTL-100629,Ville-Marie (Downtown),Triplex,3,1.9,3657,5239.0,1976.0,2.0,1,0,Good,,7.1,32.3,1.5,38,2021-04-30,834400,8260
MTL-100551,Laval,Detached,3,1.8,2645,5181.0,2000.0,1.0,0,0,Excellent,2021.0,7.2,11.4,14.5,37,2021-12-21,718900,6660
MTL-100225,Ville-Marie (Downtown),Condo,1,1.0,1263,0.0,1952.0,1.0,1,0,,,5.4,26.9,0.1,25,2021-02-22,555200,5350
MTL-101693,Le Plateau-Mont-Royal,Duplex,5,4.2,3763,11641.0,1982.0,0.0,0,0,Good,,8.8,12.2,1.6,64,2021-12-10,1017700,7810
MTL-101469,Ahuntsic-Cartierville,Detached,4,2.3,2818,7256.0,1955.0,,1,0,Good,,6.7,12.4,7.8,22,2021-10-03,691500,5720
MTL-101461,NDG (Notre-Dame-de-Grâce),Detached,4,2.9,3152,10006.0,1958.0,2.0,1,0,Excellent,,7.7,10.7,9.4,38,2021-08-22,958400,9090
MTL-101056,Ahuntsic-Cartierville,Condo,2,1.1,807,0.0,1941.0,3.0,0,0,Good,1955.0,7.9,16.0,8.4,70,2023-12-11,256800,2140
MTL-100880,Le Plateau-Mont-Royal,Detached,3,2.2,2264,7200.0,1936.0,2.0,1,0,Fair,,7.4,14.5,1.2,16,2022-01-05,604400,4280
MTL-102011,Outremont,Detached,4,2.9,3009,3906.0,,3.0,0,0,Fair,,9.5,6.8,3.8,26,2022-07-02,1027000,9850
MTL-100179,Le Plateau-Mont-Royal,Semi-Detached,5,,3026,5757.0,1999.0,2.0,1,0,Good,,6.9,12.3,1.3,32,2021-11-15,1219300,13410
MTL-100947,Longueuil,Duplex,3,2.6,3038,4276.0,1977.0,0.0,1,0,Excellent,1994.0,6.1,8.7,14.3,20,2023-07-01,523000,5210
MTL-102266,Rosemont-La Petite-Patrie,Triplex,3,2.3,4286,10128.0,1949.0,2.0,1,0,Poor,1995.0,8.0,19.5,7.2,43,2022-08-24,669100,7080
MTL-102287,Ville-Marie (Downtown),Townhouse,3,1.9,1603,4489.0,2011.0,1.0,0,1,Fair,,6.2,,1.1,34,2021-11-18,615700,5890
MTL-101087,Le Plateau-Mont-Royal,Duplex,3,-2.0,2803,3543.0,2013.0,1.0,0,0,Good,2014.0,8.6,11.8,4.3,16,2021-06-08,761800,7700
MTL-100010,Westmount,Condo,1,1.0,1087,0.0,1932.0,0.0,1,0,Good,,9.7,7.9,2.8,11,2023-06-05,581700,5120
MTL-100354,Outremont,Condo,2,1.4,1216,0.0,1979.0,2.0,0,0,Poor,,10.0,9.4,2.5,31,2022-05-29,626400,6540
MTL-100067,Laval,Condo,1,1.0,858,0.0,2013.0,1.0,0,0,Fair,2014.0,8.2,11.0,21.3,14,2023-08-17,280200,2470
MTL-101934,NDG (Notre-Dame-de-Grâce),Condo,3,2.0,2072,,2018.0,0.0,0,0,Fair,2019.0,8.4,9.8,7.0,33,2021-12-29,820000,8050
MTL-100145,Westmount,Detached,5,4.0,3152,,,2.0,1,0,Excellent,2001.0,9.6,4.7,5.2,45,2022-01-07,1399100,12780
MTL-101044,Longueuil,Triplex,5,3.4,3883,9742.0,2019.0,3.0,1,0,Good,,7.2,10.4,11.0,50,2022-04-27,656900,6800
MTL-100415,Verdun,Duplex,4,2.5,3446,7613.0,1992.0,2.0,1,1,Excellent,,7.8,17.1,7.9,34,2023-10-18,1056400,8550
MTL-100392,Griffintown,Triplex,6,5.0,4657,,1964.0,2.0,1,0,Fair,1964.0,5.8,20.3,2.4,14,2022-09-19,1042600,9090
MTL-101530,Ville-Marie (Downtown),Duplex,4,2.7,3476,7658.0,1964.0,0.0,1,0,Excellent,,6.3,26.0,1.3,37,2023-10-05,1057100,7700
MTL-102212,Westmount,Condo,1,1.0,765,0.0,2002.0,1.0,0,0,Fair,,9.9,7.0,3.6,57,2022-06-13,445300,3190
MTL-100523,Laval,Condo,2,1.4,901,0.0,1968.0,2.0,1,0,Poor,,7.9,10.4,21.8,60,2022-01-15,210400,2180
MTL-100165,Laval,Condo,3,1.9,1408,0.0,1967.0,2.0,1,0,Good,1974.0,6.3,8.7,17.1,40,2023-08-22,444400,3300
MTL-100171,Westmount,Detached,4,3.0,2915,5259.0,1990.0,1.0,1,0,Good,,9.6,4.8,4.8,11,2022-12-09,1500600,13860
MTL-100437,Laval,Semi-Detached,4,3.0,1967,4419.0,1979.0,2.0,1,0,Fair,2021.0,7.5,4.2,20.3,27,2022-01-28,443400,4530
MTL-102399,NDG (Notre-Dame-de-Grâce),Townhouse,3,1.7,2092,6544.0,1938.0,0.0,0,0,Good,,8.5,7.7,9.8,37,2022-05-19,622000,6280
MTL-102156,Le Plateau-Mont-Royal,Triplex,4,3.5,3928,,,2.0,1,0,Fair,,6.8,18.5,3.5,46,2021-09-23,865300,6210
MTL-102104,Laval,Duplex,4,3.1,3583,,1999.0,1.0,0,0,Poor,2014.0,6.8,6.2,17.7,23,2023-12-26,582700,4440
MTL-100055,Longueuil,Townhouse,4,2.8,2821,10205.0,1923.0,2.0,1,1,Fair,,5.6,13.6,12.9,34,2023-08-19,475300,3930
MTL-100138,Griffintown,Townhouse,4,2.3,2123,7423.0,1967.0,1.0,1,1,Excellent,,7.4,22.3,2.0,40,2023-04-27,975400,8420
MTL-100463,Rosemont-La Petite-Patrie,Townhouse,3,2.1,1810,4715.0,2020.0,2.0,1,0,Fair,,7.5,15.0,8.5,20,2023-01-03,610800,4490
MTL-100195,Griffintown,Semi-Detached,4,3.1,3243,8533.0,1921.0,1.0,0,0,Fair,2002.0,5.7,18.5,2.4,21,2022-06-09,991600,8570
MTL-100808,Verdun,Detached,4,2.8,3152,4482.0,1925.0,0.0,1,0,Good,,6.5,9.5,6.7,39,2022-12-17,900500,9280
MTL-101059,NDG (Notre-Dame-de-Grâce),Detached,4,3.4,2604,4097.0,1985.0,0.0,0,1,Good,,8.9,15.2,9.9,25,2022-04-25,731000,6410
MTL-100449,Outremont,Townhouse,2,1.3,2160,8198.0,1973.0,,1,0,Excellent,,9.2,3.6,4.9,16,2023-04-29,1177800,9910
MTL-100546,Le Plateau-Mont-Royal,Detached,2,,2512,9480.0,1965.0,0.0,0,1,Excellent,,7.8,10.3,2.5,46,2021-08-18,884200,8870
MTL-101349,Westmount,Condo,2,1.1,643,0.0,1958.0,1.0,0,0,Fair,2001.0,8.7,3.7,4.9,55,2022-09-21,359300,2580
MTL-100988,Ville-Marie (Downtown),Condo,2,1.3,1158,0.0,,2.0,0,0,Excellent,,7.7,18.6,0.2,43,2022-05-13,720100,5460
MTL-102251,Longueuil,Detached,5,2.9,2626,,2016.0,1.0,0,0,Good,,7.9,11.8,16.6,25,2021-05-02,582600,6060
MTL-100969,Verdun,Condo,3,1.7,942,0.0,2007.0,2.0,1,0,Excellent,,8.2,12.0,7.8,47,2021-07-13,574300,4750
MTL-101956,NDG (Notre-Dame-de-Grâce),Duplex,4,2.7,2925,3434.0,2006.0,1.0,1,1,Good,,7.3,8.5,7.5,15,2022-02-06,727100,5220
MTL-102052,Le Plateau-Mont-Royal,Condo,3,2.4,1095,0.0,2015.0,1.0,0,0,,,7.5,15.7,3.9,72,2022-11-20,540000,3860
MTL-100174,NDG (Notre-Dame-de-Grâce),Townhouse,3,2.2,1286,1485.0,1998.0,0.0,1,0,,,7.4,10.6,9.8,30,2021-09-01,385300,3810
MTL-102163,Laval,Triplex,5,,4770,5290.0,1967.0,2.0,1,0,Excellent,,7.6,,16.1,20,2023-01-16,803400,8590
MTL-100254,Le Plateau-Mont-Royal,Townhouse,4,2.5,2446,5275.0,1959.0,1.0,0,0,Fair,,6.7,10.1,1.8,30,2021-04-04,704400,5810
MTL-101157,Longueuil,Semi-Detached,4,2.5,2363,8900.0,1952.0,1.0,0,0,Excellent,,,13.1,17.3,25,2022-04-20,526100,5210
MTL-100385,Laval,Townhouse,3,2.5,2252,5085.0,1926.0,1.0,1,0,,,,4.3,20.9,28,2022-09-19,464700,4410
MTL-101870,Laval,Condo,2,1.6,400,0.0,1974.0,,1,0,Good,,8.6,5.0,19.7,32,2023-12-10,108800,910
MTL-100444,Laval,Duplex,3,2.1,2363,5495.0,1952.0,0.0,1,0,Fair,,6.1,,19.1,33,2021-08-21,380800,3380
MTL-101101,Saint-Laurent,Semi-Detached,4,3.2,2743,7731.0,1965.0,2.0,1,0,Fair,,7.7,6.5,9.5,23,2023-06-02,628400,5870
MTL-101622,Rosemont-La Petite-Patrie,Duplex,4,3.1,3505,,,2.0,1,0,Fair,,7.0,14.0,5.7,28,2021-05-23,916600,6590
MTL-102316,Ville-Marie (Downtown),Townhouse,2,1.5,2036,,1961.0,0.0,0,0,Fair,,6.2,21.5,2.2,35,2022-06-24,577600,4490
MTL-100711,Rosemont-La Petite-Patrie,Duplex,6,4.9,3786,12749.0,2003.0,0.0,1,0,Excellent,,8.5,10.2,6.0,21,2021-11-21,1068100,11030
MTL-100837,Griffintown,Duplex,4,2.9,3123,3598.0,1921.0,0.0,1,0,Excellent,1942.0,5.9,20.4,2.9,86,2023-11-26,885000,8690
MTL-102440,Rosemont-La Petite-Patrie,Detached,4,,2555,5763.0,2011.0,1.0,1,0,Good,,6.3,16.7,7.8,62,2021-07-07,769000,5720
MTL-101289,Outremont,Townhouse,3,2.4,2465,4141.0,2013.0,1.0,1,0,Fair,,8.3,4.0,3.9,22,2021-06-30,1235100,11010
MTL-100912,NDG (Notre-Dame-de-Grâce),Condo,2,1.3,1207,0.0,2005.0,0.0,0,0,Good,,7.7,14.7,5.2,15,2022-07-06,449200,3760
MTL-101581,Griffintown,Condo,3,2.1,1240,0.0,1996.0,2.0,0,0,Excellent,,8.0,21.8,1.4,16,2022-12-26,785200,6680
MTL-100089,Verdun,Duplex,3,1.7,3185,10918.0,2020.0,2.0,1,1,Good,,7.6,16.9,7.7,22,2022-12-07,973100,9450
MTL-102040,Laval,Condo,2,1.2,998,,1946.0,2.0,1,0,Good,,6.5,5.3,13.8,29,2022-02-12,310700,2700
MTL-101813,Westmount,Townhouse,4,2.7,2044,4448.0,2000.0,2.0,1,1,Fair,,,4.5,5.1,37,2021-01-06,945500,9640
MTL-101305,Laval,Townhouse,3,2.5,1404,3080.0,1971.0,0.0,0,0,Excellent,1992.0,7.7,8.9,19.7,84,2023-08-19,383700,3430
MTL-102409,Verdun,Semi-Detached,4,2.2,2628,3116.0,1954.0,1.0,0,0,Good,,7.3,8.5,6.9,57,2022-02-27,777800,7790
MTL-100000,Griffintown,Triplex,4,3.0,3523,4761.0,1999.0,0.0,1,0,Good,,7.9,20.7,3.2,49,2022-06-02,892100,8540
MTL-102097,NDG (Notre-Dame-de-Grâce),Condo,1,1.0,754,0.0,2010.0,1.0,1,0,Fair,2010.0,8.9,15.2,6.1,41,2022-04-20,331700,2520
MTL-100822,Ville-Marie (Downtown),Duplex,5,3.1,3488,9976.0,1922.0,0.0,1,0,Fair,,5.1,26.8,2.5,22,2023-04-19,685900,5110
MTL-100613,Outremont,Condo,1,,1133,0.0,2004.0,1.0,1,0,Excellent,2021.0,8.9,8.3,4.3,33,2023-03-20,1018500,7340
MTL-101029,Laval,Detached,2,1.5,2340,2724.0,1970.0,2.0,1,0,Fair,2006.0,6.7,6.1,19.2,22,2021-08-24,429900,4520
MTL-102120,Laval,Triplex,6,,4894,18459.0,1964.0,,1,0,Excellent,,8.6,7.3,16.4,19,2023-01-15,851000,6430
MTL-101329,Verdun,Condo,1,1.0,986,0.0,2004.0,0.0,1,0,Fair,,6.2,16.7,7.5,50,2022-05-25,366100,2660
MTL-101125,Rosemont-La Petite-Patrie,Condo,2,1.5,1402,0.0,1930.0,2.0,1,0,Fair,1985.0,7.5,11.4,6.6,18,2021-03-24,480000,3710
MTL-101773,Saint-Laurent,Detached,3,2.1,1987,3969.0,2002.0,2.0,1,0,Good,,8.8,5.7,12.1,22,2022-01-20,541800,5740
MTL-100039,Verdun,Duplex,6,4.1,3508,7272.0,1937.0,2.0,0,0,Excellent,,8.9,11.1,4.2,32,2022-06-11,864700,8530
MTL-101982,Verdun,Semi-Detached,5,3.8,2216,5126.0,,0.0,1,1,Good,2023.0,7.0,10.4,6.9,11,2022-01-22,752000,6430
MTL-101012,Longueuil,Townhouse,5,4.0,2278,5515.0,2022.0,0.0,1,1,,,,12.9,15.8,67,2022-05-23,724700,5340
MTL-100943,Laval,Townhouse,5,3.5,2258,4655.0,1951.0,3.0,1,0,Fair,1960.0,6.2,11.8,16.8,33,2022-08-16,425800,2990
MTL-101552,Laval,Triplex,4,2.3,3799,,1955.0,2.0,1,0,Excellent,,6.4,10.3,17.1,18,2022-03-15,578400,5080
MTL-100665,Le Plateau-Mont-Royal,Detached,4,2.7,2705,3932.0,1948.0,,0,0,Excellent,1994.0,8.4,19.7,2.6,33,2021-11-28,932800,6700
MTL-100452,Griffintown,Duplex,3,2.3,3137,4666.0,1987.0,1.0,1,0,Fair,,7.4,23.1,1.0,14,2022-11-23,766500,7900
MTL-100780,NDG (Notre-Dame-de-Grâce),Detached,4,2.7,2340,4301.0,1925.0,,1,1,Fair,2020.0,7.8,10.4,8.5,32,2023-07-30,697200,5280
MTL-102495,Verdun,Townhouse,2,1.7,1474,4857.0,1963.0,2.0,1,0,Good,1966.0,7.5,15.1,8.8,72,2021-03-14,474700,3960
MTL-101148,Laval,Semi-Detached,4,3.2,2338,4445.0,1993.0,1.0,0,0,Poor,2016.0,8.4,11.7,17.8,26,2022-01-12,538600,5520
MTL-100177,Griffintown,Condo,1,1.0,1343,0.0,1928.0,3.0,1,0,Poor,,6.1,22.6,2.4,65,2023-07-24,490500,4860
MTL-100136,Verdun,Townhouse,4,2.7,1653,2700.0,1943.0,0.0,0,0,Excellent,,6.6,12.5,6.2,51,2022-03-17,458400,4710
MTL-100336,Laval,Townhouse,3,2.3,2242,5293.0,2017.0,1.0,0,0,Fair,,8.4,8.4,15.8,27,2021-06-26,508600,5210
MTL-100118,Longueuil,Triplex,5,4.4,4878,9970.0,2019.0,2.0,1,0,Good,,6.3,11.3,11.3,19,2021-07-03,738100,7300
MTL-102489,Griffintown,Duplex,5,4.2,3585,4479.0,2019.0,1.0,0,0,Good,,5.6,13.6,3.8,15,2022-04-16,1226800,9080
MTL-101556,Rosemont-La Petite-Patrie,Triplex,4,3.4,4250,5386.0,2001.0,2.0,1,0,Excellent,,6.1,16.3,6.0,43,2022-05-27,1060400,8090
MTL-102410,NDG (Notre-Dame-de-Grâce),Townhouse,3,2.0,1981,5692.0,1970.0,1.0,1,0,Fair,,8.1,15.4,6.0,41,2021-09-01,521300,5020
MTL-101901,Westmount,Semi-Detached,3,2.0,2361,5592.0,2008.0,2.0,0,0,Good,,9.1,5.7,5.5,19,2021-08-15,1189700,9360
MTL-101529,Rosemont-La Petite-Patrie,Detached,4,2.8,3348,4189.0,2004.0,1.0,1,0,Fair,,6.6,15.0,7.3,22,2022-09-10,930800,7970
MTL-101600,Le Plateau-Mont-Royal,Duplex,4,3.0,3114,10957.0,1962.0,0.0,1,0,Good,1969.0,8.9,15.3,3.1,24,2023-10-22,830600,7200
MTL-101641,Laval,Condo,2,1.2,996,0.0,2017.0,1.0,1,0,Good,,6.3,11.4,19.0,36,2021-07-13,334800,3080
MTL-100351,Laval,Condo,3,2.4,1042,0.0,2017.0,,1,0,Good,,6.1,9.3,21.2,15,2023-11-04,324900,2370
MTL-100624,Rosemont-La Petite-Patrie,Duplex,3,1.9,2441,7945.0,1945.0,1.0,0,0,Fair,1967.0,6.6,13.0,7.4,69,2022-07-02,444500,3590
MTL-100192,Longueuil,Condo,2,1.3,1146,0.0,1922.0,1.0,0,0,Excellent,,6.4,13.5,15.3,74,2022-05-13,292700,2080
MTL-102150,Ville-Marie (Downtown),Condo,2,1.3,612,0.0,1953.0,0.0,0,0,Fair,1956.0,5.8,18.4,1.8,21,2021-11-23,268400,2510
MTL-102064,Westmount,Condo,1,1.0,1488,0.0,1936.0,2.0,1,0,Fair,1981.0,9.7,7.7,5.4,25,2022-04-03,793000,5670
MTL-101916,Longueuil,Detached,3,2.3,2536,4867.0,1937.0,1.0,0,0,Poor,1954.0,5.1,10.1,10.8,23,2021-05-25,413500,2980
MTL-101551,Rosemont-La Petite-Patrie,Duplex,4,3.0,3333,4794.0,1982.0,0.0,0,0,Poor,,6.5,12.5,8.8,14,2021-09-15,572700,4750
MTL-100135,Ville-Marie (Downtown),Duplex,4,2.3,3835,5288.0,1961.0,2.0,1,0,Good,,7.7,30.8,1.7,36,2021-10-11,1004800,8580
MTL-102140,Laval,Townhouse,5,3.6,2389,7676.0,1925.0,0.0,0,0,Fair,,8.8,4.7,13.5,43,2023-06-06,404000,3230
MTL-100460,Le Plateau-Mont-Royal,Condo,3,2.6,1589,,1953.0,2.0,1,0,Excellent,1956.0,6.8,10.9,2.8,35,2022-07-20,863200,7600
MTL-100041,Verdun,Duplex,4,2.3,3292,12348.0,1943.0,2.0,1,0,Good,1993.0,8.3,9.9,4.4,42,2021-05-29,816900,6560
MTL-100723,Ahuntsic-Cartierville,Condo,1,1.0,1360,0.0,1971.0,2.0,0,0,,,7.9,10.1,7.3,42,2022-08-30,555300,6100
MTL-100698,Le Plateau-Mont-Royal,Condo,3,2.3,1038,0.0,1951.0,2.0,1,0,Good,,7.8,21.2,1.1,17,2022-02-20,456000,4050
MTL-100636,Rosemont-La Petite-Patrie,Duplex,4,2.8,3404,6124.0,1995.0,3.0,0,0,Good,2008.0,6.1,12.4,8.0,34,2023-07-23,752800,6850
MTL-100358,Longueuil,Condo,3,1.8,1276,0.0,1945.0,2.0,1,0,Fair,,5.7,7.5,12.3,27,2023-02-22,281900,2990
MTL-102392,Verdun,Semi-Detached,4,3.3,2118,7352.0,1997.0,1.0,1,0,Good,2021.0,8.5,11.4,5.9,31,2021-11-11,741900,8160
MTL-101321,Le Plateau-Mont-Royal,Detached,3,2.7,2439,8624.0,2007.0,0.0,0,0,Good,2017.0,6.0,12.7,1.1,49,2023-02-01,947500,9200
MTL-101613,Ville-Marie (Downtown),Condo,1,1.0,900,,1933.0,2.0,0,0,Fair,,6.4,21.8,2.9,33,2023-11-20,359700,2620
MTL-102317,Griffintown,Triplex,5,3.6,3323,3892.0,1970.0,1.0,1,0,Excellent,2017.0,6.5,24.1,3.9,42,2022-02-27,973200,6930
MTL-102362,Ville-Marie (Downtown),Condo,2,1.8,1369,0.0,2021.0,0.0,0,0,Good,,6.0,19.7,0.8,30,2022-09-10,718900,5880
MTL-102262,Longueuil,Duplex,5,4.4,3490,,1956.0,0.0,1,0,,1957.0,5.9,,16.6,37,2022-03-09,482200,4550
MTL-100558,Ahuntsic-Cartierville,Condo,1,1.0,703,0.0,1951.0,1.0,1,0,Excellent,,6.3,6.1,11.1,19,2022-05-02,269700,2800
MTL-101525,Ville-Marie (Downtown),Triplex,6,4.1,4407,10868.0,1930.0,1.0,0,1,Poor,,6.4,20.5,2.7,19,2021-05-10,767600,6400
MTL-100813,Longueuil,Condo,1,1.0,874,0.0,1992.0,2.0,1,0,Fair,,6.3,10.7,14.7,42,2021-10-28,242300,1950
MTL-100618,Laval,Condo,2,1.2,977,0.0,1969.0,1.0,1,0,Good,,7.5,,14.1,47,2022-03-21,281900,2430
MTL-100465,Griffintown,Duplex,4,2.2,3312,9123.0,,0.0,1,0,Good,2016.0,5.1,14.3,3.2,46,2023-05-02,965000,10570
MTL-101434,Le Plateau-Mont-Royal,Condo,2,1.5,1343,0.0,1965.0,1.0,0,0,Good,,7.0,20.4,2.4,42,2022-01-05,584000,5080
MTL-101795,Outremont,Condo,1,1.0,724,0.0,1967.0,0.0,1,0,Fair,,9.2,6.5,5.4,72,2021-05-01,391000,3640
MTL-100695,Rosemont-La Petite-Patrie,Semi-Detached,3,2.0,2136,2733.0,1984.0,2.0,1,0,Excellent,1990.0,7.3,20.0,6.3,24,2021-07-26,738200,7110
MTL-102278,NDG (Notre-Dame-de-Grâce),Condo,2,1.4,1662,0.0,1987.0,1.0,0,0,Good,,8.1,13.8,5.5,29,2021-08-03,650600,4570
MTL-101419,Longueuil,Triplex,4,3.0,3648,13772.0,,1.0,0,0,Good,2013.0,6.7,9.6,14.4,66,2022-04-15,426400,4070
MTL-102131,Westmount,Condo,2,1.6,1482,0.0,1975.0,0.0,1,0,Excellent,1976.0,8.7,9.8,4.2,34,2021-04-01,960600,8170
MTL-101702,Ville-Marie (Downtown),Condo,2,1.5,1240,0.0,1944.0,1.0,1,0,Fair,,6.7,20.8,0.0,18,2023-12-02,546400,4560
MTL-100079,Le Plateau-Mont-Royal,Duplex,4,3.2,2650,4248.0,1945.0,2.0,1,0,Good,,6.3,16.5,3.7,46,2023-01-13,711200,5610
MTL-102340,Ahuntsic-Cartierville,Townhouse,5,4.3,2889,3228.0,1953.0,1.0,0,0,Fair,,8.0,7.5,12.7,30,2021-04-09,791500,5600
MTL-101710,Le Plateau-Mont-Royal,Condo,1,1.0,1020,0.0,2012.0,0.0,1,0,Excellent,,8.9,15.1,2.0,45,2021-10-06,496000,5330
MTL-100491,NDG (Notre-Dame-de-Grâce),Triplex,5,3.1,4162,4869.0,1968.0,1.0,1,0,Good,,8.3,10.2,9.2,31,2023-01-26,724800,5570
MTL-102393,Le Plateau-Mont-Royal,Condo,2,1.6,1124,0.0,1990.0,2.0,1,0,Good,,6.4,20.5,2.2,16,2023-09-06,523400,4640
MTL-100527,Ville-Marie (Downtown),Duplex,3,1.9,2710,4787.0,1950.0,3.0,0,1,Good,1993.0,7.5,28.1,0.3,16,2021-06-14,738800,5920
MTL-101959,Ahuntsic-Cartierville,Semi-Detached,5,3.3,3257,10787.0,1990.0,1.0,1,0,Good,,7.4,12.0,8.6,27,2022-09-23,856200,6390
MTL-101783,NDG (Notre-Dame-de-Grâce),Condo,1,1.0,731,0.0,1965.0,1.0,0,0,Good,,8.2,10.8,5.5,26,2023-02-25,272600,2840
MTL-101050,Laval,Triplex,4,3.5,4076,5601.0,1945.0,0.0,1,0,Excellent,,8.7,5.9,21.1,22,2022-12-31,646900,6040
MTL-101765,Ville-Marie (Downtown),Detached,5,2.8,3307,12551.0,1978.0,0.0,1,0,Fair,1985.0,5.9,19.3,0.2,20,2023-08-25,934500,10070
MTL-102007,Ahuntsic-Cartierville,Condo,1,1.0,1723,0.0,2001.0,2.0,1,0,Poor,,,7.6,9.7,15,2021-06-19,557700,5870
MTL-102359,Le Plateau-Mont-Royal,Townhouse,5,3.0,2339,6338.0,1940.0,0.0,0,0,Poor,,8.1,15.3,1.5,32,2021-01-21,587200,6030
MTL-102369,Ahuntsic-Cartierville,Triplex,6,3.7,4561,14976.0,,1.0,1,0,Poor,2012.0,6.9,13.7,8.9,51,2023-12-06,783400,8080
MTL-102420,Le Plateau-Mont-Royal,Townhouse,3,1.9,2030,4103.0,1925.0,1.0,1,1,Good,,6.6,13.4,2.9,19,2023-09-20,757000,6880
MTL-101444,Laval,Condo,2,1.3,1189,0.0,2016.0,0.0,0,0,Good,2020.0,7.0,9.1,13.5,35,2023-05-13,408600,2990
MTL-102149,Laval,Condo,2,1.2,1318,0.0,1972.0,1.0,1,0,Good,,8.1,9.5,18.8,23,2023-03-23,413700,3180
MTL-101165,Laval,Detached,3,,2382,2909.0,1974.0,1.0,1,0,Fair,1975.0,6.1,10.3,20.3,39,2022-12-19,407800,3760
MTL-101788,Outremont,Detached,4,2.8,2694,5955.0,1954.0,1.0,0,0,Good,,9.2,4.2,4.1,25,2022-06-25,1055200,11340
MTL-102469,Rosemont-La Petite-Patrie,Detached,3,1.8,3064,4555.0,1958.0,3.0,1,0,Good,,7.3,9.4,7.9,18,2023-07-09,812500,6600
MTL-102300,Laval,Condo,1,1.0,1073,0.0,1985.0,,1,0,Excellent,2000.0,6.9,,16.8,34,2022-11-11,410700,3550
MTL-102288,Verdun,Detached,5,3.6,2974,9220.0,2002.0,1.0,0,1,Good,,7.7,16.4,7.5,34,2023-05-22,919800,9740
MTL-101481,Le Plateau-Mont-Royal,Triplex,4,3.1,3658,,1946.0,1.0,0,0,,,6.2,21.8,1.6,45,2023-11-12,790300,6660
MTL-101790,Le Plateau-Mont-Royal,Semi-Detached,4,2.9,2555,9707.0,1979.0,0.0,0,0,Excellent,,,,2.8,46,2022-07-29,921800,9270
MTL-101135,Outremont,Detached,2,1.7,2426,,1963.0,1.0,1,0,Fair,2007.0,9.3,4.8,2.8,26,2022-04-09,1063000,10250
MTL-101915,Ahuntsic-Cartierville,Detached,3,1.7,2565,6223.0,1953.0,1.0,0,0,Good,,9.0,14.6,10.0,36,2023-08-15,630900,4480
MTL-102267,NDG (Notre-Dame-de-Grâce),Condo,2,1.6,1217,0.0,1992.0,1.0,1,1,Good,2021.0,8.8,7.9,8.0,19,2022-02-09,572100,5910
MTL-101580,Le Plateau-Mont-Royal,Duplex,6,4.0,3786,9997.0,1998.0,,0,0,Fair,2019.0,7.7,11.3,2.0,31,2022-11-08,1008200,10000
MTL-100479,Rosemont-La Petite-Patrie,Townhouse,3,2.4,2023,,1956.0,1.0,1,0,Fair,,8.1,,8.4,29,2022-04-19,640900,6700
MTL-102342,Outremont,Detached,4,2.6,2546,5302.0,1994.0,0.0,1,0,Excellent,2004.0,9.3,6.6,5.1,48,2023-03-23,1326900,12530
MTL-102022,Longueuil,Townhouse,5,4.4,1799,4087.0,,2.0,0,0,Good,,5.4,12.1,14.9,14,2022-05-10,324700,2700
MTL-100102,Ville-Marie (Downtown),Duplex,4,3.0,3144,8731.0,,3.0,1,0,Poor,,7.5,21.4,2.3,35,2023-08-10,786300,5970
MTL-101478,Laval,Condo,2,1.6,1052,0.0,1980.0,2.0,0,0,Excellent,,7.1,10.4,17.7,28,2021-10-30,385800,3060
MTL-101326,Le Plateau-Mont-Royal,Detached,5,3.9,2742,9570.0,1948.0,0.0,0,0,Excellent,,8.5,19.7,3.1,38,2023-09-11,893000,7790
MTL-101796,Ahuntsic-Cartierville,Condo,3,2.6,1419,0.0,1980.0,0.0,0,0,Good,,6.1,13.4,8.2,55,2023-10-30,413400,3420
MTL-100663,Le Plateau-Mont-Royal,Semi-Detached,4,2.9,2466,3785.0,2020.0,2.0,1,0,Good,2022.0,7.5,12.6,5.0,38,2023-05-17,1104400,8170
MTL-101403,Ahuntsic-Cartierville,Condo,3,2.4,814,,2015.0,2.0,1,0,Good,,8.0,7.6,10.6,86,2022-09-12,270000,2290
MTL-101908,Ville-Marie (Downtown),Detached,4,,2036,5512.0,1989.0,2.0,1,0,Poor,,,24.5,1.3,19,2022-09-02,610500,4460
MTL-100742,Ahuntsic-Cartierville,Semi-Detached,4,2.2,2765,4881.0,1929.0,,1,1,Good,,7.2,9.3,11.7,27,2022-11-13,656800,6560
MTL-102180,Ville-Marie (Downtown),Condo,1,1.0,1571,0.0,1927.0,1.0,1,0,Fair,,6.7,28.9,2.0,46,2023-02-05,651500,6660
MTL-101780,Westmount,Condo,2,1.4,1052,0.0,1990.0,2.0,0,0,Good,,8.4,8.4,3.0,35,2023-03-28,703100,5660
MTL-100467,Laval,Semi-Detached,4,2.2,2522,7151.0,1921.0,0.0,1,1,Good,1944.0,6.7,11.2,19.2,34,2023-02-22,514900,5140
MTL-100053,Longueuil,Townhouse,2,1.4,1305,1522.0,1947.0,0.0,1,0,Fair,,5.2,5.2,14.2,23,2023-02-26,244700,1870
MTL-100987,Verdun,Condo,3,2.2,1338,0.0,1953.0,1.0,1,0,Good,,7.7,9.8,6.2,28,2021-08-01,555300,4490
MTL-101708,Rosemont-La Petite-Patrie,Condo,2,1.7,723,0.0,,1.0,1,0,Excellent,,6.6,10.0,8.1,63,2023-04-20,328300,3230
MTL-101979,Laval,Semi-Detached,2,1.2,2548,5096.0,1948.0,2.0,1,0,Good,,6.4,5.6,18.6,52,2021-01-21,542600,5810
MTL-102088,Laval,Duplex,4,2.7,2886,4996.0,2002.0,2.0,1,0,Fair,2004.0,8.4,5.8,21.8,28,2021-06-04,536200,5740
MTL-100068,Outremont,Triplex,6,5.0,4270,11392.0,1949.0,0.0,0,0,Excellent,2003.0,8.7,3.8,4.3,41,2023-06-21,1253700,10260
MTL-100403,Laval,Detached,3,2.5,2544,8064.0,1929.0,3.0,1,0,Fair,,8.2,7.1,14.2,35,2023-07-20,542700,4210
MTL-101570,Rosemont-La Petite-Patrie,Condo,2,1.7,1311,0.0,1963.0,0.0,1,0,Good,1989.0,8.6,8.7,8.4,52,2023-01-25,520700,4040
MTL-100717,Saint-Laurent,Condo,1,1.0,1212,,1983.0,2.0,0,1,Good,,7.3,7.1,14.1,16,2022-09-16,440900,3480
MTL-101100,Westmount,Condo,2,1.4,1424,0.0,2001.0,0.0,1,0,Good,,9.0,4.7,3.1,52,2021-03-08,950700,8570
MTL-100726,Le Plateau-Mont-Royal,Condo,1,1.0,871,0.0,1987.0,3.0,0,0,Good,2009.0,,11.1,2.9,30,2022-12-20,445600,4730
MTL-100333,Le Plateau-Mont-Royal,Condo,1,1.0,794,,1936.0,0.0,1,0,Good,,6.2,17.2,2.9,52,2023-01-19,312400,3140
MTL-101673,Laval,Semi-Detached,2,1.2,1121,1826.0,1934.0,1.0,1,0,Good,,9.0,11.2,16.8,40,2021-05-27,259300,2260
MTL-102094,Ville-Marie (Downtown),Detached,3,1.9,2882,6089.0,1921.0,0.0,1,1,Fair,,5.4,34.2,2.9,40,2022-07-24,583600,5820
MTL-102159,Ahuntsic-Cartierville,Duplex,4,3.3,2739,3579.0,1952.0,0.0,1,0,Poor,2003.0,8.3,15.8,11.6,54,2022-01-28,441500,4190
MTL-102012,Longueuil,Condo,1,1.0,750,0.0,1954.0,2.0,1,0,Good,1954.0,7.1,7.4,17.6,29,2021-07-01,212500,1650
MTL-100786,Rosemont-La Petite-Patrie,Detached,3,2.1,2141,7927.0,2015.0,1.0,0,0,Poor,2022.0,6.2,,8.3,23,2023-09-16,679200,6960
MTL-102400,Griffintown,Condo,1,1.0,1590,0.0,2001.0,1.0,0,0,Good,,6.1,18.4,3.0,35,2023-01-01,872200,8080
MTL-102038,Le Plateau-Mont-Royal,Condo,2,1.1,775,0.0,2004.0,2.0,1,0,Fair,2007.0,7.9,18.4,3.6,46,2022-06-14,364100,2980
MTL-100784,Le Plateau-Mont-Royal,Detached,2,1.5,2578,8190.0,2008.0,0.0,1,0,Good,,7.9,10.3,2.0,18,2022-09-13,981100,9620
MTL-101173,Ville-Marie (Downtown),Condo,3,1.9,1856,0.0,1930.0,1.0,1,0,,,6.1,20.1,0.4,75,2022-04-03,891100,8220
MTL-101158,Laval,Semi-Detached,2,1.2,1525,3211.0,1948.0,0.0,1,0,Good,2013.0,,9.8,18.0,44,2023-12-28,294500,3110
MTL-101315,NDG (Notre-Dame-de-Grâce),Semi-Detached,5,4.0,2984,6430.0,1931.0,0.0,1,0,Fair,1987.0,8.2,8.6,7.3,23,2023-04-05,748400,6060
MTL-100954,Griffintown,Townhouse,2,1.8,1701,5108.0,1956.0,2.0,1,0,Excellent,,5.2,23.3,1.7,26,2023-10-10,656500,5340
MTL-101137,Verdun,Condo,3,2.1,1811,0.0,,2.0,1,0,Good,1997.0,6.2,8.7,6.2,30,2021-01-29,856000,8860
MTL-102087,NDG (Notre-Dame-de-Grâce),Condo,2,1.4,611,0.0,2014.0,1.0,1,0,Good,2018.0,8.8,12.3,7.6,39,2023-05-05,304200,2970
MTL-101724,NDG (Notre-Dame-de-Grâce),Semi-Detached,4,3.5,2007,6084.0,1932.0,1.0,1,0,Excellent,,,7.7,9.0,29,2021-08-21,560100,4310
MTL-100658,NDG (Notre-Dame-de-Grâce),Triplex,6,4.1,4369,10274.0,1924.0,2.0,1,0,Good,,7.7,9.0,8.8,64,2022-03-03,754600,5320
MTL-100127,Laval,Duplex,3,2.1,3019,10879.0,1955.0,0.0,1,0,Good,,6.3,10.2,20.9,17,2023-10-23,502800,4850
MTL-101583,Verdun,Duplex,3,2.4,3088,6775.0,2010.0,2.0,1,0,Fair,,8.5,14.4,6.1,32,2022-05-14,701500,5720
MTL-100922,Longueuil,Duplex,3,1.9,3084,,1978.0,1.0,0,0,Poor,,7.2,7.2,13.1,21,2021-02-18,418700,4170
MTL-102383,Verdun,Condo,2,1.8,1254,0.0,1921.0,3.0,1,0,,,8.6,14.6,8.7,44,2021-10-16,441000,3360
MTL-102160,NDG (Notre-Dame-de-Grâce),Semi-Detached,4,3.0,2444,7346.0,1926.0,2.0,1,0,Excellent,,7.3,7.5,6.1,31,2021-01-02,722900,6590
MTL-101261,Laval,Duplex,6,4.7,3567,8011.0,1962.0,0.0,0,0,Excellent,1972.0,7.4,4.4,18.2,36,2023-10-18,726800,7260
MTL-101532,Ahuntsic-Cartierville,Condo,3,2.0,1289,0.0,1995.0,1.0,1,0,Good,1997.0,7.5,9.4,11.1,27,2022-05-27,559600,4860
MTL-102138,Le Plateau-Mont-Royal,Duplex,5,3.5,3597,11311.0,1962.0,1.0,1,0,Good,,7.3,13.5,3.0,37,2021-02-06,960700,9450
MTL-100459,Le Plateau-Mont-Royal,Triplex,6,3.4,4210,12454.0,1961.0,1.0,1,0,Good,,8.9,18.1,4.2,61,2021-11-09,1052200,7770
MTL-101106,Griffintown,Triplex,4,,3935,5069.0,2017.0,2.0,0,0,Fair,,7.8,14.9,2.0,53,2021-02-06,977000,8880
MTL-100950,Rosemont-La Petite-Patrie,Detached,2,1.6,2898,3413.0,1949.0,1.0,1,0,Fair,,6.5,8.2,4.2,24,2022-09-29,826000,6130
MTL-101079,Longueuil,Detached,3,1.7,2428,3208.0,1968.0,1.0,1,0,Fair,,6.4,7.3,14.6,17,2021-11-08,496200,5210
MTL-100769,Laval,Duplex,6,4.8,3855,13594.0,1938.0,2.0,0,0,Fair,,,5.7,21.6,35,2023-09-03,553200,5890
MTL-100074,NDG (Notre-Dame-de-Grâce),Condo,3,1.7,1405,0.0,2003.0,2.0,1,0,Fair,,7.2,6.3,8.4,25,2023-05-10,499200,4780
MTL-102463,Rosemont-La Petite-Patrie,Duplex,4,3.0,2802,5264.0,1937.0,1.0,1,0,Fair,1945.0,,9.1,5.7,20,2022-10-14,575400,4250
MTL-101129,Ville-Marie (Downtown),Duplex,4,,2982,5202.0,1985.0,1.0,1,0,Good,,6.0,24.2,2.9,18,2022-12-12,858800,7270
MTL-101187,Outremont,Detached,3,1.7,3137,9969.0,2009.0,1.0,1,1,Excellent,,9.2,9.4,3.7,39,2023-03-23,1590500,16300
MTL-102147,Griffintown,Condo,1,1.0,1047,0.0,1950.0,0.0,1,0,Good,,7.2,20.5,3.5,25,2023-05-05,500500,4720
MTL-101558,Laval,Townhouse,4,2.5,2484,8559.0,1974.0,1.0,0,0,Good,,7.8,11.7,15.8,17,2022-06-11,567300,5840
MTL-100461,NDG (Notre-Dame-de-Grâce),Detached,3,2.0,2582,6156.0,2013.0,3.0,1,0,Good,,7.1,13.4,5.9,57,2022-12-02,794600,7440
MTL-102109,Saint-Laurent,Detached,3,2.4,2761,10476.0,1953.0,2.0,0,0,Excellent,2009.0,,,13.6,44,2022-07-07,829000,7530
MTL-100639,Griffintown,Condo,1,1.0,1186,0.0,1998.0,,1,0,Good,,5.3,15.4,3.1,7,2021-10-02,711200,7370
MTL-102303,Ville-Marie (Downtown),Condo,3,2.4,1397,0.0,2011.0,1.0,1,0,Good,,6.6,26.8,1.0,11,2023-10-01,790200,5740
MTL-100917,Longueuil,Duplex,5,3.7,3426,12783.0,1936.0,1.0,0,0,Excellent,,6.6,,11.2,105,2022-10-03,659400,6680
MTL-102115,Le Plateau-Mont-Royal,Condo,3,2.6,1393,0.0,1945.0,1.0,1,0,Excellent,,6.9,18.3,2.3,21,2023-08-03,750000,5700
MTL-100518,Saint-Laurent,Condo,1,1.0,804,0.0,1986.0,2.0,0,0,Good,,8.9,9.6,14.6,16,2021-09-17,294700,2620
MTL-100757,Rosemont-La Petite-Patrie,Condo,2,1.8,1707,0.0,1927.0,0.0,1,0,Good,,6.5,11.6,7.3,11,2021-11-16,571900,4310
MTL-101615,NDG (Notre-Dame-de-Grâce),Detached,4,2.9,2269,7623.0,1998.0,0.0,0,0,Poor,,7.2,6.2,7.4,29,2021-03-15,507200,4860
MTL-102198,Rosemont-La Petite-Patrie,Condo,3,2.2,1251,0.0,1973.0,,1,1,Excellent,2001.0,6.1,9.4,6.0,38,2022-08-27,539100,4190
MTL-100929,Ville-Marie (Downtown),Semi-Detached,5,3.0,2201,3077.0,1936.0,1.0,1,0,Good,1945.0,5.4,34.0,1.2,35,2021-12-27,648500,6020
MTL-100230,Laval,Duplex,5,3.7,3312,4730.0,2016.0,2.0,1,0,Good,2016.0,7.1,5.1,18.5,50,2021-07-10,703900,6270
MTL-102143,Ville-Marie (Downtown),Condo,1,1.0,1019,0.0,1974.0,0.0,1,0,Fair,,7.0,26.9,3.0,40,2021-02-14,402400,4310
MTL-100412,Saint-Laurent,Duplex,5,3.7,3477,12465.0,2009.0,1.0,1,0,Fair,,8.0,13.4,15.0,15,2021-02-23,717700,7050
MTL-101319,Outremont,Detached,2,1.3,2167,5023.0,1958.0,1.0,1,1,Poor,,8.6,9.7,3.1,24,2023-09-15,772400,7460
MTL-100555,Griffintown,Townhouse,4,,2384,3819.0,,1.0,1,0,Excellent,,5.6,14.4,3.9,28,2021-01-28,1202500,10070
MTL-100543,NDG (Notre-Dame-de-Grâce),Detached,4,3.2,2280,3861.0,2008.0,3.0,0,0,Fair,,8.1,13.9,5.4,24,2023-02-06,655500,4940
MTL-101777,Verdun,Condo,2,1.5,1688,0.0,1922.0,1.0,0,0,Good,,6.9,13.2,6.6,39,2023-11-10,536000,4790
MTL-102128,Longueuil,Duplex,4,2.3,2654,,2015.0,2.0,0,0,Good,,7.6,6.0,14.4,67,2021-03-21,505100,4290
MTL-102073,Laval,Duplex,3,1.7,3193,10045.0,1949.0,1.0,1,0,Good,2012.0,6.7,5.6,21.8,30,2023-07-26,551000,5570
MTL-101957,Griffintown,Condo,2,1.7,1056,0.0,2009.0,2.0,0,0,Poor,,6.5,,2.0,47,2022-01-16,467300,4080
MTL-102216,Laval,Semi-Detached,4,2.5,2542,5301.0,1965.0,1.0,1,0,Good,,8.4,6.8,13.8,21,2023-12-31,591000,6040
MTL-100098,Westmount,Condo,2,1.8,1708,0.0,1981.0,1.0,1,0,Excellent,,,4.9,3.6,20,2021-04-06,1273000,12560
MTL-101648,Ahuntsic-Cartierville,Duplex,5,3.5,3199,,1941.0,0.0,1,0,Good,,7.1,10.9,7.8,19,2023-03-06,601100,4500
MTL-101430,Verdun,Townhouse,4,2.8,2601,,2015.0,0.0,1,0,Good,2017.0,7.8,11.8,4.7,40,2023-10-03,928900,7780
MTL-101250,Laval,Townhouse,3,2.3,2160,8183.0,2015.0,2.0,1,0,Fair,,6.1,11.2,16.9,74,2023-03-02,528300,4450
MTL-100644,Le Plateau-Mont-Royal,Condo,2,1.8,1199,,1930.0,1.0,0,0,Excellent,1965.0,6.4,10.0,3.1,28,2021-11-05,500600,3890
MTL-101887,Ville-Marie (Downtown),Condo,2,1.3,1716,0.0,,2.0,1,0,Fair,,5.4,28.5,1.2,16,2021-08-13,925700,6970
MTL-101899,Ahuntsic-Cartierville,Condo,2,1.1,801,0.0,2008.0,2.0,1,0,Good,,6.0,,11.0,55,2021-07-18,342600,2850
MTL-101005,NDG (Notre-Dame-de-Grâce),Duplex,6,4.8,3355,7616.0,1942.0,1.0,0,0,Fair,1982.0,8.1,9.9,7.5,12,2021-03-26,700700,6700
MTL-102253,Laval,Semi-Detached,5,4.1,2149,6568.0,1976.0,2.0,1,0,Fair,,8.4,5.2,13.1,51,2022-05-22,405300,3660
MTL-100958,Le Plateau-Mont-Royal,Duplex,5,4.4,2886,8526.0,1975.0,,1,0,Good,,6.5,11.6,3.2,34,2021-03-19,822200,6480
MTL-101470,Rosemont-La Petite-Patrie,Townhouse,4,2.4,1668,,,2.0,1,0,Good,1993.0,,11.6,6.2,13,2022-02-07,390800,2840
MTL-100664,Outremont,Condo,2,1.4,426,0.0,2020.0,2.0,1,0,Good,,8.9,,2.6,52,2022-05-29,289700,2420
MTL-100731,Laval,Semi-Detached,3,2.1,2107,,2017.0,2.0,1,0,Fair,,7.0,11.3,21.4,26,2021-09-24,480200,4640
MTL-100852,Le Plateau-Mont-Royal,Townhouse,4,3.4,2348,8213.0,1959.0,0.0,0,0,Excellent,,8.7,12.5,4.6,33,2021-01-26,947100,6840
MTL-100771,Laval,Condo,2,1.2,1682,,2001.0,2.0,1,0,Poor,,6.1,7.4,13.1,35,2022-07-07,452600,4430
MTL-101503,Griffintown,Condo,1,1.0,913,0.0,1936.0,0.0,0,0,Fair,,5.7,12.1,3.6,27,2021-04-26,322200,3470
MTL-100530,Laval,Condo,2,1.3,934,0.0,2020.0,1.0,1,0,,2023.0,8.1,10.8,20.0,30,2021-10-06,367200,3890
MTL-102072,Le Plateau-Mont-Royal,Condo,2,1.1,1450,0.0,1924.0,0.0,0,0,Fair,1988.0,,13.6,1.8,22,2021-01-22,559100,4010
MTL-102347,Griffintown,Condo,2,1.4,1382,0.0,,0.0,0,0,Poor,,6.9,19.7,2.4,40,2023-01-21,613100,6110
MTL-100261,Saint-Laurent,Condo,3,1.7,1660,,2006.0,3.0,1,1,Good,2008.0,8.5,12.8,10.9,26,2021-09-29,765800,8420
MTL-100294,Le Plateau-Mont-Royal,Detached,4,3.2,2734,6486.0,1993.0,0.0,0,0,Good,2015.0,7.1,21.3,2.4,40,2023-07-12,959000,9990
MTL-100721,Le Plateau-Mont-Royal,Condo,2,1.2,1401,0.0,1989.0,2.0,0,0,Fair,,6.3,15.3,2.5,26,2022-11-02,673100,5310
MTL-101962,Laval,Townhouse,5,4.0,2519,7610.0,1966.0,2.0,0,0,Good,1980.0,8.7,10.8,16.3,14,2022-11-08,537500,5710
MTL-102466,Griffintown,Townhouse,4,3.2,1824,5991.0,1995.0,3.0,1,0,Fair,,6.3,21.3,1.4,69,2021-08-08,776900,5980
MTL-102070,Ahuntsic-Cartierville,Semi-Detached,3,2.1,1907,2268.0,1974.0,1.0,1,0,Good,,8.0,14.1,10.2,50,2021-06-24,505400,5550
MTL-102018,Westmount,Condo,2,1.5,1120,0.0,1929.0,1.0,1,0,Fair,2023.0,8.4,5.3,4.9,41,2022-09-22,649200,6550
MTL-102283,Westmount,Condo,2,1.8,1378,0.0,1922.0,1.0,1,0,Poor,1991.0,,4.1,2.0,15,2022-01-02,612300,5870
MTL-100159,Ahuntsic-Cartierville,Duplex,3,2.3,2682,5532.0,1922.0,1.0,1,1,Fair,,6.4,7.2,7.2,30,2023-06-28,443100,3390
MTL-101236,Laval,Duplex,5,3.4,3338,10288.0,,2.0,0,0,Poor,2018.0,7.0,9.3,16.7,8,2022-09-02,537900,5580
MTL-100650,Outremont,Duplex,5,,2974,6472.0,,0.0,0,0,Excellent,1974.0,9.7,6.6,5.5,20,2021-07-20,1141200,8940
MTL-102484,Verdun,Semi-Detached,3,2.6,2092,6226.0,,2.0,1,0,Good,,8.2,16.2,7.8,25,2022-12-14,703700,7360
MTL-100605,Verdun,Detached,4,3.0,2602,4425.0,,1.0,0,0,Fair,,6.2,17.0,4.8,28,2023-08-17,740000,6190
MTL-101357,Griffintown,Semi-Detached,3,1.7,1849,3229.0,1958.0,2.0,1,0,Fair,,5.8,13.3,2.1,36,2021-04-15,645600,5550
MTL-100694,Le Plateau-Mont-Royal,Detached,4,2.7,2669,5833.0,1959.0,1.0,1,0,Excellent,,,21.6,1.7,40,2021-11-18,1071500,8000
MTL-100909,Griffintown,Condo,1,1.0,1225,0.0,2016.0,0.0,1,0,Fair,2021.0,6.0,21.1,3.5,33,2023-12-26,683500,6520
MTL-101303,Rosemont-La Petite-Patrie,Townhouse,4,3.6,2059,4554.0,1957.0,2.0,1,0,Fair,,7.3,12.7,4.7,34,2021-10-16,614600,5840
MTL-102349,Westmount,Condo,3,2.2,1381,0.0,1988.0,0.0,1,0,Excellent,,8.6,5.0,5.9,53,2023-10-20,1054000,10020
MTL-101722,Ville-Marie (Downtown),Townhouse,4,2.9,2208,,1921.0,0.0,0,0,,,7.9,34.8,1.3,24,2023-11-09,643700,7000
MTL-102475,Laval,Detached,3,1.8,2684,4777.0,,0.0,1,0,Good,2019.0,7.8,10.8,17.8,39,2021-03-31,662900,5590
MTL-100868,Laval,Condo,3,2.3,1396,0.0,1971.0,,1,0,Good,1979.0,8.6,11.6,17.9,32,2022-01-18,448300,3670
MTL-102184,NDG (Notre-Dame-de-Grâce),Triplex,3,2.2,3991,13475.0,1988.0,1.0,0,0,Good,2010.0,8.0,14.6,7.7,22,2023-04-30,718200,7080
MTL-101557,Griffintown,Condo,1,1.0,996,0.0,1923.0,0.0,0,0,Good,,7.5,14.4,3.5,12,2021-07-28,442200,3940
MTL-100320,Rosemont-La Petite-Patrie,Townhouse,3,2.0,1421,2430.0,1971.0,0.0,1,0,Good,,6.0,15.1,6.8,36,2021-11-04,385200,3270
MTL-101760,Verdun,Condo,1,1.0,963,0.0,1969.0,0.0,1,0,Fair,,7.7,14.8,5.8,29,2023-01-15,377500,4120
MTL-100014,Le Plateau-Mont-Royal,Duplex,3,2.3,2891,7540.0,1960.0,2.0,1,0,Good,2017.0,7.6,12.2,2.1,39,2023-04-27,886700,7510
MTL-100975,Ville-Marie (Downtown),Triplex,6,4.8,4293,14371.0,1988.0,3.0,0,0,Excellent,,,24.2,2.0,24,2023-01-02,1278000,13090
MTL-101706,NDG (Notre-Dame-de-Grâce),Semi-Detached,5,3.6,1703,3884.0,1928.0,1.0,1,0,Excellent,,7.9,15.2,7.7,33,2021-03-13,471500,5050
MTL-102048,Rosemont-La Petite-Patrie,Duplex,3,2.1,2936,9808.0,1963.0,0.0,1,0,Fair,,,8.4,4.3,26,2022-12-03,599200,6060
MTL-101416,Westmount,Duplex,4,2.9,3108,11273.0,1926.0,1.0,1,0,Good,,8.8,7.9,2.9,25,2022-08-07,1039300,10190
MTL-101446,NDG (Notre-Dame-de-Grâce),Duplex,6,4.9,3705,7404.0,1961.0,2.0,1,1,Poor,,8.8,14.3,6.3,23,2022-08-30,694200,6910
MTL-101427,Saint-Laurent,Duplex,5,3.0,3743,10494.0,1996.0,0.0,1,0,Good,,8.0,10.1,13.1,39,2021-02-01,722000,7760
MTL-100462,Ahuntsic-Cartierville,Condo,1,1.0,556,0.0,1940.0,3.0,0,0,Excellent,,8.0,7.0,8.1,30,2022-02-06,219200,2400
MTL-102459,Griffintown,Duplex,4,2.5,3239,10143.0,1921.0,2.0,1,1,Good,1967.0,5.3,19.5,3.9,22,2023-09-06,823400,8010
MTL-101692,Griffintown,Detached,4,3.5,3100,6626.0,1942.0,1.0,1,0,Good,,6.9,12.6,2.1,14,2022-07-31,1026300,9880
MTL-101651,Ville-Marie (Downtown),Condo,3,2.2,1403,0.0,2014.0,1.0,1,0,Good,,6.3,18.7,0.7,41,2021-09-13,763000,8390
MTL-102177,NDG (Notre-Dame-de-Grâce),Townhouse,4,2.3,1804,,1989.0,0.0,1,0,Good,,7.9,10.0,5.8,38,2022-04-07,590800,4770
MTL-101719,Le Plateau-Mont-Royal,Condo,1,1.0,772,0.0,1998.0,0.0,1,0,Good,2003.0,6.8,21.7,4.4,30,2022-01-11,365400,3740
MTL-100643,Ville-Marie (Downtown),Semi-Detached,3,2.0,2197,4772.0,1921.0,1.0,0,0,Good,,6.8,19.7,2.0,42,2022-12-28,667700,5260
MTL-101555,Le Plateau-Mont-Royal,Condo,2,1.8,945,0.0,1984.0,0.0,0,0,Fair,2011.0,7.0,14.6,3.4,21,2021-08-07,422600,3890
MTL-102284,Le Plateau-Mont-Royal,Detached,3,2.2,2298,7665.0,1956.0,2.0,1,0,Fair,2011.0,8.1,17.2,1.7,21,2021-08-16,835200,8510
MTL-100619,Ahuntsic-Cartierville,Condo,1,1.0,1341,0.0,1931.0,3.0,0,0,Good,1982.0,6.3,10.2,11.0,41,2021-06-29,399600,3020
MTL-100651,Rosemont-La Petite-Patrie,Condo,2,1.7,942,0.0,1940.0,0.0,1,0,Good,2001.0,7.8,11.9,5.4,51,2023-11-08,353400,3140
MTL-100253,Ville-Marie (Downtown),Detached,2,1.4,1813,4542.0,2004.0,1.0,1,0,Poor,2011.0,6.0,25.5,0.6,28,2021-04-21,525300,4960
MTL-101260,Ville-Marie (Downtown),Condo,1,1.0,806,0.0,1934.0,2.0,0,0,Good,,5.8,18.2,0.4,12,2021-10-08,346200,3510
MTL-101881,Laval,Condo,1,1.0,1322,0.0,1998.0,1.0,1,0,Good,2006.0,7.1,9.6,19.4,16,2023-05-15,359500,3410
MTL-100873,Griffintown,Duplex,5,4.1,3610,9708.0,2004.0,1.0,1,0,Fair,2022.0,7.0,21.7,3.2,49,2022-10-25,1169700,12390
MTL-100466,Ville-Marie (Downtown),Duplex,5,3.2,3581,10892.0,2016.0,0.0,1,0,Fair,2017.0,7.3,22.4,0.8,12,2022-10-23,1105300,9530
MTL-101891,Griffintown,Semi-Detached,5,,2707,4625.0,,1.0,0,0,Good,,6.0,12.9,1.2,17,2022-11-30,823600,5860
MTL-100753,Ville-Marie (Downtown),Condo,2,1.5,1135,0.0,2015.0,2.0,1,0,Fair,,5.9,20.0,0.8,40,2022-04-11,622800,6410
MTL-102178,NDG (Notre-Dame-de-Grâce),Duplex,3,2.2,3114,6774.0,1973.0,1.0,1,0,Good,,8.4,6.6,9.9,34,2022-05-11,797300,7520
MTL-100941,Rosemont-La Petite-Patrie,Semi-Detached,3,1.9,2430,,1942.0,1.0,1,0,Excellent,2000.0,7.0,13.1,8.7,16,2021-05-13,725500,7450
MTL-100882,Westmount,Condo,2,1.6,1558,0.0,2017.0,1.0,0,0,Excellent,,9.2,3.9,2.1,50,2021-06-28,1403600,12390
MTL-100291,Westmount,Townhouse,3,1.9,1818,4925.0,2013.0,1.0,1,0,Fair,2020.0,9.4,3.2,2.6,44,2022-01-03,1011900,10990
MTL-100233,Verdun,Townhouse,3,2.5,2536,3753.0,1997.0,0.0,1,0,Good,,6.8,10.8,5.1,37,2022-06-22,886200,6300
MTL-100741,Ville-Marie (Downtown),Detached,4,3.1,2453,3014.0,1962.0,1.0,1,0,Fair,,6.3,30.2,2.6,37,2021-04-13,635800,4790
MTL-101389,Verdun,Detached,4,2.3,2985,6600.0,1949.0,0.0,0,0,Excellent,,7.0,11.2,7.3,64,2023-09-16,842600,6200
MTL-101433,NDG (Notre-Dame-de-Grâce),Condo,2,1.6,1458,,1920.0,0.0,0,0,Excellent,1932.0,,11.4,6.7,22,2021-06-01,630600,5880
MTL-101874,Ahuntsic-Cartierville,Semi-Detached,4,2.3,2303,5466.0,1928.0,3.0,1,0,Poor,,7.6,14.6,7.4,24,2021-11-19,444200,3600
MTL-102047,NDG (Notre-Dame-de-Grâce),Duplex,3,1.7,2803,5723.0,1942.0,3.0,1,0,Excellent,,8.3,14.4,6.5,22,2022-01-01,680400,6460
MTL-101304,NDG (Notre-Dame-de-Grâce),Condo,2,1.6,821,0.0,1930.0,1.0,1,1,Good,1946.0,8.0,11.5,9.9,25,2023-09-04,300000,3280
MTL-101343,Ahuntsic-Cartierville,Detached,4,3.4,2345,3900.0,2003.0,1.0,1,0,Fair,2011.0,6.3,,10.0,19,2021-12-08,635900,4900
MTL-101766,Ahuntsic-Cartierville,Duplex,6,3.9,3563,4392.0,1987.0,1.0,1,0,Excellent,,8.6,6.7,9.2,46,2021-06-05,839100,6170
MTL-101518,Ville-Marie (Downtown),Condo,3,1.7,1414,0.0,2018.0,2.0,1,0,Fair,2022.0,7.7,27.3,1.3,14,2022-04-26,792600,6830
MTL-102272,Verdun,Condo,2,1.2,1384,0.0,1967.0,1.0,0,0,Good,1967.0,7.0,17.4,4.2,36,2023-09-23,511700,4210
MTL-102285,Ville-Marie (Downtown),Detached,3,2.5,3432,9692.0,1967.0,1.0,1,0,Fair,1989.0,6.5,22.2,0.6,9,2021-04-26,1157500,8360
MTL-100286,Verdun,Townhouse,5,3.3,2528,6397.0,1956.0,0.0,0,0,Poor,,7.9,8.9,8.7,16,2023-11-15,579600,4490
MTL-100049,Le Plateau-Mont-Royal,Condo,2,1.6,1182,0.0,1971.0,1.0,1,0,Good,,6.4,21.8,2.2,21,2021-08-15,567000,5020
MTL-100785,Longueuil,Condo,3,2.5,1484,0.0,1987.0,1.0,0,0,Good,,6.5,8.6,10.8,12,2021-12-15,462500,3670
MTL-101083,Laval,Triplex,4,2.5,4264,14237.0,1954.0,2.0,1,0,Fair,1993.0,8.7,5.1,14.6,39,2022-11-25,639800,7010
MTL-102249,Le Plateau-Mont-Royal,Triplex,5,4.4,4074,7621.0,2003.0,0.0,0,0,Excellent,,7.3,19.2,4.1,50,2022-08-10,1014200,9240
MTL-102218,Laval,Detached,5,3.0,2659,6726.0,1960.0,1.0,0,0,Good,,8.4,7.3,18.1,24,2023-01-22,602500,6360
MTL-101485,Griffintown,Townhouse,3,2.4,2067,5278.0,,0.0,1,0,Fair,,7.1,21.5,3.5,22,2023-04-22,732800,5300
MTL-101241,Ahuntsic-Cartierville,Triplex,3,2.1,3743,9557.0,,,1,0,Good,,,8.7,7.5,67,2022-10-23,663200,6180
MTL-100534,Ahuntsic-Cartierville,Condo,1,1.0,887,0.0,1985.0,1.0,1,1,,,7.5,14.4,7.8,44,2023-06-30,369600,2670
MTL-100628,Westmount,Townhouse,3,2.6,2273,,1960.0,1.0,0,0,Poor,,9.7,3.0,2.3,34,2021-03-09,879300,7990
MTL-100928,NDG (Notre-Dame-de-Grâce),Triplex,5,3.3,4365,14430.0,2001.0,,1,0,Excellent,,8.4,8.0,6.0,76,2021-09-04,1056500,8490
MTL-102276,Ahuntsic-Cartierville,Condo,1,1.0,955,0.0,1983.0,3.0,1,0,Good,,6.0,9.5,12.7,43,2023-02-02,367700,3220
MTL-101974,Ville-Marie (Downtown),Duplex,4,3.5,3302,8124.0,2006.0,3.0,1,0,Good,,7.6,24.5,2.3,26,2022-06-22,980900,10320
MTL-100525,Verdun,Detached,2,1.4,2289,3197.0,1974.0,0.0,0,0,Fair,,8.7,9.8,5.6,25,2023-07-15,644900,6960
MTL-101391,Outremont,Semi-Detached,3,,2307,8401.0,1974.0,1.0,1,0,,2018.0,8.2,7.0,4.0,50,2021-05-31,802400,6890
MTL-101425,Saint-Laurent,Condo,1,1.0,1095,0.0,2017.0,2.0,1,0,Good,,6.1,11.9,11.5,16,2023-06-16,435200,4520
MTL-101080,Ahuntsic-Cartierville,Detached,3,1.9,2401,5439.0,1941.0,0.0,1,0,,,7.6,11.7,12.4,35,2022-12-25,511400,4230
MTL-101395,Laval,Triplex,4,2.4,3681,7381.0,1998.0,1.0,0,0,Good,2013.0,9.0,9.9,17.2,69,2022-10-24,565700,5910
MTL-100399,Ahuntsic-Cartierville,Condo,3,2.6,1710,,1948.0,2.0,0,0,Fair,,8.1,7.8,12.2,33,2022-01-27,515400,4890
MTL-102139,Laval,Triplex,3,1.7,4435,,1969.0,2.0,1,0,Good,,7.7,11.3,21.6,38,2023-06-22,704500,5960
MTL-102239,Le Plateau-Mont-Royal,Duplex,4,3.1,2785,5738.0,1993.0,1.0,1,1,Good,2001.0,6.6,16.6,3.1,25,2022-03-26,834000,8850
MTL-102053,Longueuil,Townhouse,3,2.3,1642,3862.0,,,1,0,Poor,,5.6,7.8,14.8,13,2022-08-25,347800,2830
MTL-101134,NDG (Notre-Dame-de-Grâce),Condo,1,1.0,970,0.0,1944.0,0.0,1,0,Good,,8.3,7.0,6.8,53,2023-05-06,368800,2830
MTL-101061,Saint-Laurent,Triplex,4,3.5,3955,,1999.0,0.0,1,0,,,8.8,6.6,14.1,23,2022-01-31,655200,5900
MTL-100589,Le Plateau-Mont-Royal,Condo,2,1.7,948,0.0,2012.0,3.0,1,1,Fair,,8.8,17.1,2.7,14,2022-04-16,551200,4570
MTL-100673,Rosemont-La Petite-Patrie,Condo,1,1.0,1368,0.0,,1.0,0,0,Fair,,8.8,19.3,6.7,22,2021-06-17,437100,4710
MTL-102116,Verdun,Triplex,5,4.0,3856,13615.0,2021.0,1.0,0,0,Fair,,8.3,17.4,8.0,23,2022-08-05,766900,6790
MTL-100106,Griffintown,Condo,2,1.2,1212,0.0,1948.0,1.0,0,0,Good,,5.9,18.8,2.7,44,2021-11-16,586900,4370
MTL-101346,Griffintown,Townhouse,3,2.6,2072,4516.0,1930.0,1.0,1,0,Fair,,7.0,21.8,1.9,19,2021-02-09,798000,8530
MTL-101375,Laval,Detached,2,,1702,3742.0,1996.0,,1,0,Good,,6.5,7.8,15.0,38,2021-03-15,355400,3260
MTL-101380,Le Plateau-Mont-Royal,Semi-Detached,4,3.0,2765,8427.0,1933.0,1.0,1,0,Fair,1944.0,7.2,15.6,1.0,35,2022-06-25,752700,6460
MTL-100835,Griffintown,Duplex,4,2.8,2996,4984.0,2015.0,2.0,1,0,Good,,,22.6,2.7,28,2021-08-12,907400,8840
MTL-101739,Griffintown,Condo,3,2.4,1302,,1942.0,2.0,1,0,Good,,6.5,14.7,2.1,30,2023-11-30,587300,4380
MTL-100251,Griffintown,Duplex,6,4.7,3425,,1993.0,0.0,1,0,Good,2022.0,5.3,,3.3,56,2021-07-18,1107400,8250
MTL-100666,Ville-Marie (Downtown),Townhouse,4,2.3,2543,7596.0,1937.0,0.0,1,0,Fair,,5.8,21.1,1.9,17,2022-06-17,823500,7510
MTL-102114,NDG (Notre-Dame-de-Grâce),Condo,2,1.8,1443,0.0,1937.0,0.0,1,0,Excellent,,7.9,10.0,7.7,48,2023-01-11,549300,5710
MTL-101871,Le Plateau-Mont-Royal,Detached,2,1.2,2390,,1947.0,0.0,1,0,Good,,8.6,21.7,1.2,34,2023-02-21,705600,5020
MTL-100390,Saint-Laurent,Condo,1,1.0,951,0.0,1943.0,0.0,1,0,Excellent,,7.4,12.6,14.2,39,2022-01-03,300600,2130
MTL-101467,Griffintown,Condo,1,1.0,1407,0.0,,0.0,0,0,Good,,7.2,12.7,2.5,35,2023-06-16,712000,5880
MTL-102129,Griffintown,Semi-Detached,5,3.4,2573,,1963.0,0.0,1,0,Good,,8.0,24.4,2.5,31,2022-03-29,985800,7860
MTL-101239,Le Plateau-Mont-Royal,Semi-Detached,5,3.8,2854,,,3.0,1,0,Good,2011.0,9.0,17.8,4.2,20,2022-12-08,1125400,9230
MTL-101362,NDG (Notre-Dame-de-Grâce),Detached,3,2.6,2695,4300.0,1927.0,0.0,0,0,Fair,,7.8,10.4,8.1,9,2023-08-22,619400,6280
MTL-100794,Westmount,Townhouse,3,2.5,1938,6264.0,,0.0,1,0,Good,,8.8,4.9,2.5,32,2023-02-16,916400,10080
MTL-101984,Le Plateau-Mont-Royal,Condo,3,2.6,1554,,1937.0,0.0,1,0,Excellent,,7.4,20.0,3.4,10,2022-04-24,709800,6670
MTL-101933,Rosemont-La Petite-Patrie,Townhouse,2,1.3,1636,1837.0,1985.0,1.0,0,0,Good,,6.4,10.6,8.2,36,2021-02-16,487100,5310
MTL-100056,Outremont,Semi-Detached,3,1.8,2186,3802.0,2007.0,2.0,1,0,Excellent,,9.9,3.7,3.9,43,2021-11-28,1180800,8630
MTL-100668,Le Plateau-Mont-Royal,Duplex,3,2.1,3142,7962.0,1925.0,0.0,1,0,Good,,6.6,12.7,4.1,33,2021-10-11,731400,6500
MTL-101656,Rosemont-La Petite-Patrie,Semi-Detached,3,2.6,1728,3849.0,1944.0,0.0,1,0,Fair,,7.8,13.7,6.5,41,2022-06-24,535200,5660
MTL-100681,Ville-Marie (Downtown),Condo,2,1.2,982,0.0,2002.0,,0,0,Good,2015.0,6.8,30.5,2.6,53,2022-08-30,522700,4660
MTL-100803,Rosemont-La Petite-Patrie,Condo,3,1.9,1584,0.0,2021.0,2.0,1,1,Fair,,8.1,16.1,6.6,40,2023-03-26,691700,6320
MTL-101205,Ahuntsic-Cartierville,Townhouse,5,,2240,7523.0,1971.0,2.0,1,0,Good,,7.3,15.6,9.4,26,2022-06-24,611200,4300
MTL-101077,NDG (Notre-Dame-de-Grâce),Detached,3,1.8,2483,9098.0,1984.0,2.0,1,0,Fair,,7.3,6.1,9.2,20,2022-10-17,647900,5170
MTL-100151,Le Plateau-Mont-Royal,Detached,3,1.8,2123,4119.0,1977.0,1.0,0,0,Fair,,6.6,17.6,4.5,40,2021-02-02,624100,5570
MTL-101524,Verdun,Duplex,3,2.2,3278,11697.0,1945.0,2.0,1,0,Good,1982.0,8.9,9.3,6.7,57,2022-08-15,767700,7050
MTL-102309,Griffintown,Triplex,3,2.2,3579,10576.0,1970.0,3.0,1,0,Fair,,6.6,20.7,1.6,35,2021-07-01,781600,5830
MTL-100827,Griffintown,Semi-Detached,2,1.7,2290,6206.0,1960.0,1.0,1,0,Fair,,6.0,,3.3,26,2022-03-30,765500,7500
MTL-101254,NDG (Notre-Dame-de-Grâce),Condo,2,1.8,1085,0.0,1921.0,1.0,1,0,Excellent,,7.6,15.2,9.5,44,2023-03-14,368200,2990
MTL-100524,Laval,Condo,2,1.3,1376,0.0,1986.0,,0,0,Good,,8.5,7.7,16.0,14,2021-11-28,466800,4250
MTL-101265,Outremont,Condo,2,1.7,1159,0.0,1943.0,0.0,0,0,Good,,,8.1,3.3,56,2022-05-04,622200,6640
MTL-100405,Longueuil,Condo,3,2.7,1635,0.0,1974.0,1.0,1,0,Fair,,7.0,6.1,18.8,25,2021-12-03,411700,4320
MTL-100257,NDG (Notre-Dame-de-Grâce),Townhouse,3,2.6,1618,5180.0,1986.0,1.0,1,0,Good,2000.0,8.0,11.0,8.4,41,2021-10-24,561400,4620
MTL-102366,Le Plateau-Mont-Royal,Detached,3,2.1,2363,6705.0,1989.0,2.0,1,0,Good,,6.1,14.0,2.7,60,2021-10-09,879900,6800
MTL-100185,NDG (Notre-Dame-de-Grâce),Condo,3,2.5,1455,0.0,1921.0,1.0,0,1,Excellent,,8.1,9.5,5.3,17,2021-01-24,576600,6010
MTL-100473,Longueuil,Duplex,5,4.3,2618,6837.0,1939.0,3.0,1,0,Fair,1983.0,5.7,11.7,15.7,54,2022-07-20,390800,4050
MTL-100812,Le Plateau-Mont-Royal,Duplex,5,2.8,3026,4875.0,1936.0,,1,0,Good,,8.0,10.9,1.1,43,2022-03-24,822200,7320
MTL-101166,Laval,Triplex,4,3.2,3713,5591.0,1977.0,1.0,0,1,Fair,1990.0,7.5,5.9,18.3,21,2023-05-13,527900,5280
MTL-100364,Longueuil,Detached,3,2.0,1790,3028.0,1977.0,3.0,0,0,Fair,,6.4,7.7,11.5,24,2021-07-18,338400,2480
MTL-102453,Griffintown,Duplex,5,3.2,3124,9155.0,,0.0,0,1,Good,,7.1,19.9,2.7,47,2021-04-22,926500,7430
MTL-101858,Laval,Semi-Detached,5,4.2,2559,8818.0,1934.0,3.0,1,1,Good,2002.0,6.1,4.0,15.4,68,2023-08-24,572900,6270
MTL-101350,Laval,Detached,2,1.7,2041,5131.0,1963.0,0.0,1,0,Excellent,,7.5,10.4,13.1,46,2021-01-25,500500,3850
MTL-100329,Ville-Marie (Downtown),Condo,2,1.2,1415,0.0,,1.0,1,0,Excellent,,,24.8,2.9,25,2021-04-20,817700,5850
MTL-100512,Longueuil,Condo,3,2.3,1041,0.0,1961.0,1.0,1,0,,,5.2,10.8,19.1,32,2021-01-10,272800,2440
MTL-100662,Rosemont-La Petite-Patrie,Condo,3,2.1,1676,0.0,1982.0,,0,0,Good,2006.0,8.7,17.8,7.8,37,2022-08-16,714100,6430
MTL-100345,Rosemont-La Petite-Patrie,Detached,3,2.3,2068,7084.0,1943.0,2.0,0,0,Poor,,6.0,11.4,4.9,22,2023-04-03,434500,4310
MTL-101603,Griffintown,Condo,3,,1052,0.0,1953.0,1.0,1,0,Fair,2005.0,6.4,24.1,3.6,52,2022-06-28,507000,4220
MTL-100832,Le Plateau-Mont-Royal,Condo,3,2.5,1473,0.0,1933.0,0.0,0,0,,1974.0,6.4,17.3,4.4,42,2022-11-06,539200,4190
MTL-100683,NDG (Notre-Dame-de-Grâce),Condo,1,,1181,0.0,1946.0,2.0,0,0,Good,,7.3,9.5,6.1,16,2021-01-02,400100,2910
MTL-102191,Longueuil,Detached,3,2.1,2135,,1944.0,0.0,0,0,Good,1972.0,7.4,10.0,15.1,31,2021-05-07,369800,2610
MTL-101676,Outremont,Semi-Detached,4,2.5,1884,4636.0,1953.0,2.0,1,0,Excellent,,8.1,6.0,4.9,30,2023-10-26,922300,8110
MTL-102462,NDG (Notre-Dame-de-Grâce),Condo,3,2.2,1458,0.0,1996.0,0.0,0,0,Fair,,8.1,,9.7,32,2023-07-15,506600,5450
MTL-100772,Le Plateau-Mont-Royal,Duplex,4,2.3,3178,11825.0,1956.0,3.0,0,0,Fair,,8.9,10.9,4.8,35,2021-06-11,851100,6780
MTL-100066,Le Plateau-Mont-Royal,Condo,2,1.7,1509,,1929.0,0.0,1,0,Excellent,2013.0,8.8,21.7,1.1,33,2022-03-13,795300,6860
MTL-101950,Outremont,Detached,4,2.8,2495,,1948.0,2.0,1,1,Poor,,9.2,5.6,2.8,40,2022-04-28,831600,7900
MTL-102258,Ville-Marie (Downtown),Detached,4,2.5,2860,8556.0,1995.0,2.0,1,0,,,5.4,19.0,1.1,14,2022-05-20,1204600,11500
MTL-101715,Saint-Laurent,Triplex,4,2.7,4130,5307.0,1971.0,2.0,1,0,Fair,1983.0,6.3,10.7,13.7,17,2022-01-10,648600,6200
MTL-100234,Le Plateau-Mont-Royal,Townhouse,3,1.7,1460,5222.0,,3.0,1,0,Good,,8.6,19.7,3.3,25,2021-10-05,571500,5790
MTL-100645,Longueuil,Detached,3,,3116,5459.0,1963.0,1.0,0,0,Good,2012.0,7.0,12.1,14.3,43,2021-05-27,606000,5260
MTL-101666,Le Plateau-Mont-Royal,Condo,1,1.0,664,0.0,2013.0,1.0,0,0,,2017.0,8.5,19.6,5.0,25,2021-03-12,323200,2970
MTL-101822,Rosemont-La Petite-Patrie,Duplex,6,4.6,3632,9512.0,2016.0,3.0,1,0,Fair,,6.3,15.6,8.6,20,2022-04-16,749300,5820
MTL-102077,Verdun,Condo,2,1.6,891,,1954.0,1.0,0,0,Excellent,,8.8,8.0,8.7,23,2021-04-10,415500,3160
MTL-101138,Verdun,Condo,2,1.5,1427,0.0,1978.0,1.0,1,0,Excellent,,,12.5,8.0,33,2023-12-08,595200,6360
MTL-100541,Rosemont-La Petite-Patrie,Townhouse,4,2.6,2597,8102.0,2002.0,2.0,1,0,Good,,6.9,17.7,6.0,56,2022-01-10,1004800,8120
MTL-101313,Laval,Semi-Detached,3,2.0,2370,3067.0,2019.0,2.0,0,0,Good,,7.0,4.1,21.1,7,2022-10-27,642500,6230
MTL-102416,Griffintown,Condo,1,1.0,1371,0.0,2016.0,1.0,1,0,Fair,,6.8,17.9,2.1,22,2023-10-06,716300,7480
MTL-100200,NDG (Notre-Dame-de-Grâce),Semi-Detached,3,2.7,1433,1900.0,1939.0,2.0,1,0,Excellent,1997.0,,9.2,7.1,53,2021-12-05,476700,4750
MTL-101963,Griffintown,Condo,2,1.4,836,0.0,1995.0,0.0,1,1,Excellent,,6.7,25.0,3.3,44,2023-10-04,558300,5480
MTL-101295,Le Plateau-Mont-Royal,Duplex,6,4.1,3110,7821.0,1974.0,1.0,1,0,Excellent,,6.8,12.5,4.2,15,2023-07-19,970300,7010
MTL-100306,Verdun,Duplex,4,3.2,3395,,2015.0,2.0,1,0,Fair,2016.0,7.6,8.2,4.2,48,2022-01-21,841300,6500
MTL-101308,Ville-Marie (Downtown),Condo,2,1.1,1259,0.0,1929.0,0.0,1,0,Poor,,6.0,,2.7,36,2022-07-24,412800,3290
MTL-100129,Verdun,Detached,4,3.3,2726,6772.0,,1.0,0,0,Good,,7.8,10.3,7.5,35,2021-03-30,802900,7860
MTL-100395,Longueuil,Townhouse,3,2.5,2278,7307.0,2007.0,1.0,1,0,Good,,5.0,12.6,14.7,19,2021-09-13,572800,4330
MTL-102388,NDG (Notre-Dame-de-Grâce),Condo,1,1.0,792,0.0,1973.0,1.0,1,0,Poor,,8.9,9.8,9.9,26,2022-07-10,283300,3050
MTL-101929,Outremont,Triplex,5,4.2,3990,5973.0,1942.0,1.0,1,0,Poor,1951.0,8.1,5.4,5.9,37,2022-10-18,881100,8010
MTL-100326,Rosemont-La Petite-Patrie,Duplex,3,2.6,2861,7409.0,2000.0,1.0,1,0,Poor,,6.4,11.3,4.7,41,2022-07-01,562800,3950
MTL-100191,Longueuil,Semi-Detached,4,3.4,2670,4718.0,2012.0,0.0,0,0,Fair,,5.1,8.5,13.2,34,2023-12-06,568400,4300
MTL-100722,Outremont,Condo,2,1.2,1089,0.0,2018.0,2.0,0,0,Good,,10.0,3.9,5.7,15,2022-06-04,702100,5770
MTL-101854,Longueuil,Semi-Detached,2,1.2,1853,5085.0,1947.0,1.0,1,0,Good,,7.9,8.2,18.1,59,2022-02-11,379900,4160
MTL-100307,Ville-Marie (Downtown),Condo,2,1.7,680,0.0,1925.0,2.0,1,0,,2009.0,5.9,18.1,2.7,13,2021-09-30,263600,2330
MTL-101064,Griffintown,Detached,3,2.2,2713,8541.0,1984.0,1.0,1,0,Excellent,2000.0,7.1,13.5,1.8,14,2022-07-25,1323900,12590
MTL-101397,Ville-Marie (Downtown),Triplex,4,3.0,3772,,2005.0,2.0,1,0,Excellent,,6.2,31.2,1.4,43,2023-12-24,1045900,7690
MTL-100495,Griffintown,Triplex,4,2.6,4286,11177.0,1996.0,0.0,1,0,Fair,1999.0,5.9,24.9,1.1,51,2021-12-29,1006500,9140
MTL-100384,Ahuntsic-Cartierville,Condo,2,1.2,858,0.0,1942.0,3.0,1,0,Good,,7.9,6.1,10.2,19,2021-05-10,251200,1790
MTL-100582,Verdun,Condo,3,1.9,1992,,1926.0,1.0,1,1,Fair,,7.3,13.6,7.1,61,2021-06-27,699400,5520
MTL-100397,Griffintown,Condo,2,1.4,1300,0.0,1964.0,0.0,1,0,Good,,5.9,20.7,2.5,29,2021-06-27,597600,6090
MTL-102450,Ville-Marie (Downtown),Detached,3,2.2,2545,5742.0,1990.0,0.0,1,0,,,5.7,21.5,1.9,28,2022-07-05,830600,8090
MTL-101629,Verdun,Condo,2,1.8,1131,0.0,1983.0,0.0,1,0,Excellent,,6.3,17.8,6.0,68,2021-06-21,484600,4670
MTL-100161,NDG (Notre-Dame-de-Grâce),Townhouse,2,1.5,1798,2193.0,1967.0,2.0,0,0,Excellent,,8.7,14.2,7.0,34,2021-02-21,593700,5060
MTL-101334,Saint-Laurent,Detached,3,2.6,2876,6224.0,1935.0,3.0,1,0,Fair,,8.5,7.4,13.4,26,2021-02-23,606900,5210
MTL-102270,Outremont,Condo,1,1.0,23190,0.0,1993.0,,0,0,Fair,,9.3,5.3,5.5,30,2023-03-09,857000,7380
MTL-101103,Longueuil,Condo,3,1.8,758,0.0,1921.0,0.0,1,0,Excellent,1974.0,7.1,6.3,10.4,55,2022-01-28,210600,2050
MTL-100936,Westmount,Condo,2,1.4,1005,0.0,1962.0,1.0,1,1,,,,10.0,5.8,46,2021-05-25,652000,6070
MTL-101039,Ville-Marie (Downtown),Condo,3,2.6,1330,0.0,2012.0,0.0,1,0,Excellent,,7.7,24.4,2.9,23,2023-08-06,743700,6520
MTL-101366,Ahuntsic-Cartierville,Detached,3,2.1,2420,6091.0,1974.0,1.0,0,0,Good,,6.7,6.5,12.1,30,2023-10-14,602200,5410
MTL-101274,Verdun,Duplex,4,3.5,3553,7480.0,1947.0,2.0,1,0,Good,,7.0,13.4,5.1,40,2023-11-03,892900,6740
MTL-102292,Le Plateau-Mont-Royal,Condo,1,1.0,1324,0.0,2006.0,1.0,0,0,Good,,9.0,19.2,3.5,16,2023-10-12,650000,6280
MTL-101926,Rosemont-La Petite-Patrie,Condo,2,1.3,639,0.0,,2.0,1,0,Good,,8.7,19.7,8.9,59,2021-10-22,264000,2210
MTL-101949,Verdun,Duplex,3,2.0,3219,6516.0,2003.0,0.0,1,0,Fair,,6.4,8.8,6.5,25,2021-02-26,769000,5470
MTL-102068,Le Plateau-Mont-Royal,Condo,1,1.0,1000,0.0,2021.0,1.0,1,0,Poor,,6.5,14.3,4.7,32,2023-12-22,495100,4460
MTL-100569,Griffintown,Duplex,6,4.5,3418,5724.0,1924.0,3.0,1,0,Excellent,,5.4,24.9,1.4,47,2022-07-11,983100,8910
MTL-101159,Westmount,Townhouse,4,3.4,2518,5881.0,1940.0,2.0,1,1,Good,,9.8,8.4,4.9,43,2021-02-27,1226600,9170
MTL-101560,Griffintown,Condo,1,1.0,1101,,,0.0,1,0,Good,2017.0,6.8,12.9,1.6,41,2021-07-30,678200,5290
MTL-101591,Saint-Laurent,Detached,3,1.7,2485,8560.0,1962.0,1.0,1,0,Good,,8.1,8.9,9.4,39,2022-03-22,544300,5180
MTL-101880,NDG (Notre-Dame-de-Grâce),Condo,2,1.1,1033,0.0,1947.0,1.0,1,0,Fair,,7.5,6.3,9.1,54,2021-04-25,361500,2960
MTL-102081,Outremont,Condo,2,1.5,1018,0.0,1979.0,1.0,1,1,Good,1984.0,9.9,6.1,2.2,24,2021-10-06,723900,7790
MTL-100047,Rosemont-La Petite-Patrie,Detached,3,1.9,2757,8363.0,1927.0,1.0,0,0,Good,,8.9,9.9,5.9,56,2022-01-16,814100,7300
MTL-100029,Westmount,Townhouse,2,1.3,1274,4343.0,1946.0,1.0,0,1,Good,,9.7,3.9,3.5,15,2021-06-27,667100,4930
MTL-101595,Rosemont-La Petite-Patrie,Detached,3,2.6,2112,6534.0,1962.0,2.0,1,0,Good,1988.0,7.4,8.5,5.3,51,2022-10-13,663000,6350
MTL-101925,Outremont,Detached,2,1.6,1809,6301.0,2022.0,1.0,1,0,Excellent,2022.0,8.6,8.7,3.1,33,2021-03-16,1060900,10380
MTL-100501,Rosemont-La Petite-Patrie,Triplex,3,2.4,4172,14158.0,2004.0,1.0,1,0,Fair,,7.1,9.7,4.2,43,2023-06-20,835200,6980
MTL-101846,Le Plateau-Mont-Royal,Triplex,4,3.3,3962,7612.0,2004.0,1.0,0,0,Good,,6.5,16.8,3.8,27,2021-04-21,914800,6540
MTL-102297,Westmount,Triplex,4,3.1,4329,11149.0,1970.0,0.0,0,0,Excellent,2001.0,8.5,6.3,2.2,93,2021-10-28,1516300,16240
MTL-101185,Longueuil,Semi-Detached,4,,2270,5333.0,,0.0,1,0,Good,,5.9,12.3,14.3,24,2023-05-08,447100,4600
MTL-101268,Rosemont-La Petite-Patrie,Condo,1,1.0,1067,0.0,1986.0,2.0,1,0,Fair,,7.3,10.9,7.9,33,2023-06-11,414200,3420
MTL-101856,Ahuntsic-Cartierville,Condo,2,1.7,1427,0.0,1929.0,2.0,1,0,Good,,7.0,10.3,11.0,30,2023-10-16,449900,3400
MTL-101862,Le Plateau-Mont-Royal,Duplex,6,4.2,3663,5597.0,2019.0,1.0,1,0,Good,,6.6,13.7,2.7,16,2023-06-15,1123500,9660
MTL-101794,Westmount,Detached,3,2.6,2426,2945.0,1971.0,1.0,1,0,Fair,2023.0,9.5,7.3,5.5,19,2021-01-01,1069300,8710
MTL-102209,Longueuil,Duplex,5,3.7,3820,13462.0,1966.0,1.0,1,0,Good,,5.5,12.1,11.6,42,2021-03-19,584300,4800
MTL-100432,Rosemont-La Petite-Patrie,Condo,2,1.5,1228,0.0,1957.0,3.0,1,1,Fair,,7.6,10.7,5.5,53,2023-04-06,518900,4600
MTL-100996,Longueuil,Triplex,4,3.6,4169,8180.0,1952.0,0.0,1,1,Fair,,6.3,11.0,14.9,56,2023-09-30,475300,4030
MTL-102380,Laval,Condo,2,1.4,1290,0.0,1950.0,,0,0,Good,,8.8,9.9,12.8,59,2021-02-03,367400,2650
MTL-102326,Laval,Duplex,3,2.1,2787,8828.0,1982.0,2.0,0,0,Fair,,7.3,6.0,17.3,19,2023-04-22,472900,4100
MTL-100366,Saint-Laurent,Semi-Detached,4,2.5,2667,7128.0,2012.0,2.0,1,0,Poor,,7.7,12.3,10.3,46,2021-04-01,600500,6190
MTL-101076,Griffintown,Condo,1,1.0,1078,0.0,1993.0,1.0,1,0,Fair,,,24.9,3.6,40,2022-05-02,493000,4010
MTL-101078,Le Plateau-Mont-Royal,Duplex,4,2.7,3400,5132.0,1921.0,1.0,0,0,Good,,7.5,15.4,4.2,56,2023-06-17,758100,5330
MTL-100260,Rosemont-La Petite-Patrie,Condo,1,1.0,934,,2000.0,1.0,1,0,Good,2015.0,7.6,18.3,4.2,34,2021-11-14,417700,3440
MTL-100556,Le Plateau-Mont-Royal,Semi-Detached,2,1.3,2322,8256.0,1958.0,1.0,1,0,Fair,,8.1,21.4,1.3,21,2023-03-25,660700,5960
MTL-102066,Le Plateau-Mont-Royal,Condo,1,1.0,824,0.0,1954.0,0.0,1,0,Good,,7.1,14.0,1.5,49,2023-01-12,387500,4180
MTL-100572,Griffintown,Condo,3,2.4,1169,0.0,1953.0,0.0,1,0,Good,,6.4,15.6,3.5,28,2022-08-26,545200,5560
MTL-102430,Rosemont-La Petite-Patrie,Detached,3,2.5,2252,5903.0,2021.0,1.0,1,0,Excellent,,8.0,16.6,4.8,32,2022-09-10,842600,6370
MTL-100599,Westmount,Detached,4,,3040,9066.0,1930.0,1.0,1,0,Fair,,8.6,4.2,4.6,43,2022-12-19,1184800,10850
MTL-102221,Rosemont-La Petite-Patrie,Condo,1,1.0,825,0.0,,0.0,1,0,Excellent,,6.6,17.4,4.2,15,2023-07-24,357900,2930
MTL-102041,Rosemont-La Petite-Patrie,Semi-Detached,3,2.0,2776,10090.0,1956.0,0.0,1,0,Fair,2015.0,6.7,9.6,4.3,17,2023-10-28,748000,7620
MTL-100419,Ahuntsic-Cartierville,Condo,1,1.0,822,0.0,1972.0,0.0,1,0,Fair,1994.0,6.6,15.4,11.5,45,2022-05-02,265600,2340
MTL-102136,Outremont,Condo,3,2.6,1282,0.0,1934.0,0.0,0,0,Good,,8.6,3.5,3.5,15,2023-09-28,632500,5440
MTL-101302,Westmount,Triplex,4,2.9,3843,4368.0,1970.0,2.0,0,0,Fair,,8.8,5.0,4.7,15,2022-12-08,953000,6890
MTL-101246,Le Plateau-Mont-Royal,Duplex,3,1.8,2920,8785.0,1925.0,2.0,0,0,Excellent,2009.0,7.5,16.0,2.7,38,2023-05-07,727600,5410
MTL-101232,Le Plateau-Mont-Royal,Detached,4,2.6,2778,7634.0,2005.0,3.0,1,0,,2007.0,,17.8,2.6,38,2021-09-08,1280200,12560
MTL-101448,Longueuil,Condo,1,1.0,1174,0.0,1960.0,1.0,0,0,Excellent,1986.0,5.9,11.9,16.9,31,2022-01-13,317300,2980
MTL-101812,Ville-Marie (Downtown),Condo,1,1.0,568,,1984.0,0.0,1,0,Excellent,,6.9,30.6,1.7,68,2022-03-13,236200,2480
MTL-101466,Saint-Laurent,Condo,2,1.5,1076,0.0,2017.0,2.0,1,0,Good,,7.4,11.1,14.9,63,2022-06-13,445600,3350
MTL-100275,Verdun,Detached,3,1.7,2858,9570.0,1977.0,1.0,0,0,Good,1980.0,6.7,17.3,4.3,30,2021-10-16,793800,8710
MTL-100705,Saint-Laurent,Triplex,4,2.6,4364,15628.0,1974.0,1.0,1,0,Excellent,,6.3,13.1,13.7,18,2022-03-08,784600,7400
MTL-100453,Longueuil,Detached,3,1.7,2746,7921.0,,2.0,0,0,Fair,2019.0,5.0,6.6,15.7,22,2021-01-08,539700,5400
MTL-100113,Laval,Duplex,5,3.4,3382,3732.0,1998.0,0.0,0,0,Good,,8.1,4.1,16.3,30,2023-03-09,644600,6120
MTL-100071,Le Plateau-Mont-Royal,Townhouse,4,3.0,2356,,1982.0,1.0,1,0,Fair,,7.8,10.9,5.0,49,2021-11-06,931600,7670
MTL-102028,Ville-Marie (Downtown),Semi-Detached,3,2.7,2420,3537.0,2018.0,0.0,1,0,Good,,6.6,34.5,2.9,33,2022-12-11,950900,9440
MTL-102130,Le Plateau-Mont-Royal,Condo,1,1.0,1243,0.0,1999.0,2.0,1,0,Good,,7.0,21.4,4.3,55,2021-02-17,640400,5710
MTL-102452,Rosemont-La Petite-Patrie,Detached,3,2.1,2457,9188.0,1977.0,0.0,1,0,Good,,6.8,19.0,8.4,36,2022-08-08,674000,5280
MTL-102063,Verdun,Condo,2,1.5,1104,0.0,,2.0,1,0,Excellent,,7.7,11.7,4.7,41,2021-11-26,475900,4120
MTL-101825,Rosemont-La Petite-Patrie,Townhouse,4,3.5,2054,3475.0,1927.0,3.0,1,0,Good,,8.7,10.4,7.1,31,2023-06-18,598500,5560
MTL-100918,Ahuntsic-Cartierville,Condo,1,,1135,0.0,1970.0,0.0,1,0,Good,,8.9,14.9,8.8,8,2021-11-03,410900,3690
MTL-100451,Rosemont-La Petite-Patrie,Duplex,3,1.7,2821,4020.0,1985.0,1.0,1,0,Fair,,7.5,12.2,4.7,19,2021-09-11,616400,4630
MTL-102188,Ahuntsic-Cartierville,Semi-Detached,3,2.1,2446,,1926.0,0.0,0,0,Excellent,,7.8,14.6,12.9,43,2023-03-13,613400,5080
MTL-101514,Le Plateau-Mont-Royal,Duplex,4,2.6,2808,4550.0,2000.0,1.0,0,0,Good,,6.7,18.7,3.9,40,2023-02-11,751400,7430
MTL-101565,Griffintown,Condo,2,1.4,780,0.0,1944.0,0.0,0,0,Fair,2018.0,6.5,18.4,4.0,47,2022-03-20,333500,3620
MTL-100739,Griffintown,Semi-Detached,3,1.8,2002,4617.0,2010.0,0.0,1,0,Good,,7.9,24.0,3.9,35,2023-07-14,768900,6030
MTL-101653,Griffintown,Detached,3,2.2,2427,5472.0,1983.0,1.0,1,0,Good,2018.0,7.5,12.7,1.8,30,2022-12-26,1065500,9870
MTL-100104,Longueuil,Condo,1,1.0,1388,0.0,1933.0,1.0,0,0,Good,,5.5,5.0,16.0,48,2023-09-04,363100,3510
MTL-101857,Verdun,Duplex,4,2.4,3041,,1971.0,0.0,0,0,Good,,6.9,8.9,6.5,28,2023-06-03,661600,5440
MTL-102353,Laval,Detached,3,2.3,2254,3046.0,2022.0,0.0,0,0,Fair,,7.8,11.1,12.6,26,2023-06-18,529600,4990
MTL-102407,Le Plateau-Mont-Royal,Condo,3,1.7,1503,0.0,,1.0,0,0,Good,,7.9,12.6,1.2,19,2021-12-08,772700,6920
MTL-100241,Saint-Laurent,Condo,2,1.2,945,0.0,1924.0,2.0,1,0,Good,,7.5,13.2,10.2,46,2022-12-04,272200,2240
MTL-101988,Verdun,Triplex,3,1.8,3881,10367.0,1941.0,2.0,0,0,Excellent,,7.9,13.9,6.0,23,2022-11-30,855500,6530
MTL-101569,Verdun,Triplex,4,2.4,3969,,1973.0,1.0,0,0,Fair,,8.0,12.1,5.3,41,2021-10-26,749100,5380
MTL-101619,Ahuntsic-Cartierville,Duplex,5,4.3,3270,10047.0,1942.0,0.0,0,0,Good,1977.0,6.8,9.2,10.1,40,2022-02-08,505000,5190
MTL-100096,Rosemont-La Petite-Patrie,Condo,3,1.9,1484,0.0,1964.0,0.0,1,0,Good,2007.0,6.6,10.3,8.4,34,2023-01-13,613800,4810
MTL-101190,Outremont,Triplex,5,3.5,4423,15313.0,1932.0,1.0,0,0,Excellent,,9.8,7.5,4.0,68,2021-03-26,1099600,10000
MTL-100084,Ville-Marie (Downtown),Semi-Detached,3,2.2,2276,6075.0,1974.0,1.0,1,0,Good,,6.1,30.8,2.6,26,2021-06-22,735000,5320
MTL-101718,Saint-Laurent,Duplex,3,2.5,3328,3730.0,1934.0,1.0,1,0,Excellent,2014.0,8.9,,13.2,18,2023-07-27,662400,7180
MTL-100009,NDG (Notre-Dame-de-Grâce),Townhouse,3,2.6,2200,8115.0,,2.0,0,0,Good,1994.0,7.8,7.2,8.3,6,2022-01-01,733300,5170
MTL-100878,Westmount,Condo,2,1.5,1550,,2005.0,2.0,1,0,Excellent,,9.0,8.8,2.8,22,2021-06-09,1251100,11900
MTL-101339,Westmount,Duplex,4,2.3,2811,6383.0,1939.0,2.0,1,0,Good,,8.5,5.7,3.5,37,2022-12-29,860900,6570
MTL-100773,Griffintown,Semi-Detached,4,,2781,8969.0,2001.0,0.0,1,0,Good,,5.0,21.8,3.2,43,2021-06-02,1232600,9080
MTL-101385,Ville-Marie (Downtown),Townhouse,4,3.2,1343,2017.0,1960.0,1.0,0,0,Fair,,7.5,21.3,0.3,53,2023-04-26,411400,3680
MTL-100276,Laval,Condo,1,1.0,1492,0.0,1996.0,2.0,1,0,Fair,2004.0,8.4,6.1,14.8,9,2023-03-05,496300,5080
MTL-101408,Rosemont-La Petite-Patrie,Semi-Detached,3,2.2,2270,6119.0,1969.0,1.0,0,1,Fair,,8.7,17.7,4.2,43,2022-08-07,604500,6320
MTL-101592,Le Plateau-Mont-Royal,Detached,3,2.2,2361,5606.0,2019.0,1.0,1,0,Fair,,8.7,16.4,2.3,74,2021-06-24,881000,6480
MTL-101372,Laval,Condo,3,2.4,1059,0.0,1979.0,0.0,1,0,Fair,,7.6,8.0,14.9,42,2021-05-03,319800,2910
MTL-100088,Longueuil,Condo,2,1.5,1283,0.0,1998.0,3.0,1,0,Good,2015.0,5.8,8.4,12.0,45,2021-11-17,433300,4380
MTL-100090,Le Plateau-Mont-Royal,Triplex,3,1.9,4186,6502.0,2005.0,1.0,0,0,Excellent,,6.9,19.5,3.0,30,2021-05-06,1047600,9000
MTL-100280,Longueuil,Condo,3,2.1,400,0.0,1985.0,0.0,0,0,Good,,6.6,6.6,17.1,43,2022-08-06,97100,1020
MTL-101906,Saint-Laurent,Townhouse,3,1.9,2000,6560.0,1950.0,,1,0,Fair,2018.0,8.8,11.0,11.8,54,2021-03-08,512600,3600
MTL-101484,Ville-Marie (Downtown),Triplex,3,1.7,3568,5245.0,1935.0,2.0,1,0,Poor,,6.7,21.0,2.1,39,2022-09-10,600700,6200
MTL-101823,Ahuntsic-Cartierville,Detached,5,3.5,2907,3851.0,1922.0,3.0,0,0,Good,1969.0,8.4,9.8,8.5,31,2023-10-14,594400,4290
MTL-101324,Saint-Laurent,Condo,1,1.0,501,0.0,1936.0,0.0,1,0,Fair,1949.0,6.6,11.0,15.1,69,2022-04-13,138700,1280
MTL-101426,Westmount,Semi-Detached,5,3.8,2344,7507.0,2018.0,2.0,0,0,Good,2020.0,9.6,7.1,5.4,40,2022-08-04,1297400,9520
MTL-100992,Ville-Marie (Downtown),Townhouse,3,2.1,1650,4812.0,1931.0,0.0,0,0,,2012.0,7.9,27.1,2.0,35,2021-03-14,534700,4010
MTL-100365,Griffintown,Semi-Detached,5,4.5,2537,7438.0,1951.0,3.0,1,0,Good,,5.0,19.8,3.4,10,2022-01-06,868100,7550
MTL-102071,Verdun,Duplex,4,2.3,3424,8546.0,1978.0,2.0,0,0,Fair,1997.0,8.0,,7.7,33,2022-03-23,869800,9230
MTL-100676,Le Plateau-Mont-Royal,Duplex,4,2.5,3205,4150.0,1975.0,1.0,1,1,Good,,7.1,10.7,1.2,44,2022-01-10,954400,9610
MTL-102026,Ahuntsic-Cartierville,Duplex,3,2.6,2733,8876.0,1957.0,1.0,1,0,Fair,,8.2,10.9,12.8,30,2023-12-09,518100,3740
MTL-100998,Saint-Laurent,Condo,2,1.2,841,0.0,1928.0,1.0,0,0,Poor,,8.6,8.0,13.5,31,2022-09-19,201200,1690
MTL-101189,NDG (Notre-Dame-de-Grâce),Condo,1,1.0,795,0.0,1930.0,2.0,0,0,Good,,8.4,9.3,8.4,22,2021-11-12,292300,2590
MTL-101759,Rosemont-La Petite-Patrie,Detached,3,1.8,2543,8021.0,1996.0,1.0,1,0,Fair,2002.0,7.7,13.6,5.7,36,2022-02-06,782200,6360
MTL-101342,Laval,Detached,4,2.5,2695,9345.0,1923.0,2.0,1,0,Good,1989.0,8.1,4.9,16.1,22,2022-09-29,526300,5680
MTL-100094,Ahuntsic-Cartierville,Condo,1,1.0,753,0.0,2014.0,0.0,0,0,Good,2019.0,7.5,7.0,12.7,67,2023-10-14,274700,2320
MTL-101286,Outremont,Semi-Detached,4,2.9,1853,3599.0,1947.0,,1,0,Poor,,8.8,5.1,3.6,39,2023-07-15,656200,5580
MTL-102146,Verdun,Duplex,5,4.1,3544,10063.0,2019.0,0.0,0,0,Fair,2020.0,6.3,12.3,7.7,14,2021-12-13,889000,7010
MTL-100167,Le Plateau-Mont-Royal,Duplex,3,2.4,3296,5383.0,1969.0,1.0,1,0,Good,1988.0,6.3,12.8,2.4,26,2021-11-11,875700,8960
MTL-100496,Rosemont-La Petite-Patrie,Condo,2,1.2,1476,0.0,1951.0,0.0,0,0,Fair,,6.6,19.2,6.1,16,2022-07-26,492200,5310
MTL-101749,Le Plateau-Mont-Royal,Townhouse,3,2.0,2018,4577.0,1957.0,2.0,1,0,Fair,,7.1,19.6,3.9,37,2023-01-24,626500,6590
MTL-100714,Griffintown,Condo,2,1.4,1176,0.0,2000.0,2.0,0,0,Good,2010.0,6.4,17.2,3.2,44,2021-12-20,600400,6500
MTL-101539,Rosemont-La Petite-Patrie,Semi-Detached,4,2.5,2366,4796.0,1957.0,1.0,1,0,Good,,8.3,14.1,6.5,17,2023-07-23,680600,4890
MTL-100331,Ahuntsic-Cartierville,Duplex,4,2.8,2608,9528.0,1948.0,0.0,1,1,Excellent,1996.0,9.0,,9.5,30,2022-07-17,579000,4930
MTL-100219,Laval,Condo,1,1.0,983,0.0,1937.0,1.0,0,0,Good,,7.8,8.3,17.1,51,2023-08-26,257900,2590
MTL-102454,Rosemont-La Petite-Patrie,Detached,5,3.0,3122,6867.0,2012.0,1.0,1,0,Fair,,7.2,15.9,6.3,16,2022-07-31,932200,6840
MTL-101537,NDG (Notre-Dame-de-Grâce),Triplex,6,,4365,15343.0,2008.0,2.0,1,0,Good,,8.9,14.1,7.1,45,2023-12-01,1031000,9190
MTL-100531,Saint-Laurent,Detached,2,1.5,2274,,,1.0,1,0,Fair,2009.0,6.3,12.5,15.1,23,2021-03-11,497700,4250
MTL-101864,Saint-Laurent,Condo,2,1.3,1227,0.0,1981.0,2.0,1,0,Good,,8.2,7.8,11.5,28,2021-12-10,515000,3660
MTL-102332,Rosemont-La Petite-Patrie,Duplex,6,3.6,3313,11641.0,1959.0,1.0,1,0,Excellent,,7.9,12.4,6.2,13,2023-03-24,809100,8110
MTL-101980,Le Plateau-Mont-Royal,Condo,1,1.0,994,0.0,1991.0,2.0,0,1,Excellent,,,18.1,1.6,29,2022-02-01,532800,4190
MTL-100305,Saint-Laurent,Townhouse,3,1.8,1807,6825.0,1924.0,2.0,0,0,Good,,6.8,10.4,13.8,20,2023-08-11,459800,3690
MTL-101649,NDG (Notre-Dame-de-Grâce),Triplex,6,4.4,3742,12236.0,1943.0,2.0,1,0,Good,1999.0,8.7,15.3,6.1,24,2023-10-17,646400,6320
MTL-100196,Ahuntsic-Cartierville,Duplex,5,3.5,3769,13297.0,2014.0,1.0,0,0,Poor,,8.6,7.9,8.1,57,2023-04-02,617400,4610
MTL-101164,Le Plateau-Mont-Royal,Semi-Detached,3,2.2,2346,8831.0,2019.0,0.0,1,0,Fair,2021.0,6.2,17.6,1.3,7,2023-01-04,886100,8740
MTL-101618,Rosemont-La Petite-Patrie,Condo,2,1.8,1115,0.0,1951.0,0.0,0,1,Excellent,,7.2,11.4,8.2,44,2022-07-05,515200,5600
MTL-101146,Laval,Detached,3,2.1,2909,6426.0,1962.0,0.0,1,0,Good,1990.0,8.6,12.0,12.9,51,2021-10-14,681000,5720
MTL-100494,Verdun,Condo,2,1.2,912,,1980.0,2.0,1,0,Good,,7.1,16.8,6.8,54,2023-08-01,384100,3210
MTL-100110,Ville-Marie (Downtown),Triplex,6,4.0,4307,,1939.0,0.0,1,0,Fair,,6.7,,2.3,23,2021-07-28,839700,7470
MTL-101108,NDG (Notre-Dame-de-Grâce),Townhouse,3,2.3,2047,6550.0,1973.0,1.0,1,0,Good,,7.4,11.5,8.3,51,2022-08-20,631700,6720
MTL-101269,Ville-Marie (Downtown),Condo,2,1.2,1289,0.0,1970.0,0.0,1,0,Fair,1991.0,7.7,20.5,2.5,42,2022-07-30,516600,3650
MTL-100369,Outremont,Detached,3,1.7,2753,3783.0,,1.0,0,0,Excellent,,8.5,7.5,4.3,33,2022-07-11,1423000,10280
MTL-100793,Rosemont-La Petite-Patrie,Semi-Detached,5,3.1,2561,9010.0,1930.0,,0,0,Good,1963.0,8.2,9.4,5.6,56,2022-01-11,708900,7790
MTL-100926,Ville-Marie (Downtown),Semi-Detached,4,2.4,2053,5377.0,2000.0,0.0,1,0,Good,,5.3,32.2,0.8,30,2022-03-28,770500,8350
MTL-101815,Saint-Laurent,Condo,1,1.0,958,0.0,2019.0,0.0,1,0,Good,,6.2,12.0,15.1,18,2021-01-15,405300,3100
MTL-100396,Laval,Semi-Detached,2,1.6,2631,,2021.0,2.0,1,0,Excellent,,7.8,9.7,14.2,7,2021-09-04,773500,5680
MTL-101178,Ahuntsic-Cartierville,Triplex,3,2.2,3458,11986.0,1941.0,0.0,0,0,Fair,1957.0,8.9,14.8,7.5,24,2021-09-13,532900,4780
MTL-101215,Le Plateau-Mont-Royal,Condo,3,2.5,1671,0.0,1962.0,2.0,1,0,Good,1989.0,6.2,13.1,1.7,49,2021-04-07,840700,7290
MTL-100797,Rosemont-La Petite-Patrie,Condo,3,2.3,931,0.0,2009.0,0.0,0,0,Fair,,6.9,8.4,7.0,20,2022-05-21,370300,3960
MTL-101298,NDG (Notre-Dame-de-Grâce),Condo,2,1.2,400,0.0,1970.0,1.0,0,0,Good,,7.5,6.3,5.2,41,2023-02-16,135600,1070
MTL-101062,Ahuntsic-Cartierville,Condo,2,1.6,1262,0.0,1972.0,1.0,0,0,Fair,1977.0,7.4,13.6,10.3,64,2021-06-08,357500,2690
MTL-100418,NDG (Notre-Dame-de-Grâce),Detached,3,1.8,2235,2773.0,2001.0,0.0,1,0,Good,2015.0,8.7,6.3,7.1,24,2021-12-23,702500,5330
MTL-100375,Ville-Marie (Downtown),Detached,4,3.0,2820,6144.0,,2.0,1,0,Fair,,5.2,19.0,0.4,51,2021-12-10,806300,8830
MTL-100470,Westmount,Detached,4,3.6,2576,,2005.0,2.0,0,0,Excellent,,9.9,6.9,3.6,65,2022-07-30,1467200,11530
MTL-101541,Outremont,Condo,3,2.0,1299,0.0,1955.0,3.0,1,0,Good,,9.1,9.7,4.1,20,2023-11-23,867700,7770
MTL-102479,Laval,Condo,2,1.5,1133,0.0,1965.0,2.0,1,0,Good,,6.4,6.1,14.0,62,2023-01-25,378600,3790
MTL-101761,Laval,Townhouse,3,2.2,2040,3351.0,1920.0,1.0,1,0,Good,,7.2,7.0,16.8,34,2021-06-21,444800,3720
MTL-100798,NDG (Notre-Dame-de-Grâce),Detached,5,2.8,2866,3223.0,1991.0,0.0,1,0,Good,,8.5,7.1,7.1,32,2021-04-18,896500,9040
MTL-102059,Rosemont-La Petite-Patrie,Townhouse,5,3.8,2486,2851.0,2004.0,0.0,0,0,Good,,6.5,19.5,6.0,51,2022-02-24,743700,7030
MTL-101486,Griffintown,Condo,3,2.0,1125,0.0,1955.0,2.0,0,0,Excellent,,6.1,12.0,2.9,51,2022-01-18,671700,5330
MTL-100538,Verdun,Condo,2,1.3,1172,0.0,1993.0,2.0,1,0,Fair,1996.0,7.1,10.0,6.8,42,2023-04-24,496800,4300
MTL-100983,Outremont,Townhouse,2,1.8,1626,2094.0,1955.0,1.0,1,0,Excellent,2023.0,9.1,5.1,3.0,46,2021-08-02,942300,9800
MTL-100480,NDG (Notre-Dame-de-Grâce),Detached,4,2.5,2732,8705.0,1991.0,,1,0,Poor,2013.0,7.0,7.4,6.9,33,2021-04-07,712600,5910
MTL-101479,Verdun,Detached,2,1.3,2350,8830.0,1955.0,2.0,1,0,Excellent,,6.9,17.9,6.6,30,2023-08-21,796400,6140
MTL-100223,Griffintown,Detached,3,2.4,2495,5913.0,,2.0,1,0,Excellent,1954.0,7.6,23.0,2.7,35,2023-05-22,818200,7760
MTL-100672,Outremont,Condo,2,1.4,1311,0.0,1961.0,2.0,1,1,Excellent,,9.3,10.0,2.2,9,2023-04-18,963300,10010
MTL-101393,Verdun,Detached,4,2.9,2830,9625.0,1937.0,0.0,0,0,Excellent,,8.5,15.7,8.2,50,2021-10-09,907600,8700
MTL-100994,Griffintown,Duplex,3,1.8,2640,9549.0,2000.0,0.0,1,0,Good,,7.6,18.3,2.1,54,2021-07-25,875000,8720
MTL-100580,Verdun,Duplex,3,2.0,2897,3293.0,1999.0,1.0,1,0,Fair,,8.4,9.5,8.1,42,2022-09-02,676500,6530
MTL-101045,Rosemont-La Petite-Patrie,Condo,2,1.5,1132,0.0,1940.0,2.0,1,0,Good,2017.0,8.5,15.7,5.8,49,2021-11-22,437200,4480
MTL-100077,Outremont,Semi-Detached,3,2.4,2431,4950.0,1965.0,,0,0,Fair,2002.0,8.5,4.7,2.8,17,2023-01-16,1067500,8950
MTL-101758,Outremont,Detached,5,4.1,3317,6934.0,1947.0,1.0,0,0,Good,,9.1,3.9,2.9,46,2021-07-18,1315000,10400
MTL-100826,Griffintown,Triplex,5,3.0,5210,11194.0,1966.0,2.0,1,0,Good,,6.6,18.8,1.7,60,2022-05-14,1195800,11100
MTL-100125,Griffintown,Townhouse,4,3.1,2106,,2008.0,1.0,1,0,Good,2018.0,7.8,22.1,2.4,58,2023-03-09,873700,7420
MTL-101252,Le Plateau-Mont-Royal,Condo,1,1.0,1298,0.0,2021.0,3.0,0,1,Good,,8.9,11.8,1.7,25,2023-02-12,719000,6260
MTL-101960,Le Plateau-Mont-Royal,Detached,3,2.4,2693,8129.0,1993.0,,0,0,Excellent,2010.0,7.9,16.3,1.1,13,2021-08-17,1120400,9920
MTL-102308,Le Plateau-Mont-Royal,Condo,2,1.8,1183,0.0,2018.0,0.0,1,0,Fair,,6.9,14.1,2.4,21,2022-04-13,554700,5430
MTL-101596,Ville-Marie (Downtown),Condo,1,1.0,1377,0.0,1986.0,0.0,1,0,Good,,6.1,29.1,0.1,19,2022-04-29,687100,5110
MTL-100576,Le Plateau-Mont-Royal,Townhouse,4,3.1,2198,4364.0,2011.0,1.0,0,0,Fair,,7.0,20.1,4.6,8,2021-06-30,686200,7350
MTL-101575,Outremont,Semi-Detached,4,3.2,2410,7673.0,1935.0,0.0,0,1,Good,1974.0,9.7,4.5,2.0,47,2023-08-08,1015300,8500
MTL-100621,Le Plateau-Mont-Royal,Condo,3,2.3,1444,0.0,1951.0,0.0,0,0,Fair,,7.2,20.0,1.9,31,2023-08-27,506900,5190
MTL-100767,Laval,Semi-Detached,2,1.4,1780,4012.0,1953.0,1.0,1,1,Good,,8.4,8.4,12.1,43,2021-07-12,421300,3800
MTL-101229,Griffintown,Semi-Detached,3,1.9,2518,5746.0,1941.0,2.0,0,0,Good,,5.4,18.7,3.8,40,2021-04-02,951000,10340
MTL-101340,Ville-Marie (Downtown),Semi-Detached,3,,2450,7891.0,1965.0,1.0,0,0,Poor,,7.4,18.4,0.2,22,2022-08-30,785200,6780
MTL-100659,Rosemont-La Petite-Patrie,Condo,2,1.6,1552,0.0,1952.0,2.0,0,0,Excellent,,6.1,11.2,5.6,40,2022-04-23,613700,5580
MTL-102378,Verdun,Detached,4,3.2,2743,9830.0,1941.0,,1,0,Excellent,2004.0,7.4,9.1,6.1,13,2023-10-01,973500,9730
MTL-102408,Saint-Laurent,Duplex,3,1.8,2950,4130.0,2015.0,3.0,1,0,Excellent,,8.2,7.7,13.4,25,2023-02-20,733200,5600
MTL-101517,Longueuil,Townhouse,4,3.3,2272,4848.0,1955.0,2.0,1,0,Excellent,,6.2,11.1,16.2,22,2023-09-08,508100,3640
MTL-102485,Saint-Laurent,Condo,2,1.5,1136,0.0,1922.0,1.0,1,0,Fair,2000.0,6.1,10.9,13.8,31,2022-04-11,292300,2140
MTL-102320,Longueuil,Condo,1,1.0,1401,,1962.0,0.0,0,0,Excellent,,5.6,7.9,18.7,42,2021-05-09,391700,3640
MTL-100259,Outremont,Condo,3,1.9,1136,0.0,2010.0,1.0,0,0,Fair,,9.0,4.7,5.5,9,2022-12-26,653800,7010
MTL-100282,Griffintown,Townhouse,3,2.6,1949,4044.0,,1.0,1,1,Good,,7.9,21.3,2.0,28,2022-07-12,770500,5490
MTL-101614,Ville-Marie (Downtown),Semi-Detached,2,1.3,2066,3447.0,2000.0,0.0,0,0,Fair,2023.0,7.6,26.0,0.8,39,2021-11-21,813400,6720
MTL-101184,Outremont,Duplex,3,2.0,3440,4486.0,1934.0,1.0,1,0,Excellent,2018.0,9.9,3.6,5.1,40,2023-11-26,1454000,11910
MTL-101973,Verdun,Detached,3,1.9,2945,4917.0,1968.0,0.0,1,0,Good,1982.0,6.1,17.4,5.7,26,2021-09-21,874400,6170
MTL-100455,Verdun,Duplex,3,2.2,3305,11201.0,2008.0,1.0,1,0,Good,,6.5,,6.4,71,2023-03-13,825000,6090
MTL-100434,Outremont,Duplex,4,2.6,3530,8546.0,2021.0,1.0,1,0,Fair,2021.0,9.3,10.0,2.3,23,2021-03-30,1384500,14820
MTL-100299,Outremont,Condo,1,1.0,1005,0.0,1967.0,1.0,1,0,Good,,9.2,7.5,4.7,58,2023-10-31,587800,4420
MTL-101762,Outremont,Detached,3,2.4,2389,3430.0,1969.0,2.0,1,0,Good,,10.0,4.2,3.7,17,2021-07-03,1075800,10180
MTL-102389,NDG (Notre-Dame-de-Grâce),Duplex,4,2.6,2959,6875.0,1946.0,3.0,0,0,Fair,,7.7,13.3,9.9,25,2023-11-18,626600,4650
MTL-101932,Rosemont-La Petite-Patrie,Detached,3,2.4,2354,8330.0,1998.0,0.0,1,0,Good,,8.4,8.1,6.3,37,2023-02-21,722400,7160
MTL-100438,NDG (Notre-Dame-de-Grâce),Townhouse,2,1.4,1797,2062.0,1996.0,0.0,0,0,Poor,2011.0,8.8,7.8,6.2,22,2022-09-16,478900,3920
MTL-102024,Griffintown,Triplex,5,2.9,4214,10190.0,2007.0,2.0,1,0,Good,,7.9,23.0,3.0,28,2022-08-23,1060100,8260
MTL-101626,Le Plateau-Mont-Royal,Duplex,5,3.5,3019,5687.0,1952.0,0.0,1,0,Excellent,,7.0,17.6,1.1,48,2022-06-30,844400,8960
MTL-100292,Laval,Semi-Detached,2,1.4,1977,,2002.0,,1,0,Excellent,,8.3,5.1,20.7,34,2023-01-07,554400,5250
MTL-101837,Ville-Marie (Downtown),Townhouse,4,3.6,1991,5989.0,1936.0,,0,0,Excellent,,6.1,29.4,1.8,26,2023-07-28,742000,5930
MTL-100278,NDG (Notre-Dame-de-Grâce),Detached,5,4.3,3142,11859.0,2016.0,2.0,1,0,Good,2016.0,8.8,9.2,8.1,49,2022-08-14,1153100,9810
MTL-100655,Le Plateau-Mont-Royal,Duplex,3,1.8,3058,8520.0,1931.0,0.0,1,0,Good,,6.4,13.2,3.5,27,2021-08-18,688900,6770
MTL-101058,Verdun,Condo,3,2.5,1684,0.0,,1.0,1,1,Good,,6.3,16.6,6.8,42,2023-10-18,729700,5350
MTL-100732,NDG (Notre-Dame-de-Grâce),Condo,2,1.7,1664,0.0,1929.0,1.0,1,0,Poor,,8.3,9.4,6.7,36,2023-07-19,420900,3710
MTL-100553,Rosemont-La Petite-Patrie,Condo,2,1.6,980,0.0,1964.0,0.0,0,0,Fair,,8.3,14.2,4.2,48,2022-07-19,354400,2940
MTL-102142,Ahuntsic-Cartierville,Triplex,5,3.3,4117,5091.0,,0.0,0,0,Good,,8.3,6.0,10.4,33,2022-04-14,708400,5820
MTL-102432,Saint-Laurent,Townhouse,3,1.9,2556,4674.0,1970.0,0.0,0,0,Poor,,6.9,11.7,10.7,26,2022-09-15,517300,5290
MTL-101900,Rosemont-La Petite-Patrie,Condo,1,1.0,1278,0.0,1921.0,2.0,0,0,Fair,1994.0,7.3,13.3,5.9,23,2023-03-01,415200,4260
MTL-102293,Verdun,Condo,2,1.3,1174,0.0,1959.0,1.0,1,0,Good,,8.4,11.0,5.6,32,2022-01-06,481600,4970
MTL-101191,Rosemont-La Petite-Patrie,Semi-Detached,4,3.1,2288,6881.0,2016.0,2.0,1,0,,,7.7,11.7,8.2,14,2023-04-09,780600,6020
MTL-101526,Ville-Marie (Downtown),Detached,2,1.5,1987,5102.0,1971.0,0.0,1,1,Fair,,7.2,23.6,1.3,58,2022-06-01,651100,6310
MTL-101995,NDG (Notre-Dame-de-Grâce),Semi-Detached,4,2.8,2150,6511.0,1980.0,,1,0,,,7.1,8.6,5.3,16,2021-12-30,584600,4940
MTL-101356,Longueuil,Detached,3,1.9,2232,6140.0,2018.0,2.0,1,0,Good,,6.1,6.7,18.0,15,2022-04-23,514700,4840
MTL-101694,Griffintown,Semi-Detached,4,3.4,2432,,1945.0,,0,0,Good,2003.0,7.8,,2.5,56,2023-02-27,858400,6080
MTL-100775,Le Plateau-Mont-Royal,Triplex,4,3.2,4288,,1923.0,1.0,1,0,Fair,,6.2,13.3,2.4,27,2022-01-15,869700,6540
MTL-100426,Verdun,Triplex,6,5.1,4348,9222.0,1940.0,2.0,1,1,Good,2013.0,7.4,15.8,4.3,35,2021-10-12,875400,6240
MTL-101786,NDG (Notre-Dame-de-Grâce),Townhouse,5,3.8,1747,3957.0,2012.0,2.0,1,0,Good,,8.8,10.0,6.5,45,2021-11-12,666800,5160
MTL-101186,NDG (Notre-Dame-de-Grâce),Townhouse,4,2.6,2801,10562.0,1977.0,2.0,0,0,Fair,1993.0,7.4,15.3,7.4,25,2022-01-22,850900,7090
MTL-102197,Laval,Semi-Detached,4,3.2,2497,7603.0,2005.0,1.0,1,0,Fair,,6.6,7.6,18.5,22,2021-02-07,526200,3780
MTL-102274,Saint-Laurent,Condo,2,1.7,968,0.0,2003.0,0.0,1,0,Excellent,,8.2,8.2,14.1,20,2022-01-07,385800,3320
MTL-100865,Rosemont-La Petite-Patrie,Duplex,4,3.3,3054,6145.0,2006.0,1.0,1,0,Fair,2021.0,8.4,9.4,8.0,50,2021-05-13,729100,6960
MTL-101709,NDG (Notre-Dame-de-Grâce),Condo,3,2.3,1539,0.0,1963.0,1.0,1,0,Fair,1964.0,8.3,7.5,6.5,40,2022-12-10,626000,4880
MTL-101792,Verdun,Semi-Detached,3,2.2,3009,5003.0,1982.0,0.0,0,0,Good,,7.2,13.0,4.4,16,2023-10-30,910200,8290
MTL-101245,NDG (Notre-Dame-de-Grâce),Condo,2,1.5,634,0.0,1979.0,0.0,0,0,Good,2002.0,7.4,7.8,5.2,24,2021-11-02,232900,2550
MTL-100900,Le Plateau-Mont-Royal,Condo,2,1.4,918,0.0,1945.0,3.0,1,0,Excellent,1998.0,7.7,15.8,1.8,32,2023-07-18,468000,4680
MTL-101528,Laval,Duplex,4,3.6,2566,4685.0,1950.0,3.0,1,0,Fair,,6.6,8.0,21.7,31,2021-06-30,382700,3540
MTL-100601,Ville-Marie (Downtown),Duplex,4,3.6,3055,,1974.0,2.0,0,0,Fair,1999.0,7.4,32.2,0.4,20,2021-08-04,764200,8130
MTL-101291,Le Plateau-Mont-Royal,Condo,2,1.1,601,0.0,2007.0,1.0,1,0,Excellent,,,13.9,1.1,35,2022-03-06,363000,3250
MTL-100217,Ahuntsic-Cartierville,Townhouse,4,3.5,2258,5416.0,2007.0,2.0,0,0,Good,,8.3,8.2,7.5,23,2022-10-20,622500,4820
MTL-102268,Le Plateau-Mont-Royal,Duplex,4,3.6,2870,6552.0,1961.0,1.0,1,0,Excellent,2014.0,7.2,20.1,4.4,36,2021-09-21,814600,5730
MTL-100213,Le Plateau-Mont-Royal,Detached,4,2.8,2293,8026.0,1935.0,2.0,1,0,Good,2020.0,7.3,17.1,1.8,38,2022-11-24,786700,6970
MTL-100035,Laval,Triplex,4,3.2,4271,10031.0,,1.0,0,0,Fair,,8.1,5.2,20.3,13,2022-07-21,714600,6860
MTL-100367,Longueuil,Duplex,4,2.7,2858,7410.0,1968.0,0.0,1,0,Excellent,,6.0,5.6,18.1,33,2022-02-03,452400,3730
MTL-100012,Laval,Detached,3,1.7,2432,3152.0,,0.0,1,0,Poor,,6.2,8.7,18.6,48,2021-10-24,409700,3480
MTL-100476,Outremont,Triplex,4,3.5,3563,7396.0,1989.0,0.0,1,0,,,8.2,7.0,4.0,42,2022-11-23,1108100,8920
MTL-101720,Le Plateau-Mont-Royal,Condo,2,1.2,1295,0.0,1937.0,1.0,1,0,Good,1955.0,8.8,14.0,4.2,44,2021-04-19,574900,4700
MTL-102282,Verdun,Semi-Detached,2,,2235,4684.0,1996.0,1.0,1,0,Good,1996.0,8.8,17.9,5.5,69,2022-10-02,774900,7060
MTL-101084,Longueuil,Detached,3,,2427,7451.0,2000.0,1.0,0,0,Good,,7.5,10.3,14.5,55,2021-07-28,608500,6270
MTL-102424,Ville-Marie (Downtown),Condo,2,1.5,1238,0.0,1996.0,2.0,1,0,Good,,5.8,33.6,0.6,58,2021-02-05,528300,5060
MTL-101632,NDG (Notre-Dame-de-Grâce),Duplex,5,3.7,2911,7141.0,1987.0,0.0,0,0,Good,,8.5,8.6,6.3,37,2021-10-01,638600,5690
MTL-100013,Le Plateau-Mont-Royal,Semi-Detached,4,2.4,2573,6781.0,1975.0,0.0,1,0,Good,,7.7,11.5,2.5,40,2022-04-10,948500,7210
MTL-102111,Le Plateau-Mont-Royal,Condo,3,1.9,1652,,1997.0,1.0,1,1,Excellent,,8.6,13.7,3.0,33,2023-01-08,1141600,12520
MTL-101023,Saint-Laurent,Condo,1,1.0,940,0.0,1981.0,1.0,1,0,Good,2007.0,6.9,6.1,15.8,50,2023-07-26,303200,3080
MTL-100964,Ville-Marie (Downtown),Condo,2,1.8,1330,0.0,2021.0,1.0,1,0,Good,,5.4,23.1,1.1,52,2021-02-13,695500,5140
MTL-100607,Griffintown,Condo,3,2.2,1111,0.0,2008.0,2.0,1,0,Fair,,5.9,24.7,1.2,47,2021-08-28,551300,5650
MTL-102061,Verdun,Condo,2,1.2,929,0.0,1931.0,1.0,0,0,Good,,7.1,8.4,4.5,27,2022-05-28,325900,2960
MTL-100435,NDG (Notre-Dame-de-Grâce),Condo,2,1.2,1304,0.0,1957.0,0.0,1,0,Good,,7.1,9.3,9.6,25,2021-03-11,473000,4240
MTL-100017,Rosemont-La Petite-Patrie,Detached,3,1.9,2353,5816.0,1957.0,0.0,1,0,Fair,,7.7,16.0,6.2,25,2023-03-22,635200,4660
MTL-101782,Verdun,Condo,2,1.6,1496,0.0,1937.0,2.0,1,0,Good,,7.7,15.7,5.4,28,2021-11-23,690500,6330
MTL-101803,Ville-Marie (Downtown),Semi-Detached,3,2.2,2202,4647.0,2022.0,1.0,0,0,Good,,6.8,,0.8,48,2022-04-16,807800,8820
MTL-102255,Rosemont-La Petite-Patrie,Triplex,4,2.6,4337,5477.0,2012.0,2.0,1,0,Good,2015.0,,19.4,7.5,31,2022-06-17,937500,9730
MTL-101114,Rosemont-La Petite-Patrie,Detached,3,1.9,2431,7795.0,,0.0,0,0,Fair,,7.6,12.4,4.6,61,2021-09-13,658600,5150
MTL-101953,Ahuntsic-Cartierville,Triplex,3,1.8,3594,4234.0,1988.0,2.0,0,0,Fair,1993.0,6.1,11.2,10.4,50,2021-02-08,551500,4240
MTL-100344,Griffintown,Semi-Detached,5,4.2,2374,6189.0,1965.0,,1,0,Good,2002.0,6.7,14.2,1.8,17,2022-03-03,1078000,7810
MTL-102370,NDG (Notre-Dame-de-Grâce),Detached,4,2.6,2582,6264.0,1999.0,1.0,0,0,Fair,,8.1,14.2,5.9,48,2022-03-22,774900,6040
MTL-101717,NDG (Notre-Dame-de-Grâce),Detached,3,2.6,2125,3256.0,1961.0,0.0,0,0,Good,,7.7,7.8,9.8,41,2022-07-02,570700,5420
MTL-100032,Outremont,Condo,2,1.3,1124,0.0,1940.0,0.0,1,0,Fair,,8.6,8.7,5.9,32,2021-07-09,558100,5350
MTL-100372,Outremont,Townhouse,3,2.6,1779,5853.0,2011.0,0.0,1,0,Good,,8.3,5.7,5.0,11,2021-03-30,928400,9710
MTL-100657,Griffintown,Condo,3,2.1,2067,0.0,1978.0,2.0,1,1,,,5.6,18.2,2.1,70,2023-04-26,931300,8460
MTL-102220,NDG (Notre-Dame-de-Grâce),Detached,5,4.1,3701,10294.0,1951.0,1.0,1,0,Fair,,7.1,11.7,10.0,44,2021-02-19,831200,8020
MTL-101086,Rosemont-La Petite-Patrie,Detached,4,3.4,2482,9089.0,1943.0,0.0,0,0,Good,,6.2,11.7,6.9,44,2023-01-20,626500,6320
MTL-102447,Le Plateau-Mont-Royal,Duplex,4,2.6,3647,12639.0,2007.0,0.0,1,1,Fair,,8.4,17.2,4.7,27,2023-03-12,953000,8050
MTL-102248,Rosemont-La Petite-Patrie,Detached,3,,1945,6679.0,1953.0,1.0,0,0,Poor,2002.0,6.9,19.9,5.9,11,2023-10-25,405300,3960
MTL-101316,Rosemont-La Petite-Patrie,Detached,4,3.0,3086,9777.0,1942.0,1.0,1,0,Fair,,7.3,13.8,5.0,24,2023-11-03,717600,6120
MTL-100860,Ahuntsic-Cartierville,Triplex,4,3.3,4310,5043.0,1991.0,0.0,1,0,Good,,8.0,13.4,9.7,25,2023-08-30,741900,7590
MTL-101607,Laval,Condo,2,1.7,1412,0.0,1929.0,1.0,1,0,Good,,7.8,5.8,12.4,82,2022-11-28,368500,3190
MTL-100044,Ville-Marie (Downtown),Condo,2,1.2,1311,0.0,1938.0,1.0,0,0,Fair,,5.1,30.7,2.8,56,2021-08-02,525400,4760
MTL-101534,Griffintown,Condo,1,1.0,1473,0.0,1965.0,0.0,1,0,Good,1994.0,5.3,13.5,3.2,20,2023-08-20,659600,5230
MTL-102482,Longueuil,Duplex,4,2.6,2905,7037.0,1995.0,0.0,1,0,Fair,,5.3,13.1,13.5,37,2021-02-17,414200,3050
MTL-100489,Longueuil,Triplex,6,5.1,3998,13698.0,1956.0,2.0,1,0,Good,,6.9,11.7,10.2,29,2021-08-27,541500,3820
MTL-100503,Laval,Duplex,4,3.5,3145,7809.0,1980.0,,0,0,Fair,,7.1,6.9,14.0,32,2022-11-25,554800,5920
MTL-102260,Ahuntsic-Cartierville,Detached,3,2.6,2022,6931.0,1954.0,0.0,0,1,Excellent,2011.0,7.0,12.1,12.0,24,2022-05-10,520300,5510
MTL-100133,Ville-Marie (Downtown),Condo,1,1.0,1231,0.0,1936.0,2.0,1,0,Fair,,7.4,26.0,0.9,45,2021-11-01,514900,4850
MTL-102108,Ville-Marie (Downtown),Townhouse,5,3.1,2078,6304.0,1977.0,2.0,0,1,Good,,6.1,34.1,1.2,32,2023-05-08,868800,8760
MTL-100690,Ville-Marie (Downtown),Condo,1,1.0,1445,,1963.0,0.0,1,0,Fair,,7.1,25.2,2.0,48,2023-08-24,657700,4790
MTL-102074,Laval,Duplex,4,2.7,3684,10430.0,1923.0,2.0,1,0,Fair,1998.0,8.2,10.3,19.8,29,2022-06-08,515000,4840
MTL-102148,Verdun,Townhouse,3,2.3,2096,7830.0,1993.0,0.0,1,0,Good,,8.1,8.2,6.4,45,2023-08-20,788900,8160
MTL-100974,Westmount,Triplex,4,3.4,4148,13036.0,2004.0,0.0,1,0,Good,2012.0,9.4,7.8,2.2,75,2022-03-16,1448300,11740
MTL-102368,Griffintown,Semi-Detached,3,2.6,2152,2497.0,,2.0,0,0,Fair,,7.4,25.0,3.8,31,2021-04-23,745700,6010
MTL-100776,Le Plateau-Mont-Royal,Triplex,5,3.6,4266,5611.0,1962.0,1.0,1,0,Fair,2012.0,7.9,21.0,2.9,38,2023-02-02,887500,8650
MTL-100788,Verdun,Townhouse,5,2.9,3001,9477.0,1934.0,,1,0,Good,1941.0,6.2,8.8,4.2,19,2021-03-10,817800,5840
MTL-100363,Rosemont-La Petite-Patrie,Semi-Detached,4,3.1,2372,8303.0,2003.0,0.0,0,0,Excellent,,6.8,13.5,7.0,55,2023-11-15,730300,5250
MTL-102357,Outremont,Townhouse,5,3.7,2266,6493.0,1941.0,0.0,0,0,,,8.0,6.5,2.1,10,2021-11-26,705700,6830
MTL-100795,Laval,Condo,2,1.7,1469,0.0,1946.0,2.0,1,0,Fair,,7.8,9.5,16.4,25,2023-09-25,367500,3340
MTL-101936,Ville-Marie (Downtown),Detached,3,2.4,2827,,2003.0,,0,0,Good,,,32.0,0.1,8,2023-02-24,947800,7180
MTL-101628,Outremont,Condo,2,,1236,0.0,1962.0,2.0,0,0,Good,,8.9,7.0,4.7,17,2021-09-20,709200,7520
MTL-101276,Ville-Marie (Downtown),Triplex,4,3.6,4402,7160.0,2022.0,1.0,1,0,Good,,6.5,25.9,1.7,32,2022-02-16,1169200,9870
MTL-100939,Rosemont-La Petite-Patrie,Townhouse,3,,2139,2535.0,,0.0,0,0,Good,,8.8,16.7,5.4,46,2023-04-01,607800,4570
MTL-101505,Griffintown,Condo,3,2.0,1957,0.0,1996.0,0.0,1,0,Good,2014.0,6.6,24.3,2.7,31,2023-09-22,1147300,11730
MTL-100647,NDG (Notre-Dame-de-Grâce),Duplex,5,4.4,3777,4910.0,1978.0,1.0,1,0,Excellent,,8.1,15.6,6.9,29,2022-05-23,1045200,11150
MTL-101003,Ahuntsic-Cartierville,Condo,2,1.8,1231,0.0,1939.0,1.0,1,0,Poor,1987.0,6.8,10.9,9.6,51,2022-06-07,329600,3070
MTL-102110,Le Plateau-Mont-Royal,Condo,2,1.6,1475,0.0,1999.0,,1,0,Good,,6.8,19.4,4.8,9,2023-06-10,755900,6240
MTL-101172,NDG (Notre-Dame-de-Grâce),Duplex,3,2.2,2488,4561.0,1979.0,0.0,0,0,Excellent,,7.6,14.9,5.8,31,2021-01-12,596700,4210
MTL-100483,NDG (Notre-Dame-de-Grâce),Triplex,5,3.1,4597,13593.0,1941.0,1.0,0,0,Excellent,,9.0,,7.5,24,2021-08-24,922200,8030
MTL-101810,NDG (Notre-Dame-de-Grâce),Condo,2,1.3,844,0.0,2000.0,1.0,1,0,Good,,8.4,12.4,9.5,20,2021-01-16,355100,2720
MTL-100052,Longueuil,Triplex,3,2.3,3713,12379.0,2004.0,1.0,0,0,Excellent,2005.0,7.8,7.3,15.6,32,2021-09-22,677300,5310
MTL-100242,Longueuil,Condo,2,1.6,717,0.0,1955.0,1.0,1,0,Good,1976.0,7.5,9.4,16.5,50,2021-05-25,211700,2190
MTL-102083,Longueuil,Duplex,4,2.4,3278,7730.0,2011.0,3.0,1,0,Fair,2023.0,5.9,9.3,15.0,36,2021-10-07,621500,6140
MTL-101985,Outremont,Duplex,4,3.1,2849,4356.0,1969.0,1.0,1,0,Good,1980.0,8.9,9.4,2.4,55,2021-01-07,849800,7290
MTL-101202,Westmount,Condo,3,2.0,1614,0.0,1950.0,2.0,1,0,Poor,2013.0,9.4,8.6,3.3,36,2022-09-08,765900,7670
MTL-100738,Verdun,Semi-Detached,2,1.5,2162,7779.0,1977.0,0.0,1,0,Good,,7.9,8.5,5.9,32,2021-05-12,625000,5020
MTL-102168,NDG (Notre-Dame-de-Grâce),Duplex,4,3.2,3269,5605.0,1923.0,2.0,1,0,Good,,8.5,13.6,7.3,24,2022-06-10,669600,5390
MTL-101299,NDG (Notre-Dame-de-Grâce),Semi-Detached,3,2.2,2053,3438.0,1978.0,1.0,0,0,Good,,7.1,15.9,7.4,62,2023-03-04,541300,4340
MTL-101019,Westmount,Condo,1,1.0,1244,0.0,1947.0,,1,0,Good,,8.6,6.3,4.7,10,2023-10-24,772500,5570
MTL-102092,Le Plateau-Mont-Royal,Semi-Detached,4,3.2,2611,5425.0,1989.0,0.0,1,0,Good,,6.7,16.6,2.9,32,2021-08-16,1019500,7550
MTL-100836,Longueuil,Townhouse,5,4.4,2416,8817.0,1923.0,0.0,1,0,Fair,1985.0,5.1,9.1,19.3,23,2021-02-23,422400,4210
MTL-102124,Saint-Laurent,Townhouse,3,2.1,2194,6286.0,1971.0,0.0,0,0,Fair,,7.8,11.9,11.3,18,2021-01-06,513500,4830
MTL-101744,Griffintown,Detached,3,2.2,2430,6029.0,1953.0,2.0,0,0,Fair,,5.7,18.8,2.1,30,2022-05-01,851900,7090
MTL-100368,Le Plateau-Mont-Royal,Condo,2,1.4,939,0.0,1967.0,2.0,1,0,Fair,,7.2,21.4,2.6,36,2022-04-05,448900,4520
MTL-100267,NDG (Notre-Dame-de-Grâce),Condo,2,1.4,1411,,1932.0,0.0,1,0,Good,,7.5,6.5,9.4,43,2023-12-29,425600,3470
MTL-100728,Le Plateau-Mont-Royal,Condo,1,,1187,0.0,1973.0,2.0,0,0,Excellent,2011.0,7.5,21.8,3.5,76,2022-03-18,577100,4370
MTL-101519,Longueuil,Condo,1,1.0,900,0.0,1989.0,2.0,1,0,Good,2007.0,6.8,12.0,19.3,51,2021-08-17,277600,2740
MTL-101033,Le Plateau-Mont-Royal,Condo,1,1.0,664,0.0,1952.0,1.0,1,0,Good,1953.0,8.6,19.4,3.5,27,2022-12-17,287400,2590
MTL-101712,Ahuntsic-Cartierville,Semi-Detached,4,2.3,2240,3025.0,1974.0,2.0,1,0,Good,1993.0,8.7,10.4,11.3,33,2022-03-07,561500,4770
MTL-102333,NDG (Notre-Dame-de-Grâce),Condo,2,1.8,826,0.0,1948.0,2.0,1,0,,2014.0,8.3,6.5,9.1,28,2021-04-17,315500,2400
MTL-100295,Rosemont-La Petite-Patrie,Semi-Detached,2,1.1,2319,2718.0,1970.0,0.0,0,0,Excellent,,7.5,8.7,8.7,33,2021-12-16,726600,6070
MTL-101848,Longueuil,Triplex,4,3.1,3781,9135.0,2007.0,2.0,0,0,Poor,,5.9,5.3,11.8,36,2022-07-07,441700,4340
MTL-100625,Griffintown,Semi-Detached,4,2.2,2062,2976.0,1961.0,2.0,0,0,Fair,,,19.1,3.1,21,2022-09-30,728300,7120
MTL-100277,NDG (Notre-Dame-de-Grâce),Condo,1,1.0,1469,0.0,1997.0,2.0,1,0,Fair,2003.0,8.4,7.4,8.7,35,2023-10-02,599300,5780
MTL-100497,Outremont,Condo,3,,1433,0.0,2005.0,0.0,0,0,Good,,8.9,7.2,5.9,58,2023-09-04,977900,8200
MTL-100484,Rosemont-La Petite-Patrie,Semi-Detached,4,2.8,2439,5786.0,1925.0,1.0,1,0,Excellent,,8.5,11.7,6.6,50,2022-08-29,666700,6190
MTL-101520,Outremont,Detached,3,1.9,2593,9814.0,1999.0,1.0,1,0,,,9.6,4.1,2.1,111,2021-02-23,1141900,9950
MTL-100182,Longueuil,Condo,1,1.0,810,0.0,2000.0,0.0,1,0,Good,2022.0,7.9,11.1,15.0,55,2023-02-02,262800,1960
MTL-100970,NDG (Notre-Dame-de-Grâce),Condo,2,1.3,1518,0.0,1997.0,3.0,1,0,Good,,7.4,6.7,9.6,23,2023-11-02,729500,5950
MTL-101851,Laval,Semi-Detached,5,3.4,2645,9676.0,1940.0,1.0,1,0,Poor,,7.6,4.5,17.7,24,2023-04-29,578300,6060
MTL-102224,Westmount,Condo,3,,1290,0.0,1971.0,2.0,1,0,Good,,9.2,4.1,4.2,29,2023-06-15,778400,7980
MTL-100684,Longueuil,Semi-Detached,2,1.3,1914,5845.0,1978.0,,1,0,Poor,1987.0,7.0,11.8,13.4,14,2023-01-13,387600,4050
MTL-101768,Griffintown,Triplex,6,3.6,4104,,1960.0,0.0,1,0,Good,,7.5,17.4,1.8,39,2022-10-02,923800,9460
MTL-102486,Verdun,Duplex,4,2.7,2806,7209.0,1969.0,1.0,1,0,Good,2006.0,8.2,13.2,5.7,35,2023-12-20,689400,6580
MTL-102084,Rosemont-La Petite-Patrie,Duplex,5,4.4,3018,8507.0,1941.0,3.0,0,0,Good,,6.8,8.2,6.3,18,2022-01-22,636000,5850
MTL-101180,Saint-Laurent,Duplex,4,2.2,3165,11617.0,1936.0,2.0,0,0,Fair,,6.8,5.0,14.0,76,2023-11-10,553300,6080
MTL-102050,Verdun,Townhouse,5,3.0,2627,4214.0,1984.0,2.0,1,0,Good,,8.1,8.7,7.3,31,2023-07-17,879400,8590
MTL-100754,Le Plateau-Mont-Royal,Condo,3,2.1,1629,0.0,1986.0,2.0,0,0,Good,,8.2,16.8,3.3,25,2023-10-21,888300,7680
MTL-100508,Longueuil,Duplex,4,3.2,2999,5654.0,1966.0,0.0,1,0,Good,2002.0,6.8,10.6,19.5,63,2022-11-26,412100,3870
MTL-102356,Longueuil,Condo,3,1.7,1599,0.0,2003.0,2.0,1,1,Excellent,2003.0,6.6,6.9,16.1,35,2022-03-10,554400,4670
MTL-101981,Laval,Detached,3,2.0,2422,6124.0,1930.0,2.0,1,0,Good,1995.0,6.2,11.2,17.5,20,2021-12-21,494700,4150
MTL-101438,Le Plateau-Mont-Royal,Condo,1,1.0,990,0.0,1922.0,1.0,0,0,Good,,8.5,16.6,2.0,14,2022-06-06,398300,4300
MTL-101445,Le Plateau-Mont-Royal,Condo,2,1.7,1128,0.0,1965.0,2.0,1,0,Good,,8.1,15.4,2.7,16,2022-10-10,534600,5460
MTL-100141,Ville-Marie (Downtown),Condo,1,1.0,921,0.0,1989.0,0.0,1,0,Excellent,,7.2,27.4,0.7,11,2022-09-19,514800,5280
MTL-100864,Griffintown,Townhouse,4,2.9,2129,3432.0,1982.0,2.0,0,0,Good,,6.0,12.6,1.4,37,2021-02-23,929200,7400
MTL-102231,Westmount,Condo,2,1.6,848,0.0,2008.0,2.0,0,0,Good,,8.2,3.3,3.7,18,2022-05-14,581500,5600
MTL-102322,Rosemont-La Petite-Patrie,Detached,3,2.4,1840,3834.0,1938.0,0.0,1,0,Good,,7.3,16.3,6.8,44,2023-11-23,484300,4280
MTL-101010,Le Plateau-Mont-Royal,Condo,3,1.8,1098,0.0,1977.0,2.0,0,0,,2019.0,7.9,15.6,4.7,35,2023-12-03,513200,4380
MTL-100848,Verdun,Condo,1,1.0,400,0.0,1934.0,1.0,1,0,Good,,6.5,16.3,5.1,43,2022-04-02,144400,1500
MTL-101994,Ahuntsic-Cartierville,Duplex,6,,3556,13047.0,1990.0,2.0,1,0,Good,,8.1,14.2,8.4,9,2021-09-25,874700,9370
MTL-100887,Le Plateau-Mont-Royal,Semi-Detached,5,3.3,2504,4948.0,1921.0,2.0,1,0,Good,,8.7,15.7,3.2,13,2021-10-26,852700,7210
MTL-100117,Le Plateau-Mont-Royal,Condo,2,1.6,943,,1935.0,,0,0,Fair,1974.0,8.9,16.1,3.7,27,2022-09-06,399700,3140
MTL-102161,NDG (Notre-Dame-de-Grâce),Semi-Detached,3,1.9,2276,4922.0,1923.0,0.0,0,0,Fair,,7.3,14.3,7.9,32,2022-05-11,495900,4900
MTL-100545,Griffintown,Duplex,3,1.8,2727,10025.0,1980.0,2.0,0,0,Excellent,1984.0,6.6,15.2,3.8,11,2022-01-06,881900,7130
MTL-101789,Verdun,Triplex,4,2.5,4093,11164.0,2000.0,1.0,0,0,Good,,8.9,9.3,4.9,36,2023-09-21,945100,9790
MTL-102213,Saint-Laurent,Duplex,4,2.5,3228,10598.0,2016.0,2.0,0,0,Good,,7.6,12.0,10.2,48,2022-04-26,765100,6930
MTL-101976,Ville-Marie (Downtown),Detached,4,3.6,3306,5845.0,1972.0,1.0,0,0,Good,1974.0,6.9,19.7,1.4,34,2022-02-26,1121600,11220
MTL-102232,Longueuil,Duplex,3,2.1,2726,9497.0,1959.0,1.0,1,0,Good,2021.0,6.6,8.7,19.4,35,2022-02-05,425300,3030
MTL-101983,Verdun,Semi-Detached,4,3.3,2543,6183.0,1964.0,1.0,0,1,Excellent,2017.0,7.3,9.2,7.5,16,2023-07-17,913300,7790
MTL-101396,Verdun,Condo,2,1.3,936,0.0,2022.0,1.0,0,0,Excellent,,6.0,13.5,6.0,54,2022-10-16,474100,4370
MTL-100274,Verdun,Semi-Detached,3,2.0,2049,,,1.0,1,0,Fair,2021.0,,16.1,8.9,24,2021-04-01,556100,5670
MTL-100704,Outremont,Duplex,6,4.7,3796,,1955.0,0.0,1,0,Fair,,9.7,6.7,4.6,21,2022-10-16,1060600,8070
MTL-101024,Longueuil,Condo,1,1.0,622,0.0,2013.0,0.0,0,1,Fair,,7.6,9.8,18.0,37,2022-12-18,185800,1810
MTL-101590,NDG (Notre-Dame-de-Grâce),Duplex,4,,3266,11171.0,1923.0,2.0,1,0,Fair,,8.5,6.0,5.9,39,2021-12-13,638700,5410
MTL-101564,Laval,Triplex,3,2.2,3971,,1941.0,0.0,1,0,Good,,6.4,4.4,13.6,46,2022-05-17,480000,4470
MTL-101742,Ahuntsic-Cartierville,Duplex,4,3.2,3284,11778.0,1942.0,1.0,0,0,Fair,,7.6,12.6,10.8,74,2021-12-30,555000,4910
MTL-100383,Laval,Condo,1,1.0,400,0.0,,1.0,1,0,Excellent,2022.0,6.5,4.4,15.9,39,2021-08-18,142300,1220
MTL-101429,Laval,Condo,2,1.8,1374,0.0,1979.0,2.0,0,0,Good,,6.3,5.9,20.5,27,2022-12-07,405500,3360
MTL-101829,Ville-Marie (Downtown),Triplex,4,3.3,4124,6798.0,1977.0,2.0,1,0,Excellent,,5.3,34.2,2.9,37,2021-05-01,1014200,10610
MTL-100176,NDG (Notre-Dame-de-Grâce),Detached,5,4.1,2873,3436.0,1947.0,1.0,1,0,Good,,7.4,6.7,8.2,56,2022-08-26,696100,6380
MTL-101359,Rosemont-La Petite-Patrie,Triplex,5,3.8,4119,8168.0,1998.0,,1,0,Good,,,11.5,4.9,29,2023-12-10,931400,8640
MTL-102427,Saint-Laurent,Condo,1,1.0,1139,0.0,1970.0,1.0,1,0,Poor,,7.7,12.1,9.6,15,2023-08-05,333700,3090
MTL-100830,Le Plateau-Mont-Royal,Duplex,6,4.9,3455,11553.0,1962.0,2.0,0,0,Good,,6.6,15.1,4.7,14,2022-10-21,972600,7130
MTL-101642,Rosemont-La Petite-Patrie,Condo,2,1.8,1430,0.0,1995.0,1.0,1,0,Good,,7.6,11.4,6.8,41,2023-10-04,624400,5850
MTL-102461,Longueuil,Condo,2,1.5,946,0.0,2014.0,2.0,1,1,Good,,6.2,9.6,13.1,72,2023-03-31,315400,3430
MTL-101633,Laval,Duplex,4,2.6,3008,5251.0,1980.0,,0,0,,2016.0,6.7,10.9,15.6,71,2022-05-15,483300,4060
MTL-100622,Griffintown,Condo,3,1.8,1221,0.0,1952.0,0.0,1,0,Fair,2015.0,5.1,23.6,2.9,38,2021-11-08,516600,4190
MTL-100858,Rosemont-La Petite-Patrie,Triplex,3,1.7,3852,9686.0,1976.0,1.0,1,0,Fair,,7.4,11.8,8.8,22,2021-06-16,764300,7950
MTL-100641,Ville-Marie (Downtown),Townhouse,4,3.2,1714,3029.0,,2.0,1,0,Fair,,6.4,33.9,2.7,53,2023-12-25,497700,4170
MTL-102306,Outremont,Condo,3,2.4,1865,0.0,1979.0,3.0,1,0,Excellent,,9.0,8.9,2.7,27,2022-04-24,1381100,9970
MTL-100834,Verdun,Townhouse,4,3.3,1647,2992.0,2010.0,1.0,1,0,Good,,7.7,10.6,4.6,41,2021-08-18,557400,5040
MTL-101498,Griffintown,Semi-Detached,3,1.8,2029,4451.0,,2.0,0,0,Fair,2003.0,7.3,19.7,2.2,58,2021-07-29,673400,6950
MTL-100337,NDG (Notre-Dame-de-Grâce),Condo,2,1.6,864,0.0,2010.0,2.0,1,1,Excellent,,8.0,11.6,7.5,50,2023-09-13,465900,5100
MTL-102446,Ville-Marie (Downtown),Duplex,4,2.7,3484,9558.0,1968.0,1.0,1,0,Excellent,,5.5,23.9,2.4,64,2022-05-07,1038600,10490
MTL-101447,Laval,Semi-Detached,3,2.6,2439,4504.0,1925.0,2.0,0,0,Good,1933.0,8.9,6.7,20.9,48,2022-05-20,512600,4140
MTL-101964,Rosemont-La Petite-Patrie,Duplex,4,3.3,3236,9666.0,,2.0,0,0,Poor,,6.1,13.6,8.9,41,2023-05-10,577600,5990
MTL-101684,Le Plateau-Mont-Royal,Condo,2,1.6,1547,0.0,1987.0,,1,0,Poor,1989.0,6.3,16.8,3.7,41,2023-04-07,626100,6060
MTL-101143,Rosemont-La Petite-Patrie,Detached,5,3.2,2315,6186.0,1931.0,2.0,1,0,Fair,,8.3,15.8,6.9,52,2023-10-10,567600,4690
MTL-101705,Outremont,Detached,4,2.3,3187,11161.0,1941.0,2.0,0,0,Good,,8.3,9.2,4.1,62,2021-04-20,1218700,11600
MTL-101738,Griffintown,Duplex,3,2.2,2804,8656.0,1993.0,2.0,1,1,Good,,5.9,23.6,2.8,42,2021-04-26,962800,7920
MTL-100789,Longueuil,Condo,1,1.0,1027,0.0,2009.0,1.0,0,0,Fair,,6.5,10.3,18.7,51,2021-05-24,267000,1900
MTL-102304,Longueuil,Triplex,3,,3799,11587.0,1971.0,2.0,1,0,Excellent,2018.0,7.9,8.0,17.3,22,2022-11-21,616900,4620
MTL-100968,Rosemont-La Petite-Patrie,Triplex,6,3.9,4414,,,0.0,1,0,Good,,8.4,13.5,6.0,17,2022-12-31,779700,7030
MTL-101667,Longueuil,Condo,2,,1345,0.0,1995.0,0.0,1,0,Poor,,7.5,8.8,17.6,38,2022-05-07,319000,2650
MTL-101688,Rosemont-La Petite-Patrie,Duplex,4,3.5,2541,3646.0,1999.0,0.0,1,0,Good,2011.0,6.4,12.0,6.1,29,2022-07-31,601900,5460
MTL-101898,Griffintown,Condo,1,1.0,943,0.0,1968.0,2.0,1,0,Fair,2009.0,7.9,17.4,1.3,32,2022-10-25,438500,4500
